pol_warmest,regret_warmest,pol_elastic,regret_elastic,model,shape,N,k,remaining,standby,fence_s,q1_s,q2_s,q1_extrapolated,T_degrade,T_restore_sp2,T_restart,best,second,G,regret_degrade,regret_restore_sp2,regret_restart
degrade,0.018,restore_sp2,0.0,Wan2.2-TI2V-5B-Diffusers,512x512,9,1,8,none,0.1,0.206,0.12,True,39.02,38.34,38.95,restore_sp2,restart,1.016,0.018,0.0,0.016
degrade,0.015,restore_sp2,0.0,Wan2.2-TI2V-5B-Diffusers,512x512,9,1,8,none,8.0,0.206,0.12,True,46.92,46.24,46.85,restore_sp2,restart,1.013,0.015,0.0,0.013
degrade,0.0,degrade,0.0,Wan2.2-TI2V-5B-Diffusers,512x512,9,1,8,sp1,0.1,0.206,0.12,True,2.02,38.34,38.95,degrade,restore_sp2,18.95,0.0,17.95,18.252
degrade,0.0,degrade,0.0,Wan2.2-TI2V-5B-Diffusers,512x512,9,1,8,sp1,8.0,0.206,0.12,True,9.92,46.24,46.85,degrade,restore_sp2,4.66,0.0,3.66,3.721
restore_sp2,0.0,restore_sp2,0.0,Wan2.2-TI2V-5B-Diffusers,512x512,9,1,8,sp1+sp2,0.1,0.206,0.12,True,2.02,1.34,1.95,restore_sp2,restart,1.456,0.512,0.0,0.456
restore_sp2,0.0,restore_sp2,0.0,Wan2.2-TI2V-5B-Diffusers,512x512,9,1,8,sp1+sp2,8.0,0.206,0.12,True,9.92,9.24,9.85,restore_sp2,restart,1.066,0.074,0.0,0.066
degrade,0.016,restore_sp2,0.0,Wan2.2-TI2V-5B-Diffusers,512x512,9,2,7,none,0.1,0.206,0.12,True,38.82,38.22,38.95,restore_sp2,degrade,1.016,0.016,0.0,0.019
degrade,0.013,restore_sp2,0.0,Wan2.2-TI2V-5B-Diffusers,512x512,9,2,7,none,8.0,0.206,0.12,True,46.72,46.12,46.85,restore_sp2,degrade,1.013,0.013,0.0,0.016
degrade,0.0,degrade,0.0,Wan2.2-TI2V-5B-Diffusers,512x512,9,2,7,sp1,0.1,0.206,0.12,True,1.82,38.22,38.95,degrade,restore_sp2,21.032,0.0,20.032,20.433
degrade,0.0,degrade,0.0,Wan2.2-TI2V-5B-Diffusers,512x512,9,2,7,sp1,8.0,0.206,0.12,True,9.72,46.12,46.85,degrade,restore_sp2,4.746,0.0,3.746,3.821
restore_sp2,0.0,restore_sp2,0.0,Wan2.2-TI2V-5B-Diffusers,512x512,9,2,7,sp1+sp2,0.1,0.206,0.12,True,1.82,1.22,1.95,restore_sp2,degrade,1.492,0.492,0.0,0.6
restore_sp2,0.0,restore_sp2,0.0,Wan2.2-TI2V-5B-Diffusers,512x512,9,2,7,sp1+sp2,8.0,0.206,0.12,True,9.72,9.12,9.85,restore_sp2,degrade,1.066,0.066,0.0,0.08
degrade,0.011,restore_sp2,0.0,Wan2.2-TI2V-5B-Diffusers,512x512,9,4,5,none,0.1,0.206,0.12,True,38.41,37.98,38.95,restore_sp2,degrade,1.011,0.011,0.0,0.026
degrade,0.009,restore_sp2,0.0,Wan2.2-TI2V-5B-Diffusers,512x512,9,4,5,none,8.0,0.206,0.12,True,46.31,45.88,46.85,restore_sp2,degrade,1.009,0.009,0.0,0.021
degrade,0.0,degrade,0.0,Wan2.2-TI2V-5B-Diffusers,512x512,9,4,5,sp1,0.1,0.206,0.12,True,1.41,37.98,38.95,degrade,restore_sp2,27.025,0.0,26.025,26.715
degrade,0.0,degrade,0.0,Wan2.2-TI2V-5B-Diffusers,512x512,9,4,5,sp1,8.0,0.206,0.12,True,9.31,45.88,46.85,degrade,restore_sp2,4.93,0.0,3.93,4.035
restore_sp2,0.0,restore_sp2,0.0,Wan2.2-TI2V-5B-Diffusers,512x512,9,4,5,sp1+sp2,0.1,0.206,0.12,True,1.41,0.98,1.95,restore_sp2,degrade,1.438,0.438,0.0,0.994
restore_sp2,0.0,restore_sp2,0.0,Wan2.2-TI2V-5B-Diffusers,512x512,9,4,5,sp1+sp2,8.0,0.206,0.12,True,9.31,8.88,9.85,restore_sp2,degrade,1.048,0.048,0.0,0.109
degrade,0.005,restore_sp2,0.0,Wan2.2-TI2V-5B-Diffusers,512x512,9,7,2,none,0.1,0.206,0.12,True,37.79,37.62,38.95,restore_sp2,degrade,1.005,0.005,0.0,0.035
degrade,0.004,restore_sp2,0.0,Wan2.2-TI2V-5B-Diffusers,512x512,9,7,2,none,8.0,0.206,0.12,True,45.69,45.52,46.85,restore_sp2,degrade,1.004,0.004,0.0,0.029
degrade,0.0,degrade,0.0,Wan2.2-TI2V-5B-Diffusers,512x512,9,7,2,sp1,0.1,0.206,0.12,True,0.79,37.62,38.95,degrade,restore_sp2,47.768,0.0,46.768,48.459
degrade,0.0,degrade,0.0,Wan2.2-TI2V-5B-Diffusers,512x512,9,7,2,sp1,8.0,0.206,0.12,True,8.69,45.52,46.85,degrade,restore_sp2,5.239,0.0,4.239,4.393
restore_sp2,0.0,restore_sp2,0.0,Wan2.2-TI2V-5B-Diffusers,512x512,9,7,2,sp1+sp2,0.1,0.206,0.12,True,0.79,0.62,1.95,restore_sp2,degrade,1.278,0.278,0.0,2.161
restore_sp2,0.0,restore_sp2,0.0,Wan2.2-TI2V-5B-Diffusers,512x512,9,7,2,sp1+sp2,8.0,0.206,0.12,True,8.69,8.52,9.85,restore_sp2,degrade,1.02,0.02,0.0,0.156
degrade,0.002,restore_sp2,0.0,Wan2.2-TI2V-5B-Diffusers,512x512,9,8,1,none,0.1,0.206,0.12,True,37.58,37.5,38.95,restore_sp2,degrade,1.002,0.002,0.0,0.039
degrade,0.002,restore_sp2,0.0,Wan2.2-TI2V-5B-Diffusers,512x512,9,8,1,none,8.0,0.206,0.12,True,45.48,45.4,46.85,restore_sp2,degrade,1.002,0.002,0.0,0.032
degrade,0.0,degrade,0.0,Wan2.2-TI2V-5B-Diffusers,512x512,9,8,1,sp1,0.1,0.206,0.12,True,0.58,37.5,38.95,degrade,restore_sp2,64.477,0.0,63.477,65.974
degrade,0.0,degrade,0.0,Wan2.2-TI2V-5B-Diffusers,512x512,9,8,1,sp1,8.0,0.206,0.12,True,8.48,45.4,46.85,degrade,restore_sp2,5.352,0.0,4.352,4.524
restore_sp2,0.0,restore_sp2,0.0,Wan2.2-TI2V-5B-Diffusers,512x512,9,8,1,sp1+sp2,0.1,0.206,0.12,True,0.58,0.5,1.95,restore_sp2,degrade,1.173,0.173,0.0,2.928
restore_sp2,0.0,restore_sp2,0.0,Wan2.2-TI2V-5B-Diffusers,512x512,9,8,1,sp1+sp2,8.0,0.206,0.12,True,8.48,8.4,9.85,restore_sp2,degrade,1.01,0.01,0.0,0.173
degrade,0.039,restore_sp2,0.0,Wan2.2-TI2V-5B-Diffusers,512x512,20,2,18,none,0.1,0.206,0.12,True,41.08,39.54,40.27,restore_sp2,restart,1.018,0.039,0.0,0.018
degrade,0.032,restore_sp2,0.0,Wan2.2-TI2V-5B-Diffusers,512x512,20,2,18,none,8.0,0.206,0.12,True,48.98,47.44,48.17,restore_sp2,restart,1.015,0.032,0.0,0.015
degrade,0.0,degrade,0.0,Wan2.2-TI2V-5B-Diffusers,512x512,20,2,18,sp1,0.1,0.206,0.12,True,4.08,39.54,40.27,degrade,restore_sp2,9.686,0.0,8.686,8.864
degrade,0.0,degrade,0.0,Wan2.2-TI2V-5B-Diffusers,512x512,20,2,18,sp1,8.0,0.206,0.12,True,11.98,47.44,48.17,degrade,restore_sp2,3.959,0.0,2.959,3.02
restore_sp2,0.0,restore_sp2,0.0,Wan2.2-TI2V-5B-Diffusers,512x512,20,2,18,sp1+sp2,0.1,0.206,0.12,True,4.08,2.54,3.27,restore_sp2,restart,1.287,0.607,0.0,0.287
restore_sp2,0.0,restore_sp2,0.0,Wan2.2-TI2V-5B-Diffusers,512x512,20,2,18,sp1+sp2,8.0,0.206,0.12,True,11.98,10.44,11.17,restore_sp2,restart,1.07,0.148,0.0,0.07
degrade,0.033,restore_sp2,0.0,Wan2.2-TI2V-5B-Diffusers,512x512,20,5,15,none,0.1,0.206,0.12,True,40.46,39.18,40.27,restore_sp2,restart,1.028,0.033,0.0,0.028
degrade,0.027,restore_sp2,0.0,Wan2.2-TI2V-5B-Diffusers,512x512,20,5,15,none,8.0,0.206,0.12,True,48.36,47.08,48.17,restore_sp2,restart,1.023,0.027,0.0,0.023
degrade,0.0,degrade,0.0,Wan2.2-TI2V-5B-Diffusers,512x512,20,5,15,sp1,0.1,0.206,0.12,True,3.46,39.18,40.27,degrade,restore_sp2,11.309,0.0,10.309,10.623
degrade,0.0,degrade,0.0,Wan2.2-TI2V-5B-Diffusers,512x512,20,5,15,sp1,8.0,0.206,0.12,True,11.36,47.08,48.17,degrade,restore_sp2,4.143,0.0,3.143,3.239
restore_sp2,0.0,restore_sp2,0.0,Wan2.2-TI2V-5B-Diffusers,512x512,20,5,15,sp1+sp2,0.1,0.206,0.12,True,3.46,2.18,3.27,restore_sp2,restart,1.5,0.589,0.0,0.5
restore_sp2,0.0,restore_sp2,0.0,Wan2.2-TI2V-5B-Diffusers,512x512,20,5,15,sp1+sp2,8.0,0.206,0.12,True,11.36,10.08,11.17,restore_sp2,restart,1.108,0.127,0.0,0.108
degrade,0.022,restore_sp2,0.0,Wan2.2-TI2V-5B-Diffusers,512x512,20,10,10,none,0.1,0.206,0.12,True,39.43,38.58,40.27,restore_sp2,degrade,1.022,0.022,0.0,0.044
degrade,0.018,restore_sp2,0.0,Wan2.2-TI2V-5B-Diffusers,512x512,20,10,10,none,8.0,0.206,0.12,True,47.33,46.48,48.17,restore_sp2,degrade,1.018,0.018,0.0,0.036
degrade,0.0,degrade,0.0,Wan2.2-TI2V-5B-Diffusers,512x512,20,10,10,sp1,0.1,0.206,0.12,True,2.43,38.58,40.27,degrade,restore_sp2,15.844,0.0,14.844,15.539
degrade,0.0,degrade,0.0,Wan2.2-TI2V-5B-Diffusers,512x512,20,10,10,sp1,8.0,0.206,0.12,True,10.33,46.48,48.17,degrade,restore_sp2,4.497,0.0,3.497,3.661
restore_sp2,0.0,restore_sp2,0.0,Wan2.2-TI2V-5B-Diffusers,512x512,20,10,10,sp1+sp2,0.1,0.206,0.12,True,2.43,1.58,3.27,restore_sp2,degrade,1.542,0.542,0.0,1.072
restore_sp2,0.0,restore_sp2,0.0,Wan2.2-TI2V-5B-Diffusers,512x512,20,10,10,sp1+sp2,8.0,0.206,0.12,True,10.33,9.48,11.17,restore_sp2,degrade,1.09,0.09,0.0,0.179
degrade,0.011,restore_sp2,0.0,Wan2.2-TI2V-5B-Diffusers,512x512,20,15,5,none,0.1,0.206,0.12,True,38.41,37.98,40.27,restore_sp2,degrade,1.011,0.011,0.0,0.06
degrade,0.009,restore_sp2,0.0,Wan2.2-TI2V-5B-Diffusers,512x512,20,15,5,none,8.0,0.206,0.12,True,46.31,45.88,48.17,restore_sp2,degrade,1.009,0.009,0.0,0.05
degrade,0.0,degrade,0.0,Wan2.2-TI2V-5B-Diffusers,512x512,20,15,5,sp1,0.1,0.206,0.12,True,1.41,37.98,40.27,degrade,restore_sp2,27.025,0.0,26.025,27.657
degrade,0.0,degrade,0.0,Wan2.2-TI2V-5B-Diffusers,512x512,20,15,5,sp1,8.0,0.206,0.12,True,9.31,45.88,48.17,degrade,restore_sp2,4.93,0.0,3.93,4.177
restore_sp2,0.0,restore_sp2,0.0,Wan2.2-TI2V-5B-Diffusers,512x512,20,15,5,sp1+sp2,0.1,0.206,0.12,True,1.41,0.98,3.27,restore_sp2,degrade,1.438,0.438,0.0,2.348
restore_sp2,0.0,restore_sp2,0.0,Wan2.2-TI2V-5B-Diffusers,512x512,20,15,5,sp1+sp2,8.0,0.206,0.12,True,9.31,8.88,11.17,restore_sp2,degrade,1.048,0.048,0.0,0.258
degrade,0.005,restore_sp2,0.0,Wan2.2-TI2V-5B-Diffusers,512x512,20,18,2,none,0.1,0.206,0.12,True,37.79,37.62,40.27,restore_sp2,degrade,1.005,0.005,0.0,0.071
degrade,0.004,restore_sp2,0.0,Wan2.2-TI2V-5B-Diffusers,512x512,20,18,2,none,8.0,0.206,0.12,True,45.69,45.52,48.17,restore_sp2,degrade,1.004,0.004,0.0,0.058
degrade,0.0,degrade,0.0,Wan2.2-TI2V-5B-Diffusers,512x512,20,18,2,sp1,0.1,0.206,0.12,True,0.79,37.62,40.27,degrade,restore_sp2,47.768,0.0,46.768,50.14
degrade,0.0,degrade,0.0,Wan2.2-TI2V-5B-Diffusers,512x512,20,18,2,sp1,8.0,0.206,0.12,True,8.69,45.52,48.17,degrade,restore_sp2,5.239,0.0,4.239,4.545
restore_sp2,0.0,restore_sp2,0.0,Wan2.2-TI2V-5B-Diffusers,512x512,20,18,2,sp1+sp2,0.1,0.206,0.12,True,0.79,0.62,3.27,restore_sp2,degrade,1.278,0.278,0.0,4.309
restore_sp2,0.0,restore_sp2,0.0,Wan2.2-TI2V-5B-Diffusers,512x512,20,18,2,sp1+sp2,8.0,0.206,0.12,True,8.69,8.52,11.17,restore_sp2,degrade,1.02,0.02,0.0,0.312
degrade,0.057,restore_sp2,0.0,Wan2.2-TI2V-5B-Diffusers,512x512,30,3,27,none,0.1,0.206,0.12,True,42.94,40.62,41.47,restore_sp2,restart,1.021,0.057,0.0,0.021
degrade,0.048,restore_sp2,0.0,Wan2.2-TI2V-5B-Diffusers,512x512,30,3,27,none,8.0,0.206,0.12,True,50.84,48.52,49.37,restore_sp2,restart,1.018,0.048,0.0,0.018
degrade,0.0,degrade,0.0,Wan2.2-TI2V-5B-Diffusers,512x512,30,3,27,sp1,0.1,0.206,0.12,True,5.94,40.62,41.47,degrade,restore_sp2,6.844,0.0,5.844,5.987
degrade,0.0,degrade,0.0,Wan2.2-TI2V-5B-Diffusers,512x512,30,3,27,sp1,8.0,0.206,0.12,True,13.84,48.52,49.37,degrade,restore_sp2,3.507,0.0,2.507,2.569
restore_sp2,0.0,restore_sp2,0.0,Wan2.2-TI2V-5B-Diffusers,512x512,30,3,27,sp1+sp2,0.1,0.206,0.12,True,5.94,3.62,4.47,restore_sp2,restart,1.235,0.638,0.0,0.235
restore_sp2,0.0,restore_sp2,0.0,Wan2.2-TI2V-5B-Diffusers,512x512,30,3,27,sp1+sp2,8.0,0.206,0.12,True,13.84,11.52,12.37,restore_sp2,restart,1.074,0.201,0.0,0.074
degrade,0.047,restore_sp2,0.0,Wan2.2-TI2V-5B-Diffusers,512x512,30,8,22,none,0.1,0.206,0.12,True,41.91,40.02,41.47,restore_sp2,restart,1.036,0.047,0.0,0.036
degrade,0.039,restore_sp2,0.0,Wan2.2-TI2V-5B-Diffusers,512x512,30,8,22,none,8.0,0.206,0.12,True,49.81,47.92,49.37,restore_sp2,restart,1.03,0.039,0.0,0.03
degrade,0.0,degrade,0.0,Wan2.2-TI2V-5B-Diffusers,512x512,30,8,22,sp1,0.1,0.206,0.12,True,4.91,40.02,41.47,degrade,restore_sp2,8.157,0.0,7.157,7.453
degrade,0.0,degrade,0.0,Wan2.2-TI2V-5B-Diffusers,512x512,30,8,22,sp1,8.0,0.206,0.12,True,12.81,47.92,49.37,degrade,restore_sp2,3.742,0.0,2.742,2.855
restore_sp2,0.0,restore_sp2,0.0,Wan2.2-TI2V-5B-Diffusers,512x512,30,8,22,sp1+sp2,0.1,0.206,0.12,True,4.91,3.02,4.47,restore_sp2,restart,1.48,0.623,0.0,0.48
restore_sp2,0.0,restore_sp2,0.0,Wan2.2-TI2V-5B-Diffusers,512x512,30,8,22,sp1+sp2,8.0,0.206,0.12,True,12.81,10.92,12.37,restore_sp2,restart,1.133,0.172,0.0,0.133
degrade,0.033,restore_sp2,0.0,Wan2.2-TI2V-5B-Diffusers,512x512,30,15,15,none,0.1,0.206,0.12,True,40.46,39.18,41.47,restore_sp2,degrade,1.033,0.033,0.0,0.059
degrade,0.027,restore_sp2,0.0,Wan2.2-TI2V-5B-Diffusers,512x512,30,15,15,none,8.0,0.206,0.12,True,48.36,47.08,49.37,restore_sp2,degrade,1.027,0.027,0.0,0.049
degrade,0.0,degrade,0.0,Wan2.2-TI2V-5B-Diffusers,512x512,30,15,15,sp1,0.1,0.206,0.12,True,3.46,39.18,41.47,degrade,restore_sp2,11.309,0.0,10.309,10.971
degrade,0.0,degrade,0.0,Wan2.2-TI2V-5B-Diffusers,512x512,30,15,15,sp1,8.0,0.206,0.12,True,11.36,47.08,49.37,degrade,restore_sp2,4.143,0.0,3.143,3.345
restore_sp2,0.0,restore_sp2,0.0,Wan2.2-TI2V-5B-Diffusers,512x512,30,15,15,sp1+sp2,0.1,0.206,0.12,True,3.46,2.18,4.47,restore_sp2,degrade,1.589,0.589,0.0,1.052
restore_sp2,0.0,restore_sp2,0.0,Wan2.2-TI2V-5B-Diffusers,512x512,30,15,15,sp1+sp2,8.0,0.206,0.12,True,11.36,10.08,12.37,restore_sp2,degrade,1.127,0.127,0.0,0.228
degrade,0.018,restore_sp2,0.0,Wan2.2-TI2V-5B-Diffusers,512x512,30,22,8,none,0.1,0.206,0.12,True,39.02,38.34,41.47,restore_sp2,degrade,1.018,0.018,0.0,0.082
degrade,0.015,restore_sp2,0.0,Wan2.2-TI2V-5B-Diffusers,512x512,30,22,8,none,8.0,0.206,0.12,True,46.92,46.24,49.37,restore_sp2,degrade,1.015,0.015,0.0,0.068
degrade,0.0,degrade,0.0,Wan2.2-TI2V-5B-Diffusers,512x512,30,22,8,sp1,0.1,0.206,0.12,True,2.02,38.34,41.47,degrade,restore_sp2,18.95,0.0,17.95,19.5
degrade,0.0,degrade,0.0,Wan2.2-TI2V-5B-Diffusers,512x512,30,22,8,sp1,8.0,0.206,0.12,True,9.92,46.24,49.37,degrade,restore_sp2,4.66,0.0,3.66,3.976
restore_sp2,0.0,restore_sp2,0.0,Wan2.2-TI2V-5B-Diffusers,512x512,30,22,8,sp1+sp2,0.1,0.206,0.12,True,2.02,1.34,4.47,restore_sp2,degrade,1.512,0.512,0.0,2.344
restore_sp2,0.0,restore_sp2,0.0,Wan2.2-TI2V-5B-Diffusers,512x512,30,22,8,sp1+sp2,8.0,0.206,0.12,True,9.92,9.24,12.37,restore_sp2,degrade,1.074,0.074,0.0,0.339
degrade,0.007,restore_sp2,0.0,Wan2.2-TI2V-5B-Diffusers,512x512,30,27,3,none,0.1,0.206,0.12,True,37.99,37.74,41.47,restore_sp2,degrade,1.007,0.007,0.0,0.099
degrade,0.006,restore_sp2,0.0,Wan2.2-TI2V-5B-Diffusers,512x512,30,27,3,none,8.0,0.206,0.12,True,45.89,45.64,49.37,restore_sp2,degrade,1.006,0.006,0.0,0.082
degrade,0.0,degrade,0.0,Wan2.2-TI2V-5B-Diffusers,512x512,30,27,3,sp1,0.1,0.206,0.12,True,0.99,37.74,41.47,degrade,restore_sp2,37.987,0.0,36.987,40.749
degrade,0.0,degrade,0.0,Wan2.2-TI2V-5B-Diffusers,512x512,30,27,3,sp1,8.0,0.206,0.12,True,8.89,45.64,49.37,degrade,restore_sp2,5.131,0.0,4.131,4.552
restore_sp2,0.0,restore_sp2,0.0,Wan2.2-TI2V-5B-Diffusers,512x512,30,27,3,sp1+sp2,0.1,0.206,0.12,True,0.99,0.74,4.47,restore_sp2,degrade,1.349,0.349,0.0,5.075
restore_sp2,0.0,restore_sp2,0.0,Wan2.2-TI2V-5B-Diffusers,512x512,30,27,3,sp1+sp2,8.0,0.206,0.12,True,8.89,8.64,12.37,restore_sp2,degrade,1.03,0.03,0.0,0.433
degrade,0.09,restore_sp2,0.0,Wan2.2-TI2V-5B-Diffusers,512x512,50,5,45,none,0.1,0.206,0.12,True,46.64,42.79,43.88,restore_sp2,restart,1.025,0.09,0.0,0.025
degrade,0.076,restore_sp2,0.0,Wan2.2-TI2V-5B-Diffusers,512x512,50,5,45,none,8.0,0.206,0.12,True,54.54,50.69,51.78,restore_sp2,restart,1.022,0.076,0.0,0.022
degrade,0.0,degrade,0.0,Wan2.2-TI2V-5B-Diffusers,512x512,50,5,45,sp1,0.1,0.206,0.12,True,9.64,42.79,43.88,degrade,restore_sp2,4.437,0.0,3.437,3.551
degrade,0.0,degrade,0.0,Wan2.2-TI2V-5B-Diffusers,512x512,50,5,45,sp1,8.0,0.206,0.12,True,17.54,50.69,51.78,degrade,restore_sp2,2.889,0.0,1.889,1.952
restore_sp2,0.0,restore_sp2,0.0,Wan2.2-TI2V-5B-Diffusers,512x512,50,5,45,sp1+sp2,0.1,0.206,0.12,True,9.64,5.79,6.88,restore_sp2,restart,1.188,0.666,0.0,0.188
restore_sp2,0.0,restore_sp2,0.0,Wan2.2-TI2V-5B-Diffusers,512x512,50,5,45,sp1+sp2,8.0,0.206,0.12,True,17.54,13.69,14.78,restore_sp2,restart,1.08,0.282,0.0,0.08
degrade,0.078,restore_sp2,0.0,Wan2.2-TI2V-5B-Diffusers,512x512,50,12,38,none,0.1,0.206,0.12,True,45.2,41.95,43.88,restore_sp2,restart,1.046,0.078,0.0,0.046
degrade,0.065,restore_sp2,0.0,Wan2.2-TI2V-5B-Diffusers,512x512,50,12,38,none,8.0,0.206,0.12,True,53.1,49.85,51.78,restore_sp2,restart,1.039,0.065,0.0,0.039
degrade,0.0,degrade,0.0,Wan2.2-TI2V-5B-Diffusers,512x512,50,12,38,sp1,0.1,0.206,0.12,True,8.2,41.95,43.88,degrade,restore_sp2,5.115,0.0,4.115,4.35
degrade,0.0,degrade,0.0,Wan2.2-TI2V-5B-Diffusers,512x512,50,12,38,sp1,8.0,0.206,0.12,True,16.1,49.85,51.78,degrade,restore_sp2,3.096,0.0,2.096,2.216
restore_sp2,0.0,restore_sp2,0.0,Wan2.2-TI2V-5B-Diffusers,512x512,50,12,38,sp1+sp2,0.1,0.206,0.12,True,8.2,4.95,6.88,restore_sp2,restart,1.391,0.658,0.0,0.391
restore_sp2,0.0,restore_sp2,0.0,Wan2.2-TI2V-5B-Diffusers,512x512,50,12,38,sp1+sp2,8.0,0.206,0.12,True,16.1,12.85,14.78,restore_sp2,restart,1.15,0.253,0.0,0.15
degrade,0.053,restore_sp2,0.0,Wan2.2-TI2V-5B-Diffusers,512x512,50,25,25,none,0.1,0.206,0.12,True,42.52,40.38,43.88,restore_sp2,degrade,1.053,0.053,0.0,0.087
degrade,0.044,restore_sp2,0.0,Wan2.2-TI2V-5B-Diffusers,512x512,50,25,25,none,8.0,0.206,0.12,True,50.42,48.28,51.78,restore_sp2,degrade,1.044,0.044,0.0,0.072
degrade,0.0,degrade,0.0,Wan2.2-TI2V-5B-Diffusers,512x512,50,25,25,sp1,0.1,0.206,0.12,True,5.52,40.38,43.88,degrade,restore_sp2,7.31,0.0,6.31,6.944
degrade,0.0,degrade,0.0,Wan2.2-TI2V-5B-Diffusers,512x512,50,25,25,sp1,8.0,0.206,0.12,True,13.42,48.28,51.78,degrade,restore_sp2,3.597,0.0,2.597,2.857
restore_sp2,0.0,restore_sp2,0.0,Wan2.2-TI2V-5B-Diffusers,512x512,50,25,25,sp1+sp2,0.1,0.206,0.12,True,5.52,3.38,6.88,restore_sp2,degrade,1.633,0.633,0.0,1.034
restore_sp2,0.0,restore_sp2,0.0,Wan2.2-TI2V-5B-Diffusers,512x512,50,25,25,sp1+sp2,8.0,0.206,0.12,True,13.42,11.28,14.78,restore_sp2,degrade,1.19,0.19,0.0,0.31
degrade,0.026,restore_sp2,0.0,Wan2.2-TI2V-5B-Diffusers,512x512,50,38,12,none,0.1,0.206,0.12,True,39.85,38.82,43.88,restore_sp2,degrade,1.026,0.026,0.0,0.13
degrade,0.022,restore_sp2,0.0,Wan2.2-TI2V-5B-Diffusers,512x512,50,38,12,none,8.0,0.206,0.12,True,47.75,46.72,51.78,restore_sp2,degrade,1.022,0.022,0.0,0.108
degrade,0.0,degrade,0.0,Wan2.2-TI2V-5B-Diffusers,512x512,50,38,12,sp1,0.1,0.206,0.12,True,2.85,38.82,43.88,degrade,restore_sp2,13.636,0.0,12.636,14.414
degrade,0.0,degrade,0.0,Wan2.2-TI2V-5B-Diffusers,512x512,50,38,12,sp1,8.0,0.206,0.12,True,10.75,46.72,51.78,degrade,restore_sp2,4.347,0.0,3.347,3.818
restore_sp2,0.0,restore_sp2,0.0,Wan2.2-TI2V-5B-Diffusers,512x512,50,38,12,sp1+sp2,0.1,0.206,0.12,True,2.85,1.82,6.88,restore_sp2,degrade,1.565,0.565,0.0,2.782
restore_sp2,0.0,restore_sp2,0.0,Wan2.2-TI2V-5B-Diffusers,512x512,50,38,12,sp1+sp2,8.0,0.206,0.12,True,10.75,9.72,14.78,restore_sp2,degrade,1.106,0.106,0.0,0.521
degrade,0.011,restore_sp2,0.0,Wan2.2-TI2V-5B-Diffusers,512x512,50,45,5,none,0.1,0.206,0.12,True,38.41,37.98,43.88,restore_sp2,degrade,1.011,0.011,0.0,0.155
degrade,0.009,restore_sp2,0.0,Wan2.2-TI2V-5B-Diffusers,512x512,50,45,5,none,8.0,0.206,0.12,True,46.31,45.88,51.78,restore_sp2,degrade,1.009,0.009,0.0,0.129
degrade,0.0,degrade,0.0,Wan2.2-TI2V-5B-Diffusers,512x512,50,45,5,sp1,0.1,0.206,0.12,True,1.41,37.98,43.88,degrade,restore_sp2,27.025,0.0,26.025,30.225
degrade,0.0,degrade,0.0,Wan2.2-TI2V-5B-Diffusers,512x512,50,45,5,sp1,8.0,0.206,0.12,True,9.31,45.88,51.78,degrade,restore_sp2,4.93,0.0,3.93,4.565
restore_sp2,0.0,restore_sp2,0.0,Wan2.2-TI2V-5B-Diffusers,512x512,50,45,5,sp1+sp2,0.1,0.206,0.12,True,1.41,0.98,6.88,restore_sp2,degrade,1.438,0.438,0.0,6.041
restore_sp2,0.0,restore_sp2,0.0,Wan2.2-TI2V-5B-Diffusers,512x512,50,45,5,sp1+sp2,8.0,0.206,0.12,True,9.31,8.88,14.78,restore_sp2,degrade,1.048,0.048,0.0,0.665
degrade,0.018,restore_sp2,0.0,Wan2.2-TI2V-5B-Diffusers,1024x1024,9,1,8,none,0.1,0.203,0.118,True,39.01,38.33,38.94,restore_sp2,restart,1.016,0.018,0.0,0.016
degrade,0.015,restore_sp2,0.0,Wan2.2-TI2V-5B-Diffusers,1024x1024,9,1,8,none,8.0,0.203,0.118,True,46.91,46.23,46.84,restore_sp2,restart,1.013,0.015,0.0,0.013
degrade,0.0,degrade,0.0,Wan2.2-TI2V-5B-Diffusers,1024x1024,9,1,8,sp1,0.1,0.203,0.118,True,2.01,38.33,38.94,degrade,restore_sp2,19.075,0.0,18.075,18.379
degrade,0.0,degrade,0.0,Wan2.2-TI2V-5B-Diffusers,1024x1024,9,1,8,sp1,8.0,0.203,0.118,True,9.91,46.23,46.84,degrade,restore_sp2,4.666,0.0,3.666,3.727
restore_sp2,0.0,restore_sp2,0.0,Wan2.2-TI2V-5B-Diffusers,1024x1024,9,1,8,sp1+sp2,0.1,0.203,0.118,True,2.01,1.33,1.94,restore_sp2,restart,1.457,0.506,0.0,0.457
restore_sp2,0.0,restore_sp2,0.0,Wan2.2-TI2V-5B-Diffusers,1024x1024,9,1,8,sp1+sp2,8.0,0.203,0.118,True,9.91,9.23,9.84,restore_sp2,restart,1.066,0.073,0.0,0.066
degrade,0.015,restore_sp2,0.0,Wan2.2-TI2V-5B-Diffusers,1024x1024,9,2,7,none,0.1,0.203,0.118,True,38.81,38.22,38.94,restore_sp2,degrade,1.015,0.015,0.0,0.019
degrade,0.013,restore_sp2,0.0,Wan2.2-TI2V-5B-Diffusers,1024x1024,9,2,7,none,8.0,0.203,0.118,True,46.71,46.12,46.84,restore_sp2,degrade,1.013,0.013,0.0,0.016
degrade,0.0,degrade,0.0,Wan2.2-TI2V-5B-Diffusers,1024x1024,9,2,7,sp1,0.1,0.203,0.118,True,1.81,38.22,38.94,degrade,restore_sp2,21.152,0.0,20.152,20.555
degrade,0.0,degrade,0.0,Wan2.2-TI2V-5B-Diffusers,1024x1024,9,2,7,sp1,8.0,0.203,0.118,True,9.71,46.12,46.84,degrade,restore_sp2,4.751,0.0,3.751,3.826
restore_sp2,0.0,restore_sp2,0.0,Wan2.2-TI2V-5B-Diffusers,1024x1024,9,2,7,sp1+sp2,0.1,0.203,0.118,True,1.81,1.22,1.94,restore_sp2,degrade,1.485,0.485,0.0,0.599
restore_sp2,0.0,restore_sp2,0.0,Wan2.2-TI2V-5B-Diffusers,1024x1024,9,2,7,sp1+sp2,8.0,0.203,0.118,True,9.71,9.12,9.84,restore_sp2,degrade,1.065,0.065,0.0,0.08
degrade,0.011,restore_sp2,0.0,Wan2.2-TI2V-5B-Diffusers,1024x1024,9,4,5,none,0.1,0.203,0.118,True,38.4,37.98,38.94,restore_sp2,degrade,1.011,0.011,0.0,0.025
degrade,0.009,restore_sp2,0.0,Wan2.2-TI2V-5B-Diffusers,1024x1024,9,4,5,none,8.0,0.203,0.118,True,46.3,45.88,46.84,restore_sp2,degrade,1.009,0.009,0.0,0.021
degrade,0.0,degrade,0.0,Wan2.2-TI2V-5B-Diffusers,1024x1024,9,4,5,sp1,0.1,0.203,0.118,True,1.4,37.98,38.94,degrade,restore_sp2,27.107,0.0,26.107,26.796
degrade,0.0,degrade,0.0,Wan2.2-TI2V-5B-Diffusers,1024x1024,9,4,5,sp1,8.0,0.203,0.118,True,9.3,45.88,46.84,degrade,restore_sp2,4.933,0.0,3.933,4.036
restore_sp2,0.0,restore_sp2,0.0,Wan2.2-TI2V-5B-Diffusers,1024x1024,9,4,5,sp1+sp2,0.1,0.203,0.118,True,1.4,0.98,1.94,restore_sp2,degrade,1.431,0.431,0.0,0.985
restore_sp2,0.0,restore_sp2,0.0,Wan2.2-TI2V-5B-Diffusers,1024x1024,9,4,5,sp1+sp2,8.0,0.203,0.118,True,9.3,8.88,9.84,restore_sp2,degrade,1.048,0.048,0.0,0.109
degrade,0.004,restore_sp2,0.0,Wan2.2-TI2V-5B-Diffusers,1024x1024,9,7,2,none,0.1,0.203,0.118,True,37.79,37.62,38.94,restore_sp2,degrade,1.004,0.004,0.0,0.035
degrade,0.004,restore_sp2,0.0,Wan2.2-TI2V-5B-Diffusers,1024x1024,9,7,2,none,8.0,0.203,0.118,True,45.69,45.52,46.84,restore_sp2,degrade,1.004,0.004,0.0,0.029
degrade,0.0,degrade,0.0,Wan2.2-TI2V-5B-Diffusers,1024x1024,9,7,2,sp1,0.1,0.203,0.118,True,0.79,37.62,38.94,degrade,restore_sp2,47.474,0.0,46.474,48.141
degrade,0.0,degrade,0.0,Wan2.2-TI2V-5B-Diffusers,1024x1024,9,7,2,sp1,8.0,0.203,0.118,True,8.69,45.52,46.84,degrade,restore_sp2,5.237,0.0,4.237,4.389
restore_sp2,0.0,restore_sp2,0.0,Wan2.2-TI2V-5B-Diffusers,1024x1024,9,7,2,sp1+sp2,0.1,0.203,0.118,True,0.79,0.62,1.94,restore_sp2,degrade,1.27,0.27,0.0,2.117
restore_sp2,0.0,restore_sp2,0.0,Wan2.2-TI2V-5B-Diffusers,1024x1024,9,7,2,sp1+sp2,8.0,0.203,0.118,True,8.69,8.52,9.84,restore_sp2,degrade,1.02,0.02,0.0,0.155
degrade,0.002,restore_sp2,0.0,Wan2.2-TI2V-5B-Diffusers,1024x1024,9,8,1,none,0.1,0.203,0.118,True,37.59,37.51,38.94,restore_sp2,degrade,1.002,0.002,0.0,0.038
degrade,0.002,restore_sp2,0.0,Wan2.2-TI2V-5B-Diffusers,1024x1024,9,8,1,none,8.0,0.203,0.118,True,45.49,45.41,46.84,restore_sp2,degrade,1.002,0.002,0.0,0.032
degrade,0.0,degrade,0.0,Wan2.2-TI2V-5B-Diffusers,1024x1024,9,8,1,sp1,0.1,0.203,0.118,True,0.59,37.51,38.94,degrade,restore_sp2,63.605,0.0,62.605,65.046
degrade,0.0,degrade,0.0,Wan2.2-TI2V-5B-Diffusers,1024x1024,9,8,1,sp1,8.0,0.203,0.118,True,8.49,45.41,46.84,degrade,restore_sp2,5.348,0.0,4.348,4.518
restore_sp2,0.0,restore_sp2,0.0,Wan2.2-TI2V-5B-Diffusers,1024x1024,9,8,1,sp1+sp2,0.1,0.203,0.118,True,0.59,0.51,1.94,restore_sp2,degrade,1.167,0.167,0.0,2.848
restore_sp2,0.0,restore_sp2,0.0,Wan2.2-TI2V-5B-Diffusers,1024x1024,9,8,1,sp1+sp2,8.0,0.203,0.118,True,8.49,8.41,9.84,restore_sp2,degrade,1.01,0.01,0.0,0.171
degrade,0.038,restore_sp2,0.0,Wan2.2-TI2V-5B-Diffusers,1024x1024,20,2,18,none,0.1,0.203,0.118,True,41.04,39.52,40.25,restore_sp2,restart,1.018,0.038,0.0,0.018
degrade,0.032,restore_sp2,0.0,Wan2.2-TI2V-5B-Diffusers,1024x1024,20,2,18,none,8.0,0.203,0.118,True,48.94,47.42,48.15,restore_sp2,restart,1.015,0.032,0.0,0.015
degrade,0.0,degrade,0.0,Wan2.2-TI2V-5B-Diffusers,1024x1024,20,2,18,sp1,0.1,0.203,0.118,True,4.04,39.52,40.25,degrade,restore_sp2,9.787,0.0,8.787,8.967
degrade,0.0,degrade,0.0,Wan2.2-TI2V-5B-Diffusers,1024x1024,20,2,18,sp1,8.0,0.203,0.118,True,11.94,47.42,48.15,degrade,restore_sp2,3.972,0.0,2.972,3.033
restore_sp2,0.0,restore_sp2,0.0,Wan2.2-TI2V-5B-Diffusers,1024x1024,20,2,18,sp1+sp2,0.1,0.203,0.118,True,4.04,2.52,3.25,restore_sp2,restart,1.289,0.603,0.0,0.289
restore_sp2,0.0,restore_sp2,0.0,Wan2.2-TI2V-5B-Diffusers,1024x1024,20,2,18,sp1+sp2,8.0,0.203,0.118,True,11.94,10.42,11.15,restore_sp2,restart,1.07,0.146,0.0,0.07
degrade,0.032,restore_sp2,0.0,Wan2.2-TI2V-5B-Diffusers,1024x1024,20,5,15,none,0.1,0.203,0.118,True,40.43,39.16,40.25,restore_sp2,restart,1.028,0.032,0.0,0.028
degrade,0.027,restore_sp2,0.0,Wan2.2-TI2V-5B-Diffusers,1024x1024,20,5,15,none,8.0,0.203,0.118,True,48.33,47.06,48.15,restore_sp2,restart,1.023,0.027,0.0,0.023
degrade,0.0,degrade,0.0,Wan2.2-TI2V-5B-Diffusers,1024x1024,20,5,15,sp1,0.1,0.203,0.118,True,3.43,39.16,40.25,degrade,restore_sp2,11.419,0.0,10.419,10.735
degrade,0.0,degrade,0.0,Wan2.2-TI2V-5B-Diffusers,1024x1024,20,5,15,sp1,8.0,0.203,0.118,True,11.33,47.06,48.15,degrade,restore_sp2,4.154,0.0,3.154,3.25
restore_sp2,0.0,restore_sp2,0.0,Wan2.2-TI2V-5B-Diffusers,1024x1024,20,5,15,sp1+sp2,0.1,0.203,0.118,True,3.43,2.16,3.25,restore_sp2,restart,1.501,0.585,0.0,0.501
restore_sp2,0.0,restore_sp2,0.0,Wan2.2-TI2V-5B-Diffusers,1024x1024,20,5,15,sp1+sp2,8.0,0.203,0.118,True,11.33,10.06,11.15,restore_sp2,restart,1.108,0.126,0.0,0.108
degrade,0.022,restore_sp2,0.0,Wan2.2-TI2V-5B-Diffusers,1024x1024,20,10,10,none,0.1,0.203,0.118,True,39.42,38.57,40.25,restore_sp2,degrade,1.022,0.022,0.0,0.043
degrade,0.018,restore_sp2,0.0,Wan2.2-TI2V-5B-Diffusers,1024x1024,20,10,10,none,8.0,0.203,0.118,True,47.32,46.47,48.15,restore_sp2,degrade,1.018,0.018,0.0,0.036
degrade,0.0,degrade,0.0,Wan2.2-TI2V-5B-Diffusers,1024x1024,20,10,10,sp1,0.1,0.203,0.118,True,2.42,38.57,40.25,degrade,restore_sp2,15.969,0.0,14.969,15.663
degrade,0.0,degrade,0.0,Wan2.2-TI2V-5B-Diffusers,1024x1024,20,10,10,sp1,8.0,0.203,0.118,True,10.32,46.47,48.15,degrade,restore_sp2,4.505,0.0,3.505,3.668
restore_sp2,0.0,restore_sp2,0.0,Wan2.2-TI2V-5B-Diffusers,1024x1024,20,10,10,sp1+sp2,0.1,0.203,0.118,True,2.42,1.57,3.25,restore_sp2,degrade,1.537,0.537,0.0,1.066
restore_sp2,0.0,restore_sp2,0.0,Wan2.2-TI2V-5B-Diffusers,1024x1024,20,10,10,sp1+sp2,8.0,0.203,0.118,True,10.32,9.47,11.15,restore_sp2,degrade,1.089,0.089,0.0,0.177
degrade,0.011,restore_sp2,0.0,Wan2.2-TI2V-5B-Diffusers,1024x1024,20,15,5,none,0.1,0.203,0.118,True,38.4,37.98,40.25,restore_sp2,degrade,1.011,0.011,0.0,0.06
degrade,0.009,restore_sp2,0.0,Wan2.2-TI2V-5B-Diffusers,1024x1024,20,15,5,none,8.0,0.203,0.118,True,46.3,45.88,48.15,restore_sp2,degrade,1.009,0.009,0.0,0.049
degrade,0.0,degrade,0.0,Wan2.2-TI2V-5B-Diffusers,1024x1024,20,15,5,sp1,0.1,0.203,0.118,True,1.4,37.98,40.25,degrade,restore_sp2,27.107,0.0,26.107,27.726
degrade,0.0,degrade,0.0,Wan2.2-TI2V-5B-Diffusers,1024x1024,20,15,5,sp1,8.0,0.203,0.118,True,9.3,45.88,48.15,degrade,restore_sp2,4.933,0.0,3.933,4.177
restore_sp2,0.0,restore_sp2,0.0,Wan2.2-TI2V-5B-Diffusers,1024x1024,20,15,5,sp1+sp2,0.1,0.203,0.118,True,1.4,0.98,3.25,restore_sp2,degrade,1.431,0.431,0.0,2.317
restore_sp2,0.0,restore_sp2,0.0,Wan2.2-TI2V-5B-Diffusers,1024x1024,20,15,5,sp1+sp2,8.0,0.203,0.118,True,9.3,8.88,11.15,restore_sp2,degrade,1.048,0.048,0.0,0.255
degrade,0.004,restore_sp2,0.0,Wan2.2-TI2V-5B-Diffusers,1024x1024,20,18,2,none,0.1,0.203,0.118,True,37.79,37.62,40.25,restore_sp2,degrade,1.004,0.004,0.0,0.07
degrade,0.004,restore_sp2,0.0,Wan2.2-TI2V-5B-Diffusers,1024x1024,20,18,2,none,8.0,0.203,0.118,True,45.69,45.52,48.15,restore_sp2,degrade,1.004,0.004,0.0,0.058
degrade,0.0,degrade,0.0,Wan2.2-TI2V-5B-Diffusers,1024x1024,20,18,2,sp1,0.1,0.203,0.118,True,0.79,37.62,40.25,degrade,restore_sp2,47.474,0.0,46.474,49.785
degrade,0.0,degrade,0.0,Wan2.2-TI2V-5B-Diffusers,1024x1024,20,18,2,sp1,8.0,0.203,0.118,True,8.69,45.52,48.15,degrade,restore_sp2,5.237,0.0,4.237,4.539
restore_sp2,0.0,restore_sp2,0.0,Wan2.2-TI2V-5B-Diffusers,1024x1024,20,18,2,sp1+sp2,0.1,0.203,0.118,True,0.79,0.62,3.25,restore_sp2,degrade,1.27,0.27,0.0,4.207
restore_sp2,0.0,restore_sp2,0.0,Wan2.2-TI2V-5B-Diffusers,1024x1024,20,18,2,sp1+sp2,8.0,0.203,0.118,True,8.69,8.52,11.15,restore_sp2,degrade,1.02,0.02,0.0,0.308
degrade,0.056,restore_sp2,0.0,Wan2.2-TI2V-5B-Diffusers,1024x1024,30,3,27,none,0.1,0.203,0.118,True,42.86,40.59,41.43,restore_sp2,restart,1.021,0.056,0.0,0.021
degrade,0.047,restore_sp2,0.0,Wan2.2-TI2V-5B-Diffusers,1024x1024,30,3,27,none,8.0,0.203,0.118,True,50.76,48.49,49.33,restore_sp2,restart,1.017,0.047,0.0,0.017
degrade,0.0,degrade,0.0,Wan2.2-TI2V-5B-Diffusers,1024x1024,30,3,27,sp1,0.1,0.203,0.118,True,5.86,40.59,41.43,degrade,restore_sp2,6.921,0.0,5.921,6.066
degrade,0.0,degrade,0.0,Wan2.2-TI2V-5B-Diffusers,1024x1024,30,3,27,sp1,8.0,0.203,0.118,True,13.76,48.49,49.33,degrade,restore_sp2,3.523,0.0,2.523,2.584
restore_sp2,0.0,restore_sp2,0.0,Wan2.2-TI2V-5B-Diffusers,1024x1024,30,3,27,sp1+sp2,0.1,0.203,0.118,True,5.86,3.59,4.43,restore_sp2,restart,1.236,0.635,0.0,0.236
restore_sp2,0.0,restore_sp2,0.0,Wan2.2-TI2V-5B-Diffusers,1024x1024,30,3,27,sp1+sp2,8.0,0.203,0.118,True,13.76,11.49,12.33,restore_sp2,restart,1.074,0.198,0.0,0.074
degrade,0.046,restore_sp2,0.0,Wan2.2-TI2V-5B-Diffusers,1024x1024,30,8,22,none,0.1,0.203,0.118,True,41.85,39.99,41.43,restore_sp2,restart,1.036,0.046,0.0,0.036
degrade,0.039,restore_sp2,0.0,Wan2.2-TI2V-5B-Diffusers,1024x1024,30,8,22,none,8.0,0.203,0.118,True,49.75,47.89,49.33,restore_sp2,restart,1.03,0.039,0.0,0.03
degrade,0.0,degrade,0.0,Wan2.2-TI2V-5B-Diffusers,1024x1024,30,8,22,sp1,0.1,0.203,0.118,True,4.85,39.99,41.43,degrade,restore_sp2,8.247,0.0,7.247,7.544
degrade,0.0,degrade,0.0,Wan2.2-TI2V-5B-Diffusers,1024x1024,30,8,22,sp1,8.0,0.203,0.118,True,12.75,47.89,49.33,degrade,restore_sp2,3.756,0.0,2.756,2.869
restore_sp2,0.0,restore_sp2,0.0,Wan2.2-TI2V-5B-Diffusers,1024x1024,30,8,22,sp1+sp2,0.1,0.203,0.118,True,4.85,2.99,4.43,restore_sp2,restart,1.481,0.62,0.0,0.481
restore_sp2,0.0,restore_sp2,0.0,Wan2.2-TI2V-5B-Diffusers,1024x1024,30,8,22,sp1+sp2,8.0,0.203,0.118,True,12.75,10.89,12.33,restore_sp2,restart,1.132,0.17,0.0,0.132
degrade,0.032,restore_sp2,0.0,Wan2.2-TI2V-5B-Diffusers,1024x1024,30,15,15,none,0.1,0.203,0.118,True,40.43,39.16,41.43,restore_sp2,degrade,1.032,0.032,0.0,0.058
degrade,0.027,restore_sp2,0.0,Wan2.2-TI2V-5B-Diffusers,1024x1024,30,15,15,none,8.0,0.203,0.118,True,48.33,47.06,49.33,restore_sp2,degrade,1.027,0.027,0.0,0.048
degrade,0.0,degrade,0.0,Wan2.2-TI2V-5B-Diffusers,1024x1024,30,15,15,sp1,0.1,0.203,0.118,True,3.43,39.16,41.43,degrade,restore_sp2,11.419,0.0,10.419,11.081
degrade,0.0,degrade,0.0,Wan2.2-TI2V-5B-Diffusers,1024x1024,30,15,15,sp1,8.0,0.203,0.118,True,11.33,47.06,49.33,degrade,restore_sp2,4.154,0.0,3.154,3.354
restore_sp2,0.0,restore_sp2,0.0,Wan2.2-TI2V-5B-Diffusers,1024x1024,30,15,15,sp1+sp2,0.1,0.203,0.118,True,3.43,2.16,4.43,restore_sp2,degrade,1.585,0.585,0.0,1.048
restore_sp2,0.0,restore_sp2,0.0,Wan2.2-TI2V-5B-Diffusers,1024x1024,30,15,15,sp1+sp2,8.0,0.203,0.118,True,11.33,10.06,12.33,restore_sp2,degrade,1.126,0.126,0.0,0.225
degrade,0.018,restore_sp2,0.0,Wan2.2-TI2V-5B-Diffusers,1024x1024,30,22,8,none,0.1,0.203,0.118,True,39.01,38.33,41.43,restore_sp2,degrade,1.018,0.018,0.0,0.081
degrade,0.015,restore_sp2,0.0,Wan2.2-TI2V-5B-Diffusers,1024x1024,30,22,8,none,8.0,0.203,0.118,True,46.91,46.23,49.33,restore_sp2,degrade,1.015,0.015,0.0,0.067
degrade,0.0,degrade,0.0,Wan2.2-TI2V-5B-Diffusers,1024x1024,30,22,8,sp1,0.1,0.203,0.118,True,2.01,38.33,41.43,degrade,restore_sp2,19.075,0.0,18.075,19.617
degrade,0.0,degrade,0.0,Wan2.2-TI2V-5B-Diffusers,1024x1024,30,22,8,sp1,8.0,0.203,0.118,True,9.91,46.23,49.33,degrade,restore_sp2,4.666,0.0,3.666,3.978
restore_sp2,0.0,restore_sp2,0.0,Wan2.2-TI2V-5B-Diffusers,1024x1024,30,22,8,sp1+sp2,0.1,0.203,0.118,True,2.01,1.33,4.43,restore_sp2,degrade,1.506,0.506,0.0,2.321
restore_sp2,0.0,restore_sp2,0.0,Wan2.2-TI2V-5B-Diffusers,1024x1024,30,22,8,sp1+sp2,8.0,0.203,0.118,True,9.91,9.23,12.33,restore_sp2,degrade,1.073,0.073,0.0,0.335
degrade,0.007,restore_sp2,0.0,Wan2.2-TI2V-5B-Diffusers,1024x1024,30,27,3,none,0.1,0.203,0.118,True,38.0,37.74,41.43,restore_sp2,degrade,1.007,0.007,0.0,0.098
degrade,0.006,restore_sp2,0.0,Wan2.2-TI2V-5B-Diffusers,1024x1024,30,27,3,none,8.0,0.203,0.118,True,45.9,45.64,49.33,restore_sp2,degrade,1.006,0.006,0.0,0.081
degrade,0.0,degrade,0.0,Wan2.2-TI2V-5B-Diffusers,1024x1024,30,27,3,sp1,0.1,0.203,0.118,True,1.0,37.74,41.43,degrade,restore_sp2,37.918,0.0,36.918,40.626
degrade,0.0,degrade,0.0,Wan2.2-TI2V-5B-Diffusers,1024x1024,30,27,3,sp1,8.0,0.203,0.118,True,8.9,45.64,49.33,degrade,restore_sp2,5.131,0.0,4.131,4.546
restore_sp2,0.0,restore_sp2,0.0,Wan2.2-TI2V-5B-Diffusers,1024x1024,30,27,3,sp1+sp2,0.1,0.203,0.118,True,1.0,0.74,4.43,restore_sp2,degrade,1.341,0.341,0.0,4.972
restore_sp2,0.0,restore_sp2,0.0,Wan2.2-TI2V-5B-Diffusers,1024x1024,30,27,3,sp1+sp2,8.0,0.203,0.118,True,8.9,8.64,12.33,restore_sp2,degrade,1.029,0.029,0.0,0.427
degrade,0.089,restore_sp2,0.0,Wan2.2-TI2V-5B-Diffusers,1024x1024,50,5,45,none,0.1,0.203,0.118,True,46.52,42.72,43.8,restore_sp2,restart,1.025,0.089,0.0,0.025
degrade,0.075,restore_sp2,0.0,Wan2.2-TI2V-5B-Diffusers,1024x1024,50,5,45,none,8.0,0.203,0.118,True,54.42,50.62,51.7,restore_sp2,restart,1.021,0.075,0.0,0.021
degrade,0.0,degrade,0.0,Wan2.2-TI2V-5B-Diffusers,1024x1024,50,5,45,sp1,0.1,0.203,0.118,True,9.52,42.72,43.8,degrade,restore_sp2,4.49,0.0,3.49,3.603
degrade,0.0,degrade,0.0,Wan2.2-TI2V-5B-Diffusers,1024x1024,50,5,45,sp1,8.0,0.203,0.118,True,17.42,50.62,51.7,degrade,restore_sp2,2.907,0.0,1.907,1.969
restore_sp2,0.0,restore_sp2,0.0,Wan2.2-TI2V-5B-Diffusers,1024x1024,50,5,45,sp1+sp2,0.1,0.203,0.118,True,9.52,5.72,6.8,restore_sp2,restart,1.189,0.664,0.0,0.189
restore_sp2,0.0,restore_sp2,0.0,Wan2.2-TI2V-5B-Diffusers,1024x1024,50,5,45,sp1+sp2,8.0,0.203,0.118,True,17.42,13.62,14.7,restore_sp2,restart,1.08,0.279,0.0,0.08
degrade,0.077,restore_sp2,0.0,Wan2.2-TI2V-5B-Diffusers,1024x1024,50,12,38,none,0.1,0.203,0.118,True,45.1,41.89,43.8,restore_sp2,restart,1.046,0.077,0.0,0.046
degrade,0.064,restore_sp2,0.0,Wan2.2-TI2V-5B-Diffusers,1024x1024,50,12,38,none,8.0,0.203,0.118,True,53.0,49.79,51.7,restore_sp2,restart,1.038,0.064,0.0,0.038
degrade,0.0,degrade,0.0,Wan2.2-TI2V-5B-Diffusers,1024x1024,50,12,38,sp1,0.1,0.203,0.118,True,8.1,41.89,43.8,degrade,restore_sp2,5.175,0.0,4.175,4.411
degrade,0.0,degrade,0.0,Wan2.2-TI2V-5B-Diffusers,1024x1024,50,12,38,sp1,8.0,0.203,0.118,True,16.0,49.79,51.7,degrade,restore_sp2,3.113,0.0,2.113,2.232
restore_sp2,0.0,restore_sp2,0.0,Wan2.2-TI2V-5B-Diffusers,1024x1024,50,12,38,sp1+sp2,0.1,0.203,0.118,True,8.1,4.89,6.8,restore_sp2,restart,1.391,0.656,0.0,0.391
restore_sp2,0.0,restore_sp2,0.0,Wan2.2-TI2V-5B-Diffusers,1024x1024,50,12,38,sp1+sp2,8.0,0.203,0.118,True,16.0,12.79,14.7,restore_sp2,restart,1.15,0.251,0.0,0.15
degrade,0.052,restore_sp2,0.0,Wan2.2-TI2V-5B-Diffusers,1024x1024,50,25,25,none,0.1,0.203,0.118,True,42.46,40.35,43.8,restore_sp2,degrade,1.052,0.052,0.0,0.086
degrade,0.044,restore_sp2,0.0,Wan2.2-TI2V-5B-Diffusers,1024x1024,50,25,25,none,8.0,0.203,0.118,True,50.36,48.25,51.7,restore_sp2,degrade,1.044,0.044,0.0,0.072
degrade,0.0,degrade,0.0,Wan2.2-TI2V-5B-Diffusers,1024x1024,50,25,25,sp1,0.1,0.203,0.118,True,5.46,40.35,43.8,degrade,restore_sp2,7.392,0.0,6.392,7.025
degrade,0.0,degrade,0.0,Wan2.2-TI2V-5B-Diffusers,1024x1024,50,25,25,sp1,8.0,0.203,0.118,True,13.36,48.25,51.7,degrade,restore_sp2,3.612,0.0,2.612,2.871
restore_sp2,0.0,restore_sp2,0.0,Wan2.2-TI2V-5B-Diffusers,1024x1024,50,25,25,sp1+sp2,0.1,0.203,0.118,True,5.46,3.35,6.8,restore_sp2,degrade,1.63,0.63,0.0,1.031
restore_sp2,0.0,restore_sp2,0.0,Wan2.2-TI2V-5B-Diffusers,1024x1024,50,25,25,sp1+sp2,8.0,0.203,0.118,True,13.36,11.25,14.7,restore_sp2,degrade,1.187,0.187,0.0,0.307
degrade,0.026,restore_sp2,0.0,Wan2.2-TI2V-5B-Diffusers,1024x1024,50,38,12,none,0.1,0.203,0.118,True,39.82,38.81,43.8,restore_sp2,degrade,1.026,0.026,0.0,0.129
degrade,0.022,restore_sp2,0.0,Wan2.2-TI2V-5B-Diffusers,1024x1024,50,38,12,none,8.0,0.203,0.118,True,47.72,46.71,51.7,restore_sp2,degrade,1.022,0.022,0.0,0.107
degrade,0.0,degrade,0.0,Wan2.2-TI2V-5B-Diffusers,1024x1024,50,38,12,sp1,0.1,0.203,0.118,True,2.82,38.81,43.8,degrade,restore_sp2,13.757,0.0,12.757,14.527
degrade,0.0,degrade,0.0,Wan2.2-TI2V-5B-Diffusers,1024x1024,50,38,12,sp1,8.0,0.203,0.118,True,10.72,46.71,51.7,degrade,restore_sp2,4.357,0.0,3.357,3.823
restore_sp2,0.0,restore_sp2,0.0,Wan2.2-TI2V-5B-Diffusers,1024x1024,50,38,12,sp1+sp2,0.1,0.203,0.118,True,2.82,1.81,6.8,restore_sp2,degrade,1.56,0.56,0.0,2.761
restore_sp2,0.0,restore_sp2,0.0,Wan2.2-TI2V-5B-Diffusers,1024x1024,50,38,12,sp1+sp2,8.0,0.203,0.118,True,10.72,9.71,14.7,restore_sp2,degrade,1.104,0.104,0.0,0.514
degrade,0.011,restore_sp2,0.0,Wan2.2-TI2V-5B-Diffusers,1024x1024,50,45,5,none,0.1,0.203,0.118,True,38.4,37.98,43.8,restore_sp2,degrade,1.011,0.011,0.0,0.153
degrade,0.009,restore_sp2,0.0,Wan2.2-TI2V-5B-Diffusers,1024x1024,50,45,5,none,8.0,0.203,0.118,True,46.3,45.88,51.7,restore_sp2,degrade,1.009,0.009,0.0,0.127
degrade,0.0,degrade,0.0,Wan2.2-TI2V-5B-Diffusers,1024x1024,50,45,5,sp1,0.1,0.203,0.118,True,1.4,37.98,43.8,degrade,restore_sp2,27.107,0.0,26.107,30.264
degrade,0.0,degrade,0.0,Wan2.2-TI2V-5B-Diffusers,1024x1024,50,45,5,sp1,8.0,0.203,0.118,True,9.3,45.88,51.7,degrade,restore_sp2,4.933,0.0,3.933,4.559
restore_sp2,0.0,restore_sp2,0.0,Wan2.2-TI2V-5B-Diffusers,1024x1024,50,45,5,sp1+sp2,0.1,0.203,0.118,True,1.4,0.98,6.8,restore_sp2,degrade,1.431,0.431,0.0,5.947
restore_sp2,0.0,restore_sp2,0.0,Wan2.2-TI2V-5B-Diffusers,1024x1024,50,45,5,sp1+sp2,8.0,0.203,0.118,True,9.3,8.88,14.7,restore_sp2,degrade,1.048,0.048,0.0,0.656
degrade,0.029,restore_sp2,0.0,Wan2.2-TI2V-5B-Diffusers,1536x1536,9,1,8,none,0.1,0.346,0.202,True,40.83,39.68,40.37,restore_sp2,restart,1.017,0.029,0.0,0.017
degrade,0.024,restore_sp2,0.0,Wan2.2-TI2V-5B-Diffusers,1536x1536,9,1,8,none,8.0,0.346,0.202,True,48.73,47.58,48.27,restore_sp2,restart,1.015,0.024,0.0,0.015
degrade,0.0,degrade,0.0,Wan2.2-TI2V-5B-Diffusers,1536x1536,9,1,8,sp1,0.1,0.346,0.202,True,3.83,39.68,40.37,degrade,restore_sp2,10.364,0.0,9.364,9.545
degrade,0.0,degrade,0.0,Wan2.2-TI2V-5B-Diffusers,1536x1536,9,1,8,sp1,8.0,0.346,0.202,True,11.73,47.58,48.27,degrade,restore_sp2,4.057,0.0,3.057,3.116
restore_sp2,0.0,restore_sp2,0.0,Wan2.2-TI2V-5B-Diffusers,1536x1536,9,1,8,sp1+sp2,0.1,0.346,0.202,True,3.83,2.68,3.37,restore_sp2,restart,1.259,0.431,0.0,0.259
restore_sp2,0.0,restore_sp2,0.0,Wan2.2-TI2V-5B-Diffusers,1536x1536,9,1,8,sp1+sp2,8.0,0.346,0.202,True,11.73,10.58,11.27,restore_sp2,restart,1.065,0.109,0.0,0.065
degrade,0.026,restore_sp2,0.0,Wan2.2-TI2V-5B-Diffusers,1536x1536,9,2,7,none,0.1,0.346,0.202,True,40.48,39.47,40.37,restore_sp2,restart,1.023,0.026,0.0,0.023
degrade,0.021,restore_sp2,0.0,Wan2.2-TI2V-5B-Diffusers,1536x1536,9,2,7,none,8.0,0.346,0.202,True,48.38,47.37,48.27,restore_sp2,restart,1.019,0.021,0.0,0.019
degrade,0.0,degrade,0.0,Wan2.2-TI2V-5B-Diffusers,1536x1536,9,2,7,sp1,0.1,0.346,0.202,True,3.48,39.47,40.37,degrade,restore_sp2,11.338,0.0,10.338,10.595
degrade,0.0,degrade,0.0,Wan2.2-TI2V-5B-Diffusers,1536x1536,9,2,7,sp1,8.0,0.346,0.202,True,11.38,47.37,48.27,degrade,restore_sp2,4.162,0.0,3.162,3.241
restore_sp2,0.0,restore_sp2,0.0,Wan2.2-TI2V-5B-Diffusers,1536x1536,9,2,7,sp1+sp2,0.1,0.346,0.202,True,3.48,2.47,3.37,restore_sp2,restart,1.362,0.408,0.0,0.362
restore_sp2,0.0,restore_sp2,0.0,Wan2.2-TI2V-5B-Diffusers,1536x1536,9,2,7,sp1+sp2,8.0,0.346,0.202,True,11.38,10.37,11.27,restore_sp2,restart,1.086,0.097,0.0,0.086
degrade,0.018,restore_sp2,0.0,Wan2.2-TI2V-5B-Diffusers,1536x1536,9,4,5,none,0.1,0.346,0.202,True,39.79,39.07,40.37,restore_sp2,degrade,1.018,0.018,0.0,0.033
degrade,0.015,restore_sp2,0.0,Wan2.2-TI2V-5B-Diffusers,1536x1536,9,4,5,none,8.0,0.346,0.202,True,47.69,46.97,48.27,restore_sp2,degrade,1.015,0.015,0.0,0.028
degrade,0.0,degrade,0.0,Wan2.2-TI2V-5B-Diffusers,1536x1536,9,4,5,sp1,0.1,0.346,0.202,True,2.79,39.07,40.37,degrade,restore_sp2,14.01,0.0,13.01,13.476
degrade,0.0,degrade,0.0,Wan2.2-TI2V-5B-Diffusers,1536x1536,9,4,5,sp1,8.0,0.346,0.202,True,10.69,46.97,48.27,degrade,restore_sp2,4.394,0.0,3.394,3.516
restore_sp2,0.0,restore_sp2,0.0,Wan2.2-TI2V-5B-Diffusers,1536x1536,9,4,5,sp1+sp2,0.1,0.346,0.202,True,2.79,2.07,3.37,restore_sp2,degrade,1.348,0.348,0.0,0.628
restore_sp2,0.0,restore_sp2,0.0,Wan2.2-TI2V-5B-Diffusers,1536x1536,9,4,5,sp1+sp2,8.0,0.346,0.202,True,10.69,9.97,11.27,restore_sp2,degrade,1.072,0.072,0.0,0.13
degrade,0.007,restore_sp2,0.0,Wan2.2-TI2V-5B-Diffusers,1536x1536,9,7,2,none,0.1,0.346,0.202,True,38.75,38.46,40.37,restore_sp2,degrade,1.007,0.007,0.0,0.05
degrade,0.006,restore_sp2,0.0,Wan2.2-TI2V-5B-Diffusers,1536x1536,9,7,2,none,8.0,0.346,0.202,True,46.65,46.36,48.27,restore_sp2,degrade,1.006,0.006,0.0,0.041
degrade,0.0,degrade,0.0,Wan2.2-TI2V-5B-Diffusers,1536x1536,9,7,2,sp1,0.1,0.346,0.202,True,1.75,38.46,40.37,degrade,restore_sp2,21.988,0.0,20.988,22.079
degrade,0.0,degrade,0.0,Wan2.2-TI2V-5B-Diffusers,1536x1536,9,7,2,sp1,8.0,0.346,0.202,True,9.65,46.36,48.27,degrade,restore_sp2,4.805,0.0,3.805,4.002
restore_sp2,0.0,restore_sp2,0.0,Wan2.2-TI2V-5B-Diffusers,1536x1536,9,7,2,sp1+sp2,0.1,0.346,0.202,True,1.75,1.46,3.37,restore_sp2,degrade,1.197,0.197,0.0,1.305
restore_sp2,0.0,restore_sp2,0.0,Wan2.2-TI2V-5B-Diffusers,1536x1536,9,7,2,sp1+sp2,8.0,0.346,0.202,True,9.65,9.36,11.27,restore_sp2,degrade,1.031,0.031,0.0,0.204
degrade,0.004,restore_sp2,0.0,Wan2.2-TI2V-5B-Diffusers,1536x1536,9,8,1,none,0.1,0.346,0.202,True,38.4,38.26,40.37,restore_sp2,degrade,1.004,0.004,0.0,0.055
degrade,0.003,restore_sp2,0.0,Wan2.2-TI2V-5B-Diffusers,1536x1536,9,8,1,none,8.0,0.346,0.202,True,46.3,46.16,48.27,restore_sp2,degrade,1.003,0.003,0.0,0.046
degrade,0.0,degrade,0.0,Wan2.2-TI2V-5B-Diffusers,1536x1536,9,8,1,sp1,0.1,0.346,0.202,True,1.4,38.26,40.37,degrade,restore_sp2,27.275,0.0,26.275,27.779
degrade,0.0,degrade,0.0,Wan2.2-TI2V-5B-Diffusers,1536x1536,9,8,1,sp1,8.0,0.346,0.202,True,9.3,46.16,48.27,degrade,restore_sp2,4.962,0.0,3.962,4.189
restore_sp2,0.0,restore_sp2,0.0,Wan2.2-TI2V-5B-Diffusers,1536x1536,9,8,1,sp1+sp2,0.1,0.346,0.202,True,1.4,1.26,3.37,restore_sp2,degrade,1.114,0.114,0.0,1.676
restore_sp2,0.0,restore_sp2,0.0,Wan2.2-TI2V-5B-Diffusers,1536x1536,9,8,1,sp1+sp2,8.0,0.346,0.202,True,9.3,9.16,11.27,restore_sp2,degrade,1.016,0.016,0.0,0.23
degrade,0.062,restore_sp2,0.0,Wan2.2-TI2V-5B-Diffusers,1536x1536,20,2,18,none,0.1,0.346,0.202,True,44.29,41.7,42.59,restore_sp2,restart,1.021,0.062,0.0,0.021
degrade,0.052,restore_sp2,0.0,Wan2.2-TI2V-5B-Diffusers,1536x1536,20,2,18,none,8.0,0.346,0.202,True,52.19,49.6,50.49,restore_sp2,restart,1.018,0.052,0.0,0.018
degrade,0.0,degrade,0.0,Wan2.2-TI2V-5B-Diffusers,1536x1536,20,2,18,sp1,0.1,0.346,0.202,True,7.29,41.7,42.59,degrade,restore_sp2,5.718,0.0,4.718,4.841
degrade,0.0,degrade,0.0,Wan2.2-TI2V-5B-Diffusers,1536x1536,20,2,18,sp1,8.0,0.346,0.202,True,15.19,49.6,50.49,degrade,restore_sp2,3.265,0.0,2.265,2.324
restore_sp2,0.0,restore_sp2,0.0,Wan2.2-TI2V-5B-Diffusers,1536x1536,20,2,18,sp1+sp2,0.1,0.346,0.202,True,7.29,4.7,5.59,restore_sp2,restart,1.19,0.552,0.0,0.19
restore_sp2,0.0,restore_sp2,0.0,Wan2.2-TI2V-5B-Diffusers,1536x1536,20,2,18,sp1+sp2,8.0,0.346,0.202,True,15.19,12.6,13.49,restore_sp2,restart,1.071,0.206,0.0,0.071
degrade,0.053,restore_sp2,0.0,Wan2.2-TI2V-5B-Diffusers,1536x1536,20,5,15,none,0.1,0.346,0.202,True,43.25,41.09,42.59,restore_sp2,restart,1.037,0.053,0.0,0.037
degrade,0.044,restore_sp2,0.0,Wan2.2-TI2V-5B-Diffusers,1536x1536,20,5,15,none,8.0,0.346,0.202,True,51.15,48.99,50.49,restore_sp2,restart,1.031,0.044,0.0,0.031
degrade,0.0,degrade,0.0,Wan2.2-TI2V-5B-Diffusers,1536x1536,20,5,15,sp1,0.1,0.346,0.202,True,6.25,41.09,42.59,degrade,restore_sp2,6.571,0.0,5.571,5.811
degrade,0.0,degrade,0.0,Wan2.2-TI2V-5B-Diffusers,1536x1536,20,5,15,sp1,8.0,0.346,0.202,True,14.15,48.99,50.49,degrade,restore_sp2,3.462,0.0,2.462,2.568
restore_sp2,0.0,restore_sp2,0.0,Wan2.2-TI2V-5B-Diffusers,1536x1536,20,5,15,sp1+sp2,0.1,0.346,0.202,True,6.25,4.09,5.59,restore_sp2,restart,1.367,0.528,0.0,0.367
restore_sp2,0.0,restore_sp2,0.0,Wan2.2-TI2V-5B-Diffusers,1536x1536,20,5,15,sp1+sp2,8.0,0.346,0.202,True,14.15,11.99,13.49,restore_sp2,restart,1.125,0.18,0.0,0.125
degrade,0.036,restore_sp2,0.0,Wan2.2-TI2V-5B-Diffusers,1536x1536,20,10,10,none,0.1,0.346,0.202,True,41.52,40.08,42.59,restore_sp2,degrade,1.036,0.036,0.0,0.063
degrade,0.03,restore_sp2,0.0,Wan2.2-TI2V-5B-Diffusers,1536x1536,20,10,10,none,8.0,0.346,0.202,True,49.42,47.98,50.49,restore_sp2,degrade,1.03,0.03,0.0,0.052
degrade,0.0,degrade,0.0,Wan2.2-TI2V-5B-Diffusers,1536x1536,20,10,10,sp1,0.1,0.346,0.202,True,4.52,40.08,42.59,degrade,restore_sp2,8.865,0.0,7.865,8.421
degrade,0.0,degrade,0.0,Wan2.2-TI2V-5B-Diffusers,1536x1536,20,10,10,sp1,8.0,0.346,0.202,True,12.42,47.98,50.49,degrade,restore_sp2,3.863,0.0,2.863,3.065
restore_sp2,0.0,restore_sp2,0.0,Wan2.2-TI2V-5B-Diffusers,1536x1536,20,10,10,sp1+sp2,0.1,0.346,0.202,True,4.52,3.08,5.59,restore_sp2,degrade,1.468,0.468,0.0,0.816
restore_sp2,0.0,restore_sp2,0.0,Wan2.2-TI2V-5B-Diffusers,1536x1536,20,10,10,sp1+sp2,8.0,0.346,0.202,True,12.42,10.98,13.49,restore_sp2,degrade,1.131,0.131,0.0,0.229
degrade,0.018,restore_sp2,0.0,Wan2.2-TI2V-5B-Diffusers,1536x1536,20,15,5,none,0.1,0.346,0.202,True,39.79,39.07,42.59,restore_sp2,degrade,1.018,0.018,0.0,0.09
degrade,0.015,restore_sp2,0.0,Wan2.2-TI2V-5B-Diffusers,1536x1536,20,15,5,none,8.0,0.346,0.202,True,47.69,46.97,50.49,restore_sp2,degrade,1.015,0.015,0.0,0.075
degrade,0.0,degrade,0.0,Wan2.2-TI2V-5B-Diffusers,1536x1536,20,15,5,sp1,0.1,0.346,0.202,True,2.79,39.07,42.59,degrade,restore_sp2,14.01,0.0,13.01,14.274
degrade,0.0,degrade,0.0,Wan2.2-TI2V-5B-Diffusers,1536x1536,20,15,5,sp1,8.0,0.346,0.202,True,10.69,46.97,50.49,degrade,restore_sp2,4.394,0.0,3.394,3.724
restore_sp2,0.0,restore_sp2,0.0,Wan2.2-TI2V-5B-Diffusers,1536x1536,20,15,5,sp1+sp2,0.1,0.346,0.202,True,2.79,2.07,5.59,restore_sp2,degrade,1.348,0.348,0.0,1.705
restore_sp2,0.0,restore_sp2,0.0,Wan2.2-TI2V-5B-Diffusers,1536x1536,20,15,5,sp1+sp2,8.0,0.346,0.202,True,10.69,9.97,13.49,restore_sp2,degrade,1.072,0.072,0.0,0.354
degrade,0.007,restore_sp2,0.0,Wan2.2-TI2V-5B-Diffusers,1536x1536,20,18,2,none,0.1,0.346,0.202,True,38.75,38.46,42.59,restore_sp2,degrade,1.007,0.007,0.0,0.107
degrade,0.006,restore_sp2,0.0,Wan2.2-TI2V-5B-Diffusers,1536x1536,20,18,2,none,8.0,0.346,0.202,True,46.65,46.36,50.49,restore_sp2,degrade,1.006,0.006,0.0,0.089
degrade,0.0,degrade,0.0,Wan2.2-TI2V-5B-Diffusers,1536x1536,20,18,2,sp1,0.1,0.346,0.202,True,1.75,38.46,42.59,degrade,restore_sp2,21.988,0.0,20.988,23.351
degrade,0.0,degrade,0.0,Wan2.2-TI2V-5B-Diffusers,1536x1536,20,18,2,sp1,8.0,0.346,0.202,True,9.65,46.36,50.49,degrade,restore_sp2,4.805,0.0,3.805,4.233
restore_sp2,0.0,restore_sp2,0.0,Wan2.2-TI2V-5B-Diffusers,1536x1536,20,18,2,sp1+sp2,0.1,0.346,0.202,True,1.75,1.46,5.59,restore_sp2,degrade,1.197,0.197,0.0,2.829
restore_sp2,0.0,restore_sp2,0.0,Wan2.2-TI2V-5B-Diffusers,1536x1536,20,18,2,sp1+sp2,8.0,0.346,0.202,True,9.65,9.36,13.49,restore_sp2,degrade,1.031,0.031,0.0,0.442
degrade,0.089,restore_sp2,0.0,Wan2.2-TI2V-5B-Diffusers,1536x1536,30,3,27,none,0.1,0.346,0.202,True,47.41,43.52,44.62,restore_sp2,restart,1.025,0.089,0.0,0.025
degrade,0.076,restore_sp2,0.0,Wan2.2-TI2V-5B-Diffusers,1536x1536,30,3,27,none,8.0,0.346,0.202,True,55.31,51.42,52.52,restore_sp2,restart,1.021,0.076,0.0,0.021
degrade,0.0,degrade,0.0,Wan2.2-TI2V-5B-Diffusers,1536x1536,30,3,27,sp1,0.1,0.346,0.202,True,10.41,43.52,44.62,degrade,restore_sp2,4.18,0.0,3.18,3.286
degrade,0.0,degrade,0.0,Wan2.2-TI2V-5B-Diffusers,1536x1536,30,3,27,sp1,8.0,0.346,0.202,True,18.31,51.42,52.52,degrade,restore_sp2,2.808,0.0,1.808,1.868
restore_sp2,0.0,restore_sp2,0.0,Wan2.2-TI2V-5B-Diffusers,1536x1536,30,3,27,sp1+sp2,0.1,0.346,0.202,True,10.41,6.52,7.62,restore_sp2,restart,1.168,0.597,0.0,0.168
restore_sp2,0.0,restore_sp2,0.0,Wan2.2-TI2V-5B-Diffusers,1536x1536,30,3,27,sp1+sp2,8.0,0.346,0.202,True,18.31,14.42,15.52,restore_sp2,restart,1.076,0.27,0.0,0.076
degrade,0.075,restore_sp2,0.0,Wan2.2-TI2V-5B-Diffusers,1536x1536,30,8,22,none,0.1,0.346,0.202,True,45.68,42.51,44.62,restore_sp2,restart,1.05,0.075,0.0,0.05
degrade,0.063,restore_sp2,0.0,Wan2.2-TI2V-5B-Diffusers,1536x1536,30,8,22,none,8.0,0.346,0.202,True,53.58,50.41,52.52,restore_sp2,restart,1.042,0.063,0.0,0.042
degrade,0.0,degrade,0.0,Wan2.2-TI2V-5B-Diffusers,1536x1536,30,8,22,sp1,0.1,0.346,0.202,True,8.68,42.51,44.62,degrade,restore_sp2,4.898,0.0,3.898,4.141
degrade,0.0,degrade,0.0,Wan2.2-TI2V-5B-Diffusers,1536x1536,30,8,22,sp1,8.0,0.346,0.202,True,16.58,50.41,52.52,degrade,restore_sp2,3.041,0.0,2.041,2.168
restore_sp2,0.0,restore_sp2,0.0,Wan2.2-TI2V-5B-Diffusers,1536x1536,30,8,22,sp1+sp2,0.1,0.346,0.202,True,8.68,5.51,7.62,restore_sp2,restart,1.383,0.575,0.0,0.383
restore_sp2,0.0,restore_sp2,0.0,Wan2.2-TI2V-5B-Diffusers,1536x1536,30,8,22,sp1+sp2,8.0,0.346,0.202,True,16.58,13.41,15.52,restore_sp2,restart,1.157,0.236,0.0,0.157
degrade,0.053,restore_sp2,0.0,Wan2.2-TI2V-5B-Diffusers,1536x1536,30,15,15,none,0.1,0.346,0.202,True,43.25,41.09,44.62,restore_sp2,degrade,1.053,0.053,0.0,0.086
degrade,0.044,restore_sp2,0.0,Wan2.2-TI2V-5B-Diffusers,1536x1536,30,15,15,none,8.0,0.346,0.202,True,51.15,48.99,52.52,restore_sp2,degrade,1.044,0.044,0.0,0.072
degrade,0.0,degrade,0.0,Wan2.2-TI2V-5B-Diffusers,1536x1536,30,15,15,sp1,0.1,0.346,0.202,True,6.25,41.09,44.62,degrade,restore_sp2,6.571,0.0,5.571,6.135
degrade,0.0,degrade,0.0,Wan2.2-TI2V-5B-Diffusers,1536x1536,30,15,15,sp1,8.0,0.346,0.202,True,14.15,48.99,52.52,degrade,restore_sp2,3.462,0.0,2.462,2.711
restore_sp2,0.0,restore_sp2,0.0,Wan2.2-TI2V-5B-Diffusers,1536x1536,30,15,15,sp1+sp2,0.1,0.346,0.202,True,6.25,4.09,7.62,restore_sp2,degrade,1.528,0.528,0.0,0.862
restore_sp2,0.0,restore_sp2,0.0,Wan2.2-TI2V-5B-Diffusers,1536x1536,30,15,15,sp1+sp2,8.0,0.346,0.202,True,14.15,11.99,15.52,restore_sp2,degrade,1.18,0.18,0.0,0.294
degrade,0.029,restore_sp2,0.0,Wan2.2-TI2V-5B-Diffusers,1536x1536,30,22,8,none,0.1,0.346,0.202,True,40.83,39.68,44.62,restore_sp2,degrade,1.029,0.029,0.0,0.125
degrade,0.024,restore_sp2,0.0,Wan2.2-TI2V-5B-Diffusers,1536x1536,30,22,8,none,8.0,0.346,0.202,True,48.73,47.58,52.52,restore_sp2,degrade,1.024,0.024,0.0,0.104
degrade,0.0,degrade,0.0,Wan2.2-TI2V-5B-Diffusers,1536x1536,30,22,8,sp1,0.1,0.346,0.202,True,3.83,39.68,44.62,degrade,restore_sp2,10.364,0.0,9.364,10.656
degrade,0.0,degrade,0.0,Wan2.2-TI2V-5B-Diffusers,1536x1536,30,22,8,sp1,8.0,0.346,0.202,True,11.73,47.58,52.52,degrade,restore_sp2,4.057,0.0,3.057,3.478
restore_sp2,0.0,restore_sp2,0.0,Wan2.2-TI2V-5B-Diffusers,1536x1536,30,22,8,sp1+sp2,0.1,0.346,0.202,True,3.83,2.68,7.62,restore_sp2,degrade,1.431,0.431,0.0,1.848
restore_sp2,0.0,restore_sp2,0.0,Wan2.2-TI2V-5B-Diffusers,1536x1536,30,22,8,sp1+sp2,8.0,0.346,0.202,True,11.73,10.58,15.52,restore_sp2,degrade,1.109,0.109,0.0,0.467
degrade,0.011,restore_sp2,0.0,Wan2.2-TI2V-5B-Diffusers,1536x1536,30,27,3,none,0.1,0.346,0.202,True,39.1,38.66,44.62,restore_sp2,degrade,1.011,0.011,0.0,0.154
degrade,0.009,restore_sp2,0.0,Wan2.2-TI2V-5B-Diffusers,1536x1536,30,27,3,none,8.0,0.346,0.202,True,47.0,46.56,52.52,restore_sp2,degrade,1.009,0.009,0.0,0.128
degrade,0.0,degrade,0.0,Wan2.2-TI2V-5B-Diffusers,1536x1536,30,27,3,sp1,0.1,0.346,0.202,True,2.1,38.66,44.62,degrade,restore_sp2,18.449,0.0,17.449,20.291
degrade,0.0,degrade,0.0,Wan2.2-TI2V-5B-Diffusers,1536x1536,30,27,3,sp1,8.0,0.346,0.202,True,10.0,46.56,52.52,degrade,restore_sp2,4.658,0.0,3.658,4.254
restore_sp2,0.0,restore_sp2,0.0,Wan2.2-TI2V-5B-Diffusers,1536x1536,30,27,3,sp1+sp2,0.1,0.346,0.202,True,2.1,1.66,7.62,restore_sp2,degrade,1.26,0.26,0.0,3.58
restore_sp2,0.0,restore_sp2,0.0,Wan2.2-TI2V-5B-Diffusers,1536x1536,30,27,3,sp1+sp2,8.0,0.346,0.202,True,10.0,9.56,15.52,restore_sp2,degrade,1.045,0.045,0.0,0.623
degrade,0.137,restore_sp2,0.0,Wan2.2-TI2V-5B-Diffusers,1536x1536,50,5,45,none,0.1,0.346,0.202,True,53.65,47.16,48.67,restore_sp2,restart,1.032,0.137,0.0,0.032
degrade,0.118,restore_sp2,0.0,Wan2.2-TI2V-5B-Diffusers,1536x1536,50,5,45,none,8.0,0.346,0.202,True,61.55,55.06,56.57,restore_sp2,restart,1.027,0.118,0.0,0.027
degrade,0.0,degrade,0.0,Wan2.2-TI2V-5B-Diffusers,1536x1536,50,5,45,sp1,0.1,0.346,0.202,True,16.65,47.16,48.67,degrade,restore_sp2,2.833,0.0,1.833,1.923
degrade,0.0,degrade,0.0,Wan2.2-TI2V-5B-Diffusers,1536x1536,50,5,45,sp1,8.0,0.346,0.202,True,24.55,55.06,56.57,degrade,restore_sp2,2.243,0.0,1.243,1.304
restore_sp2,0.0,restore_sp2,0.0,Wan2.2-TI2V-5B-Diffusers,1536x1536,50,5,45,sp1+sp2,0.1,0.346,0.202,True,16.65,10.16,11.67,restore_sp2,restart,1.148,0.638,0.0,0.148
restore_sp2,0.0,restore_sp2,0.0,Wan2.2-TI2V-5B-Diffusers,1536x1536,50,5,45,sp1+sp2,8.0,0.346,0.202,True,24.55,18.06,19.57,restore_sp2,restart,1.083,0.359,0.0,0.083
degrade,0.12,restore_sp2,0.0,Wan2.2-TI2V-5B-Diffusers,1536x1536,50,12,38,none,0.1,0.346,0.202,True,51.22,45.75,48.67,restore_sp2,restart,1.064,0.12,0.0,0.064
degrade,0.102,restore_sp2,0.0,Wan2.2-TI2V-5B-Diffusers,1536x1536,50,12,38,none,8.0,0.346,0.202,True,59.12,53.65,56.57,restore_sp2,restart,1.054,0.102,0.0,0.054
degrade,0.0,degrade,0.0,Wan2.2-TI2V-5B-Diffusers,1536x1536,50,12,38,sp1,0.1,0.346,0.202,True,14.22,45.75,48.67,degrade,restore_sp2,3.217,0.0,2.217,2.422
degrade,0.0,degrade,0.0,Wan2.2-TI2V-5B-Diffusers,1536x1536,50,12,38,sp1,8.0,0.346,0.202,True,22.12,53.65,56.57,degrade,restore_sp2,2.425,0.0,1.425,1.557
restore_sp2,0.0,restore_sp2,0.0,Wan2.2-TI2V-5B-Diffusers,1536x1536,50,12,38,sp1+sp2,0.1,0.346,0.202,True,14.22,8.75,11.67,restore_sp2,restart,1.334,0.626,0.0,0.334
restore_sp2,0.0,restore_sp2,0.0,Wan2.2-TI2V-5B-Diffusers,1536x1536,50,12,38,sp1+sp2,8.0,0.346,0.202,True,22.12,16.65,19.57,restore_sp2,restart,1.175,0.329,0.0,0.175
degrade,0.084,restore_sp2,0.0,Wan2.2-TI2V-5B-Diffusers,1536x1536,50,25,25,none,0.1,0.346,0.202,True,46.72,43.12,48.67,restore_sp2,degrade,1.084,0.084,0.0,0.129
degrade,0.071,restore_sp2,0.0,Wan2.2-TI2V-5B-Diffusers,1536x1536,50,25,25,none,8.0,0.346,0.202,True,54.62,51.02,56.57,restore_sp2,degrade,1.071,0.071,0.0,0.109
degrade,0.0,degrade,0.0,Wan2.2-TI2V-5B-Diffusers,1536x1536,50,25,25,sp1,0.1,0.346,0.202,True,9.72,43.12,48.67,degrade,restore_sp2,4.437,0.0,3.437,4.008
degrade,0.0,degrade,0.0,Wan2.2-TI2V-5B-Diffusers,1536x1536,50,25,25,sp1,8.0,0.346,0.202,True,17.62,51.02,56.57,degrade,restore_sp2,2.896,0.0,1.896,2.211
restore_sp2,0.0,restore_sp2,0.0,Wan2.2-TI2V-5B-Diffusers,1536x1536,50,25,25,sp1+sp2,0.1,0.346,0.202,True,9.72,6.12,11.67,restore_sp2,degrade,1.589,0.589,0.0,0.907
restore_sp2,0.0,restore_sp2,0.0,Wan2.2-TI2V-5B-Diffusers,1536x1536,50,25,25,sp1+sp2,8.0,0.346,0.202,True,17.62,14.02,19.57,restore_sp2,degrade,1.257,0.257,0.0,0.396
degrade,0.043,restore_sp2,0.0,Wan2.2-TI2V-5B-Diffusers,1536x1536,50,38,12,none,0.1,0.346,0.202,True,42.21,40.49,48.67,restore_sp2,degrade,1.043,0.043,0.0,0.202
degrade,0.036,restore_sp2,0.0,Wan2.2-TI2V-5B-Diffusers,1536x1536,50,38,12,none,8.0,0.346,0.202,True,50.11,48.39,56.57,restore_sp2,degrade,1.036,0.036,0.0,0.169
degrade,0.0,degrade,0.0,Wan2.2-TI2V-5B-Diffusers,1536x1536,50,38,12,sp1,0.1,0.346,0.202,True,5.21,40.49,48.67,degrade,restore_sp2,7.765,0.0,6.765,8.334
degrade,0.0,degrade,0.0,Wan2.2-TI2V-5B-Diffusers,1536x1536,50,38,12,sp1,8.0,0.346,0.202,True,13.11,48.39,56.57,degrade,restore_sp2,3.69,0.0,2.69,3.313
restore_sp2,0.0,restore_sp2,0.0,Wan2.2-TI2V-5B-Diffusers,1536x1536,50,38,12,sp1+sp2,0.1,0.346,0.202,True,5.21,3.48,11.67,restore_sp2,degrade,1.496,0.496,0.0,2.348
restore_sp2,0.0,restore_sp2,0.0,Wan2.2-TI2V-5B-Diffusers,1536x1536,50,38,12,sp1+sp2,8.0,0.346,0.202,True,13.11,11.38,19.57,restore_sp2,degrade,1.152,0.152,0.0,0.719
degrade,0.018,restore_sp2,0.0,Wan2.2-TI2V-5B-Diffusers,1536x1536,50,45,5,none,0.1,0.346,0.202,True,39.79,39.07,48.67,restore_sp2,degrade,1.018,0.018,0.0,0.246
degrade,0.015,restore_sp2,0.0,Wan2.2-TI2V-5B-Diffusers,1536x1536,50,45,5,none,8.0,0.346,0.202,True,47.69,46.97,56.57,restore_sp2,degrade,1.015,0.015,0.0,0.204
degrade,0.0,degrade,0.0,Wan2.2-TI2V-5B-Diffusers,1536x1536,50,45,5,sp1,0.1,0.346,0.202,True,2.79,39.07,48.67,degrade,restore_sp2,14.01,0.0,13.01,16.452
degrade,0.0,degrade,0.0,Wan2.2-TI2V-5B-Diffusers,1536x1536,50,45,5,sp1,8.0,0.346,0.202,True,10.69,46.97,56.57,degrade,restore_sp2,4.394,0.0,3.394,4.292
restore_sp2,0.0,restore_sp2,0.0,Wan2.2-TI2V-5B-Diffusers,1536x1536,50,45,5,sp1+sp2,0.1,0.346,0.202,True,2.79,2.07,11.67,restore_sp2,degrade,1.348,0.348,0.0,4.641
restore_sp2,0.0,restore_sp2,0.0,Wan2.2-TI2V-5B-Diffusers,1536x1536,50,45,5,sp1+sp2,8.0,0.346,0.202,True,10.69,9.97,19.57,restore_sp2,degrade,1.072,0.072,0.0,0.963
degrade,0.024,restore_sp2,0.0,Wan2.2-TI2V-5B-Diffusers,832x480x17f,9,1,8,none,0.1,0.294,0.172,True,41.03,40.05,40.64,restore_sp2,restart,1.015,0.024,0.0,0.015
degrade,0.02,restore_sp2,0.0,Wan2.2-TI2V-5B-Diffusers,832x480x17f,9,1,8,none,8.0,0.294,0.172,True,48.93,47.95,48.54,restore_sp2,restart,1.012,0.02,0.0,0.012
degrade,0.0,degrade,0.0,Wan2.2-TI2V-5B-Diffusers,832x480x17f,9,1,8,sp1,0.1,0.294,0.172,True,4.03,40.05,40.64,degrade,restore_sp2,9.945,0.0,8.945,9.093
degrade,0.0,degrade,0.0,Wan2.2-TI2V-5B-Diffusers,832x480x17f,9,1,8,sp1,8.0,0.294,0.172,True,11.93,47.95,48.54,degrade,restore_sp2,4.02,0.0,3.02,3.07
restore_sp2,0.0,restore_sp2,0.0,Wan2.2-TI2V-5B-Diffusers,832x480x17f,9,1,8,sp1+sp2,0.1,0.294,0.172,True,4.03,3.05,3.64,restore_sp2,restart,1.195,0.321,0.0,0.195
restore_sp2,0.0,restore_sp2,0.0,Wan2.2-TI2V-5B-Diffusers,832x480x17f,9,1,8,sp1+sp2,8.0,0.294,0.172,True,11.93,10.95,11.54,restore_sp2,restart,1.054,0.089,0.0,0.054
degrade,0.021,restore_sp2,0.0,Wan2.2-TI2V-5B-Diffusers,832x480x17f,9,2,7,none,0.1,0.294,0.172,True,40.73,39.88,40.64,restore_sp2,restart,1.019,0.021,0.0,0.019
degrade,0.018,restore_sp2,0.0,Wan2.2-TI2V-5B-Diffusers,832x480x17f,9,2,7,none,8.0,0.294,0.172,True,48.63,47.78,48.54,restore_sp2,restart,1.016,0.018,0.0,0.016
degrade,0.0,degrade,0.0,Wan2.2-TI2V-5B-Diffusers,832x480x17f,9,2,7,sp1,0.1,0.294,0.172,True,3.73,39.88,40.64,degrade,restore_sp2,10.683,0.0,9.683,9.888
degrade,0.0,degrade,0.0,Wan2.2-TI2V-5B-Diffusers,832x480x17f,9,2,7,sp1,8.0,0.294,0.172,True,11.63,47.78,48.54,degrade,restore_sp2,4.107,0.0,3.107,3.173
restore_sp2,0.0,restore_sp2,0.0,Wan2.2-TI2V-5B-Diffusers,832x480x17f,9,2,7,sp1+sp2,0.1,0.294,0.172,True,3.73,2.88,3.64,restore_sp2,restart,1.266,0.298,0.0,0.266
restore_sp2,0.0,restore_sp2,0.0,Wan2.2-TI2V-5B-Diffusers,832x480x17f,9,2,7,sp1+sp2,8.0,0.294,0.172,True,11.63,10.78,11.54,restore_sp2,restart,1.071,0.079,0.0,0.071
degrade,0.015,restore_sp2,0.0,Wan2.2-TI2V-5B-Diffusers,832x480x17f,9,4,5,none,0.1,0.294,0.172,True,40.14,39.53,40.64,restore_sp2,degrade,1.015,0.015,0.0,0.028
degrade,0.013,restore_sp2,0.0,Wan2.2-TI2V-5B-Diffusers,832x480x17f,9,4,5,none,8.0,0.294,0.172,True,48.04,47.43,48.54,restore_sp2,degrade,1.013,0.013,0.0,0.023
degrade,0.0,degrade,0.0,Wan2.2-TI2V-5B-Diffusers,832x480x17f,9,4,5,sp1,0.1,0.294,0.172,True,3.14,39.53,40.64,degrade,restore_sp2,12.572,0.0,11.572,11.925
degrade,0.0,degrade,0.0,Wan2.2-TI2V-5B-Diffusers,832x480x17f,9,4,5,sp1,8.0,0.294,0.172,True,11.04,47.43,48.54,degrade,restore_sp2,4.295,0.0,3.295,3.395
restore_sp2,0.0,restore_sp2,0.0,Wan2.2-TI2V-5B-Diffusers,832x480x17f,9,4,5,sp1+sp2,0.1,0.294,0.172,True,3.14,2.53,3.64,restore_sp2,degrade,1.241,0.241,0.0,0.438
restore_sp2,0.0,restore_sp2,0.0,Wan2.2-TI2V-5B-Diffusers,832x480x17f,9,4,5,sp1+sp2,8.0,0.294,0.172,True,11.04,10.43,11.54,restore_sp2,degrade,1.059,0.059,0.0,0.106
degrade,0.006,restore_sp2,0.0,Wan2.2-TI2V-5B-Diffusers,832x480x17f,9,7,2,none,0.1,0.294,0.172,True,39.26,39.02,40.64,restore_sp2,degrade,1.006,0.006,0.0,0.042
degrade,0.005,restore_sp2,0.0,Wan2.2-TI2V-5B-Diffusers,832x480x17f,9,7,2,none,8.0,0.294,0.172,True,47.16,46.92,48.54,restore_sp2,degrade,1.005,0.005,0.0,0.035
degrade,0.0,degrade,0.0,Wan2.2-TI2V-5B-Diffusers,832x480x17f,9,7,2,sp1,0.1,0.294,0.172,True,2.26,39.02,40.64,degrade,restore_sp2,17.247,0.0,16.247,16.965
degrade,0.0,degrade,0.0,Wan2.2-TI2V-5B-Diffusers,832x480x17f,9,7,2,sp1,8.0,0.294,0.172,True,10.16,46.92,48.54,degrade,restore_sp2,4.617,0.0,3.617,3.777
restore_sp2,0.0,restore_sp2,0.0,Wan2.2-TI2V-5B-Diffusers,832x480x17f,9,7,2,sp1+sp2,0.1,0.294,0.172,True,2.26,2.02,3.64,restore_sp2,degrade,1.121,0.121,0.0,0.805
restore_sp2,0.0,restore_sp2,0.0,Wan2.2-TI2V-5B-Diffusers,832x480x17f,9,7,2,sp1+sp2,8.0,0.294,0.172,True,10.16,9.92,11.54,restore_sp2,degrade,1.025,0.025,0.0,0.164
degrade,0.003,restore_sp2,0.0,Wan2.2-TI2V-5B-Diffusers,832x480x17f,9,8,1,none,0.1,0.294,0.172,True,38.97,38.85,40.64,restore_sp2,degrade,1.003,0.003,0.0,0.046
degrade,0.003,restore_sp2,0.0,Wan2.2-TI2V-5B-Diffusers,832x480x17f,9,8,1,none,8.0,0.294,0.172,True,46.87,46.75,48.54,restore_sp2,degrade,1.003,0.003,0.0,0.038
degrade,0.0,degrade,0.0,Wan2.2-TI2V-5B-Diffusers,832x480x17f,9,8,1,sp1,0.1,0.294,0.172,True,1.97,38.85,40.64,degrade,restore_sp2,19.737,0.0,18.737,19.65
degrade,0.0,degrade,0.0,Wan2.2-TI2V-5B-Diffusers,832x480x17f,9,8,1,sp1,8.0,0.294,0.172,True,9.87,46.75,48.54,degrade,restore_sp2,4.737,0.0,3.737,3.919
restore_sp2,0.0,restore_sp2,0.0,Wan2.2-TI2V-5B-Diffusers,832x480x17f,9,8,1,sp1+sp2,0.1,0.294,0.172,True,1.97,1.85,3.64,restore_sp2,degrade,1.066,0.066,0.0,0.973
restore_sp2,0.0,restore_sp2,0.0,Wan2.2-TI2V-5B-Diffusers,832x480x17f,9,8,1,sp1+sp2,8.0,0.294,0.172,True,9.87,9.75,11.54,restore_sp2,degrade,1.013,0.013,0.0,0.184
degrade,0.053,restore_sp2,0.0,Wan2.2-TI2V-5B-Diffusers,832x480x17f,20,2,18,none,0.1,0.294,0.172,True,43.97,41.77,42.53,restore_sp2,restart,1.018,0.053,0.0,0.018
degrade,0.044,restore_sp2,0.0,Wan2.2-TI2V-5B-Diffusers,832x480x17f,20,2,18,none,8.0,0.294,0.172,True,51.87,49.67,50.43,restore_sp2,restart,1.015,0.044,0.0,0.015
degrade,0.0,degrade,0.0,Wan2.2-TI2V-5B-Diffusers,832x480x17f,20,2,18,sp1,0.1,0.294,0.172,True,6.97,41.77,42.53,degrade,restore_sp2,5.994,0.0,4.994,5.104
degrade,0.0,degrade,0.0,Wan2.2-TI2V-5B-Diffusers,832x480x17f,20,2,18,sp1,8.0,0.294,0.172,True,14.87,49.67,50.43,degrade,restore_sp2,3.341,0.0,2.341,2.392
restore_sp2,0.0,restore_sp2,0.0,Wan2.2-TI2V-5B-Diffusers,832x480x17f,20,2,18,sp1+sp2,0.1,0.294,0.172,True,6.97,4.77,5.53,restore_sp2,restart,1.161,0.462,0.0,0.161
restore_sp2,0.0,restore_sp2,0.0,Wan2.2-TI2V-5B-Diffusers,832x480x17f,20,2,18,sp1+sp2,8.0,0.294,0.172,True,14.87,12.67,13.43,restore_sp2,restart,1.06,0.174,0.0,0.06
degrade,0.044,restore_sp2,0.0,Wan2.2-TI2V-5B-Diffusers,832x480x17f,20,5,15,none,0.1,0.294,0.172,True,43.09,41.25,42.53,restore_sp2,restart,1.031,0.044,0.0,0.031
degrade,0.037,restore_sp2,0.0,Wan2.2-TI2V-5B-Diffusers,832x480x17f,20,5,15,none,8.0,0.294,0.172,True,50.99,49.15,50.43,restore_sp2,restart,1.026,0.037,0.0,0.026
degrade,0.0,degrade,0.0,Wan2.2-TI2V-5B-Diffusers,832x480x17f,20,5,15,sp1,0.1,0.294,0.172,True,6.09,41.25,42.53,degrade,restore_sp2,6.779,0.0,5.779,5.989
degrade,0.0,degrade,0.0,Wan2.2-TI2V-5B-Diffusers,832x480x17f,20,5,15,sp1,8.0,0.294,0.172,True,13.99,49.15,50.43,degrade,restore_sp2,3.514,0.0,2.514,2.606
restore_sp2,0.0,restore_sp2,0.0,Wan2.2-TI2V-5B-Diffusers,832x480x17f,20,5,15,sp1+sp2,0.1,0.294,0.172,True,6.09,4.25,5.53,restore_sp2,restart,1.301,0.432,0.0,0.301
restore_sp2,0.0,restore_sp2,0.0,Wan2.2-TI2V-5B-Diffusers,832x480x17f,20,5,15,sp1+sp2,8.0,0.294,0.172,True,13.99,12.15,13.43,restore_sp2,restart,1.105,0.151,0.0,0.105
degrade,0.03,restore_sp2,0.0,Wan2.2-TI2V-5B-Diffusers,832x480x17f,20,10,10,none,0.1,0.294,0.172,True,41.62,40.39,42.53,restore_sp2,degrade,1.03,0.03,0.0,0.053
degrade,0.025,restore_sp2,0.0,Wan2.2-TI2V-5B-Diffusers,832x480x17f,20,10,10,none,8.0,0.294,0.172,True,49.52,48.29,50.43,restore_sp2,degrade,1.025,0.025,0.0,0.044
degrade,0.0,degrade,0.0,Wan2.2-TI2V-5B-Diffusers,832x480x17f,20,10,10,sp1,0.1,0.294,0.172,True,4.62,40.39,42.53,degrade,restore_sp2,8.752,0.0,7.752,8.216
degrade,0.0,degrade,0.0,Wan2.2-TI2V-5B-Diffusers,832x480x17f,20,10,10,sp1,8.0,0.294,0.172,True,12.52,48.29,50.43,degrade,restore_sp2,3.859,0.0,2.859,3.03
restore_sp2,0.0,restore_sp2,0.0,Wan2.2-TI2V-5B-Diffusers,832x480x17f,20,10,10,sp1+sp2,0.1,0.294,0.172,True,4.62,3.39,5.53,restore_sp2,degrade,1.361,0.361,0.0,0.631
restore_sp2,0.0,restore_sp2,0.0,Wan2.2-TI2V-5B-Diffusers,832x480x17f,20,10,10,sp1+sp2,8.0,0.294,0.172,True,12.52,11.29,13.43,restore_sp2,degrade,1.108,0.108,0.0,0.19
degrade,0.015,restore_sp2,0.0,Wan2.2-TI2V-5B-Diffusers,832x480x17f,20,15,5,none,0.1,0.294,0.172,True,40.14,39.53,42.53,restore_sp2,degrade,1.015,0.015,0.0,0.076
degrade,0.013,restore_sp2,0.0,Wan2.2-TI2V-5B-Diffusers,832x480x17f,20,15,5,none,8.0,0.294,0.172,True,48.04,47.43,50.43,restore_sp2,degrade,1.013,0.013,0.0,0.063
degrade,0.0,degrade,0.0,Wan2.2-TI2V-5B-Diffusers,832x480x17f,20,15,5,sp1,0.1,0.294,0.172,True,3.14,39.53,42.53,degrade,restore_sp2,12.572,0.0,11.572,12.526
degrade,0.0,degrade,0.0,Wan2.2-TI2V-5B-Diffusers,832x480x17f,20,15,5,sp1,8.0,0.294,0.172,True,11.04,47.43,50.43,degrade,restore_sp2,4.295,0.0,3.295,3.566
restore_sp2,0.0,restore_sp2,0.0,Wan2.2-TI2V-5B-Diffusers,832x480x17f,20,15,5,sp1+sp2,0.1,0.294,0.172,True,3.14,2.53,5.53,restore_sp2,degrade,1.241,0.241,0.0,1.184
restore_sp2,0.0,restore_sp2,0.0,Wan2.2-TI2V-5B-Diffusers,832x480x17f,20,15,5,sp1+sp2,8.0,0.294,0.172,True,11.04,10.43,13.43,restore_sp2,degrade,1.059,0.059,0.0,0.287
degrade,0.006,restore_sp2,0.0,Wan2.2-TI2V-5B-Diffusers,832x480x17f,20,18,2,none,0.1,0.294,0.172,True,39.26,39.02,42.53,restore_sp2,degrade,1.006,0.006,0.0,0.09
degrade,0.005,restore_sp2,0.0,Wan2.2-TI2V-5B-Diffusers,832x480x17f,20,18,2,none,8.0,0.294,0.172,True,47.16,46.92,50.43,restore_sp2,degrade,1.005,0.005,0.0,0.075
degrade,0.0,degrade,0.0,Wan2.2-TI2V-5B-Diffusers,832x480x17f,20,18,2,sp1,0.1,0.294,0.172,True,2.26,39.02,42.53,degrade,restore_sp2,17.247,0.0,16.247,17.8
degrade,0.0,degrade,0.0,Wan2.2-TI2V-5B-Diffusers,832x480x17f,20,18,2,sp1,8.0,0.294,0.172,True,10.16,46.92,50.43,degrade,restore_sp2,4.617,0.0,3.617,3.963
restore_sp2,0.0,restore_sp2,0.0,Wan2.2-TI2V-5B-Diffusers,832x480x17f,20,18,2,sp1+sp2,0.1,0.294,0.172,True,2.26,2.02,5.53,restore_sp2,degrade,1.121,0.121,0.0,1.742
restore_sp2,0.0,restore_sp2,0.0,Wan2.2-TI2V-5B-Diffusers,832x480x17f,20,18,2,sp1+sp2,8.0,0.294,0.172,True,10.16,9.92,13.43,restore_sp2,degrade,1.025,0.025,0.0,0.354
degrade,0.076,restore_sp2,0.0,Wan2.2-TI2V-5B-Diffusers,832x480x17f,30,3,27,none,0.1,0.294,0.172,True,46.61,43.31,44.25,restore_sp2,restart,1.022,0.076,0.0,0.022
degrade,0.064,restore_sp2,0.0,Wan2.2-TI2V-5B-Diffusers,832x480x17f,30,3,27,none,8.0,0.294,0.172,True,54.51,51.21,52.15,restore_sp2,restart,1.018,0.064,0.0,0.018
degrade,0.0,degrade,0.0,Wan2.2-TI2V-5B-Diffusers,832x480x17f,30,3,27,sp1,0.1,0.294,0.172,True,9.61,43.31,44.25,degrade,restore_sp2,4.505,0.0,3.505,3.602
degrade,0.0,degrade,0.0,Wan2.2-TI2V-5B-Diffusers,832x480x17f,30,3,27,sp1,8.0,0.294,0.172,True,17.51,51.21,52.15,degrade,restore_sp2,2.924,0.0,1.924,1.978
restore_sp2,0.0,restore_sp2,0.0,Wan2.2-TI2V-5B-Diffusers,832x480x17f,30,3,27,sp1+sp2,0.1,0.294,0.172,True,9.61,6.31,7.25,restore_sp2,restart,1.148,0.523,0.0,0.148
restore_sp2,0.0,restore_sp2,0.0,Wan2.2-TI2V-5B-Diffusers,832x480x17f,30,3,27,sp1+sp2,8.0,0.294,0.172,True,17.51,14.21,15.15,restore_sp2,restart,1.066,0.232,0.0,0.066
degrade,0.063,restore_sp2,0.0,Wan2.2-TI2V-5B-Diffusers,832x480x17f,30,8,22,none,0.1,0.294,0.172,True,45.14,42.45,44.25,restore_sp2,restart,1.042,0.063,0.0,0.042
degrade,0.053,restore_sp2,0.0,Wan2.2-TI2V-5B-Diffusers,832x480x17f,30,8,22,none,8.0,0.294,0.172,True,53.04,50.35,52.15,restore_sp2,restart,1.036,0.053,0.0,0.036
degrade,0.0,degrade,0.0,Wan2.2-TI2V-5B-Diffusers,832x480x17f,30,8,22,sp1,0.1,0.294,0.172,True,8.14,42.45,44.25,degrade,restore_sp2,5.213,0.0,4.213,4.433
degrade,0.0,degrade,0.0,Wan2.2-TI2V-5B-Diffusers,832x480x17f,30,8,22,sp1,8.0,0.294,0.172,True,16.04,50.35,52.15,degrade,restore_sp2,3.138,0.0,2.138,2.25
restore_sp2,0.0,restore_sp2,0.0,Wan2.2-TI2V-5B-Diffusers,832x480x17f,30,8,22,sp1+sp2,0.1,0.294,0.172,True,8.14,5.45,7.25,restore_sp2,restart,1.329,0.493,0.0,0.329
restore_sp2,0.0,restore_sp2,0.0,Wan2.2-TI2V-5B-Diffusers,832x480x17f,30,8,22,sp1+sp2,8.0,0.294,0.172,True,16.04,13.35,15.15,restore_sp2,restart,1.135,0.201,0.0,0.135
degrade,0.044,restore_sp2,0.0,Wan2.2-TI2V-5B-Diffusers,832x480x17f,30,15,15,none,0.1,0.294,0.172,True,43.09,41.25,44.25,restore_sp2,degrade,1.044,0.044,0.0,0.073
degrade,0.037,restore_sp2,0.0,Wan2.2-TI2V-5B-Diffusers,832x480x17f,30,15,15,none,8.0,0.294,0.172,True,50.99,49.15,52.15,restore_sp2,degrade,1.037,0.037,0.0,0.061
degrade,0.0,degrade,0.0,Wan2.2-TI2V-5B-Diffusers,832x480x17f,30,15,15,sp1,0.1,0.294,0.172,True,6.09,41.25,44.25,degrade,restore_sp2,6.779,0.0,5.779,6.271
degrade,0.0,degrade,0.0,Wan2.2-TI2V-5B-Diffusers,832x480x17f,30,15,15,sp1,8.0,0.294,0.172,True,13.99,49.15,52.15,degrade,restore_sp2,3.514,0.0,2.514,2.729
restore_sp2,0.0,restore_sp2,0.0,Wan2.2-TI2V-5B-Diffusers,832x480x17f,30,15,15,sp1+sp2,0.1,0.294,0.172,True,6.09,4.25,7.25,restore_sp2,degrade,1.432,0.432,0.0,0.705
restore_sp2,0.0,restore_sp2,0.0,Wan2.2-TI2V-5B-Diffusers,832x480x17f,30,15,15,sp1+sp2,8.0,0.294,0.172,True,13.99,12.15,15.15,restore_sp2,degrade,1.151,0.151,0.0,0.247
degrade,0.024,restore_sp2,0.0,Wan2.2-TI2V-5B-Diffusers,832x480x17f,30,22,8,none,0.1,0.294,0.172,True,41.03,40.05,44.25,restore_sp2,degrade,1.024,0.024,0.0,0.105
degrade,0.02,restore_sp2,0.0,Wan2.2-TI2V-5B-Diffusers,832x480x17f,30,22,8,none,8.0,0.294,0.172,True,48.93,47.95,52.15,restore_sp2,degrade,1.02,0.02,0.0,0.088
degrade,0.0,degrade,0.0,Wan2.2-TI2V-5B-Diffusers,832x480x17f,30,22,8,sp1,0.1,0.294,0.172,True,4.03,40.05,44.25,degrade,restore_sp2,9.945,0.0,8.945,9.989
degrade,0.0,degrade,0.0,Wan2.2-TI2V-5B-Diffusers,832x480x17f,30,22,8,sp1,8.0,0.294,0.172,True,11.93,47.95,52.15,degrade,restore_sp2,4.02,0.0,3.02,3.372
restore_sp2,0.0,restore_sp2,0.0,Wan2.2-TI2V-5B-Diffusers,832x480x17f,30,22,8,sp1+sp2,0.1,0.294,0.172,True,4.03,3.05,7.25,restore_sp2,degrade,1.321,0.321,0.0,1.378
restore_sp2,0.0,restore_sp2,0.0,Wan2.2-TI2V-5B-Diffusers,832x480x17f,30,22,8,sp1+sp2,8.0,0.294,0.172,True,11.93,10.95,15.15,restore_sp2,degrade,1.089,0.089,0.0,0.384
degrade,0.009,restore_sp2,0.0,Wan2.2-TI2V-5B-Diffusers,832x480x17f,30,27,3,none,0.1,0.294,0.172,True,39.56,39.19,44.25,restore_sp2,degrade,1.009,0.009,0.0,0.129
degrade,0.008,restore_sp2,0.0,Wan2.2-TI2V-5B-Diffusers,832x480x17f,30,27,3,none,8.0,0.294,0.172,True,47.46,47.09,52.15,restore_sp2,degrade,1.008,0.008,0.0,0.107
degrade,0.0,degrade,0.0,Wan2.2-TI2V-5B-Diffusers,832x480x17f,30,27,3,sp1,0.1,0.294,0.172,True,2.56,39.19,44.25,degrade,restore_sp2,15.33,0.0,14.33,16.31
degrade,0.0,degrade,0.0,Wan2.2-TI2V-5B-Diffusers,832x480x17f,30,27,3,sp1,8.0,0.294,0.172,True,10.46,47.09,52.15,degrade,restore_sp2,4.503,0.0,3.503,3.987
restore_sp2,0.0,restore_sp2,0.0,Wan2.2-TI2V-5B-Diffusers,832x480x17f,30,27,3,sp1+sp2,0.1,0.294,0.172,True,2.56,2.19,7.25,restore_sp2,degrade,1.168,0.168,0.0,2.311
restore_sp2,0.0,restore_sp2,0.0,Wan2.2-TI2V-5B-Diffusers,832x480x17f,30,27,3,sp1+sp2,8.0,0.294,0.172,True,10.46,10.09,15.15,restore_sp2,degrade,1.036,0.036,0.0,0.502
degrade,0.119,restore_sp2,0.0,Wan2.2-TI2V-5B-Diffusers,832x480x17f,50,5,45,none,0.1,0.294,0.172,True,51.91,46.41,47.69,restore_sp2,restart,1.028,0.119,0.0,0.028
degrade,0.101,restore_sp2,0.0,Wan2.2-TI2V-5B-Diffusers,832x480x17f,50,5,45,none,8.0,0.294,0.172,True,59.81,54.31,55.59,restore_sp2,restart,1.024,0.101,0.0,0.024
degrade,0.0,degrade,0.0,Wan2.2-TI2V-5B-Diffusers,832x480x17f,50,5,45,sp1,0.1,0.294,0.172,True,14.91,46.41,47.69,degrade,restore_sp2,3.113,0.0,2.113,2.199
degrade,0.0,degrade,0.0,Wan2.2-TI2V-5B-Diffusers,832x480x17f,50,5,45,sp1,8.0,0.294,0.172,True,22.81,54.31,55.59,degrade,restore_sp2,2.381,0.0,1.381,1.437
restore_sp2,0.0,restore_sp2,0.0,Wan2.2-TI2V-5B-Diffusers,832x480x17f,50,5,45,sp1+sp2,0.1,0.294,0.172,True,14.91,9.41,10.69,restore_sp2,restart,1.136,0.585,0.0,0.136
restore_sp2,0.0,restore_sp2,0.0,Wan2.2-TI2V-5B-Diffusers,832x480x17f,50,5,45,sp1+sp2,8.0,0.294,0.172,True,22.81,17.31,18.59,restore_sp2,restart,1.074,0.318,0.0,0.074
degrade,0.103,restore_sp2,0.0,Wan2.2-TI2V-5B-Diffusers,832x480x17f,50,12,38,none,0.1,0.294,0.172,True,49.85,45.2,47.69,restore_sp2,restart,1.055,0.103,0.0,0.055
degrade,0.088,restore_sp2,0.0,Wan2.2-TI2V-5B-Diffusers,832x480x17f,50,12,38,none,8.0,0.294,0.172,True,57.75,53.1,55.59,restore_sp2,restart,1.047,0.088,0.0,0.047
degrade,0.0,degrade,0.0,Wan2.2-TI2V-5B-Diffusers,832x480x17f,50,12,38,sp1,0.1,0.294,0.172,True,12.85,45.2,47.69,degrade,restore_sp2,3.518,0.0,2.518,2.711
degrade,0.0,degrade,0.0,Wan2.2-TI2V-5B-Diffusers,832x480x17f,50,12,38,sp1,8.0,0.294,0.172,True,20.75,53.1,55.59,degrade,restore_sp2,2.559,0.0,1.559,1.679
restore_sp2,0.0,restore_sp2,0.0,Wan2.2-TI2V-5B-Diffusers,832x480x17f,50,12,38,sp1+sp2,0.1,0.294,0.172,True,12.85,8.2,10.69,restore_sp2,restart,1.303,0.567,0.0,0.303
restore_sp2,0.0,restore_sp2,0.0,Wan2.2-TI2V-5B-Diffusers,832x480x17f,50,12,38,sp1+sp2,8.0,0.294,0.172,True,20.75,16.1,18.59,restore_sp2,restart,1.154,0.289,0.0,0.154
degrade,0.071,restore_sp2,0.0,Wan2.2-TI2V-5B-Diffusers,832x480x17f,50,25,25,none,0.1,0.294,0.172,True,46.03,42.97,47.69,restore_sp2,degrade,1.071,0.071,0.0,0.11
degrade,0.06,restore_sp2,0.0,Wan2.2-TI2V-5B-Diffusers,832x480x17f,50,25,25,none,8.0,0.294,0.172,True,53.93,50.87,55.59,restore_sp2,degrade,1.06,0.06,0.0,0.093
degrade,0.0,degrade,0.0,Wan2.2-TI2V-5B-Diffusers,832x480x17f,50,25,25,sp1,0.1,0.294,0.172,True,9.03,42.97,47.69,degrade,restore_sp2,4.76,0.0,3.76,4.283
degrade,0.0,degrade,0.0,Wan2.2-TI2V-5B-Diffusers,832x480x17f,50,25,25,sp1,8.0,0.294,0.172,True,16.93,50.87,55.59,degrade,restore_sp2,3.005,0.0,2.005,2.284
restore_sp2,0.0,restore_sp2,0.0,Wan2.2-TI2V-5B-Diffusers,832x480x17f,50,25,25,sp1+sp2,0.1,0.294,0.172,True,9.03,5.97,10.69,restore_sp2,degrade,1.512,0.512,0.0,0.79
restore_sp2,0.0,restore_sp2,0.0,Wan2.2-TI2V-5B-Diffusers,832x480x17f,50,25,25,sp1+sp2,8.0,0.294,0.172,True,16.93,13.87,18.59,restore_sp2,degrade,1.22,0.22,0.0,0.34
degrade,0.036,restore_sp2,0.0,Wan2.2-TI2V-5B-Diffusers,832x480x17f,50,38,12,none,0.1,0.294,0.172,True,42.2,40.74,47.69,restore_sp2,degrade,1.036,0.036,0.0,0.171
degrade,0.03,restore_sp2,0.0,Wan2.2-TI2V-5B-Diffusers,832x480x17f,50,38,12,none,8.0,0.294,0.172,True,50.1,48.64,55.59,restore_sp2,degrade,1.03,0.03,0.0,0.143
degrade,0.0,degrade,0.0,Wan2.2-TI2V-5B-Diffusers,832x480x17f,50,38,12,sp1,0.1,0.294,0.172,True,5.2,40.74,47.69,degrade,restore_sp2,7.829,0.0,6.829,8.165
degrade,0.0,degrade,0.0,Wan2.2-TI2V-5B-Diffusers,832x480x17f,50,38,12,sp1,8.0,0.294,0.172,True,13.1,48.64,55.59,degrade,restore_sp2,3.712,0.0,2.712,3.242
restore_sp2,0.0,restore_sp2,0.0,Wan2.2-TI2V-5B-Diffusers,832x480x17f,50,38,12,sp1+sp2,0.1,0.294,0.172,True,5.2,3.74,10.69,restore_sp2,degrade,1.393,0.393,0.0,1.861
restore_sp2,0.0,restore_sp2,0.0,Wan2.2-TI2V-5B-Diffusers,832x480x17f,50,38,12,sp1+sp2,8.0,0.294,0.172,True,13.1,11.64,18.59,restore_sp2,degrade,1.126,0.126,0.0,0.597
degrade,0.015,restore_sp2,0.0,Wan2.2-TI2V-5B-Diffusers,832x480x17f,50,45,5,none,0.1,0.294,0.172,True,40.14,39.53,47.69,restore_sp2,degrade,1.015,0.015,0.0,0.206
degrade,0.013,restore_sp2,0.0,Wan2.2-TI2V-5B-Diffusers,832x480x17f,50,45,5,none,8.0,0.294,0.172,True,48.04,47.43,55.59,restore_sp2,degrade,1.013,0.013,0.0,0.172
degrade,0.0,degrade,0.0,Wan2.2-TI2V-5B-Diffusers,832x480x17f,50,45,5,sp1,0.1,0.294,0.172,True,3.14,39.53,47.69,degrade,restore_sp2,12.572,0.0,11.572,14.165
degrade,0.0,degrade,0.0,Wan2.2-TI2V-5B-Diffusers,832x480x17f,50,45,5,sp1,8.0,0.294,0.172,True,11.04,47.43,55.59,degrade,restore_sp2,4.295,0.0,3.295,4.033
restore_sp2,0.0,restore_sp2,0.0,Wan2.2-TI2V-5B-Diffusers,832x480x17f,50,45,5,sp1+sp2,0.1,0.294,0.172,True,3.14,2.53,10.69,restore_sp2,degrade,1.241,0.241,0.0,3.219
restore_sp2,0.0,restore_sp2,0.0,Wan2.2-TI2V-5B-Diffusers,832x480x17f,50,45,5,sp1+sp2,8.0,0.294,0.172,True,11.04,10.43,18.59,restore_sp2,degrade,1.059,0.059,0.0,0.781
degrade,0.051,restore_sp2,0.0,Wan2.2-TI2V-5B-Diffusers,1280x704x17f,9,1,8,none,0.1,0.665,0.388,True,45.94,43.73,44.53,restore_sp2,restart,1.018,0.051,0.0,0.018
degrade,0.043,restore_sp2,0.0,Wan2.2-TI2V-5B-Diffusers,1280x704x17f,9,1,8,none,8.0,0.665,0.388,True,53.84,51.63,52.43,restore_sp2,restart,1.016,0.043,0.0,0.016
degrade,0.0,degrade,0.0,Wan2.2-TI2V-5B-Diffusers,1280x704x17f,9,1,8,sp1,0.1,0.665,0.388,True,8.94,43.73,44.53,degrade,restore_sp2,4.891,0.0,3.891,3.981
degrade,0.0,degrade,0.0,Wan2.2-TI2V-5B-Diffusers,1280x704x17f,9,1,8,sp1,8.0,0.665,0.388,True,16.84,51.63,52.43,degrade,restore_sp2,3.066,0.0,2.066,2.114
restore_sp2,0.0,restore_sp2,0.0,Wan2.2-TI2V-5B-Diffusers,1280x704x17f,9,1,8,sp1+sp2,0.1,0.665,0.388,True,8.94,6.73,7.53,restore_sp2,restart,1.119,0.329,0.0,0.119
restore_sp2,0.0,restore_sp2,0.0,Wan2.2-TI2V-5B-Diffusers,1280x704x17f,9,1,8,sp1+sp2,8.0,0.665,0.388,True,16.84,14.63,15.43,restore_sp2,restart,1.055,0.151,0.0,0.055
degrade,0.045,restore_sp2,0.0,Wan2.2-TI2V-5B-Diffusers,1280x704x17f,9,2,7,none,0.1,0.665,0.388,True,45.27,43.34,44.53,restore_sp2,restart,1.027,0.045,0.0,0.027
degrade,0.038,restore_sp2,0.0,Wan2.2-TI2V-5B-Diffusers,1280x704x17f,9,2,7,none,8.0,0.665,0.388,True,53.17,51.24,52.43,restore_sp2,restart,1.023,0.038,0.0,0.023
degrade,0.0,degrade,0.0,Wan2.2-TI2V-5B-Diffusers,1280x704x17f,9,2,7,sp1,0.1,0.665,0.388,True,8.27,43.34,44.53,degrade,restore_sp2,5.238,0.0,4.238,4.382
degrade,0.0,degrade,0.0,Wan2.2-TI2V-5B-Diffusers,1280x704x17f,9,2,7,sp1,8.0,0.665,0.388,True,16.17,51.24,52.43,degrade,restore_sp2,3.168,0.0,2.168,2.242
restore_sp2,0.0,restore_sp2,0.0,Wan2.2-TI2V-5B-Diffusers,1280x704x17f,9,2,7,sp1+sp2,0.1,0.665,0.388,True,8.27,6.34,7.53,restore_sp2,restart,1.188,0.305,0.0,0.188
restore_sp2,0.0,restore_sp2,0.0,Wan2.2-TI2V-5B-Diffusers,1280x704x17f,9,2,7,sp1+sp2,8.0,0.665,0.388,True,16.17,14.24,15.43,restore_sp2,restart,1.084,0.136,0.0,0.084
degrade,0.032,restore_sp2,0.0,Wan2.2-TI2V-5B-Diffusers,1280x704x17f,9,4,5,none,0.1,0.665,0.388,True,43.94,42.56,44.53,restore_sp2,degrade,1.032,0.032,0.0,0.046
degrade,0.027,restore_sp2,0.0,Wan2.2-TI2V-5B-Diffusers,1280x704x17f,9,4,5,none,8.0,0.665,0.388,True,51.84,50.46,52.43,restore_sp2,degrade,1.027,0.027,0.0,0.039
degrade,0.0,degrade,0.0,Wan2.2-TI2V-5B-Diffusers,1280x704x17f,9,4,5,sp1,0.1,0.665,0.388,True,6.94,42.56,44.53,degrade,restore_sp2,6.129,0.0,5.129,5.412
degrade,0.0,degrade,0.0,Wan2.2-TI2V-5B-Diffusers,1280x704x17f,9,4,5,sp1,8.0,0.665,0.388,True,14.84,50.46,52.43,degrade,restore_sp2,3.399,0.0,2.399,2.532
restore_sp2,0.0,restore_sp2,0.0,Wan2.2-TI2V-5B-Diffusers,1280x704x17f,9,4,5,sp1+sp2,0.1,0.665,0.388,True,6.94,5.56,7.53,restore_sp2,degrade,1.249,0.249,0.0,0.354
restore_sp2,0.0,restore_sp2,0.0,Wan2.2-TI2V-5B-Diffusers,1280x704x17f,9,4,5,sp1+sp2,8.0,0.665,0.388,True,14.84,13.46,15.43,restore_sp2,degrade,1.103,0.103,0.0,0.146
degrade,0.013,restore_sp2,0.0,Wan2.2-TI2V-5B-Diffusers,1280x704x17f,9,7,2,none,0.1,0.665,0.388,True,41.95,41.4,44.53,restore_sp2,degrade,1.013,0.013,0.0,0.076
degrade,0.011,restore_sp2,0.0,Wan2.2-TI2V-5B-Diffusers,1280x704x17f,9,7,2,none,8.0,0.665,0.388,True,49.85,49.3,52.43,restore_sp2,degrade,1.011,0.011,0.0,0.064
degrade,0.0,degrade,0.0,Wan2.2-TI2V-5B-Diffusers,1280x704x17f,9,7,2,sp1,0.1,0.665,0.388,True,4.95,41.4,44.53,degrade,restore_sp2,8.363,0.0,7.363,7.996
degrade,0.0,degrade,0.0,Wan2.2-TI2V-5B-Diffusers,1280x704x17f,9,7,2,sp1,8.0,0.665,0.388,True,12.85,49.3,52.43,degrade,restore_sp2,3.836,0.0,2.836,3.08
restore_sp2,0.0,restore_sp2,0.0,Wan2.2-TI2V-5B-Diffusers,1280x704x17f,9,7,2,sp1+sp2,0.1,0.665,0.388,True,4.95,4.4,7.53,restore_sp2,degrade,1.126,0.126,0.0,0.713
restore_sp2,0.0,restore_sp2,0.0,Wan2.2-TI2V-5B-Diffusers,1280x704x17f,9,7,2,sp1+sp2,8.0,0.665,0.388,True,12.85,12.3,15.43,restore_sp2,degrade,1.045,0.045,0.0,0.255
degrade,0.007,restore_sp2,0.0,Wan2.2-TI2V-5B-Diffusers,1280x704x17f,9,8,1,none,0.1,0.665,0.388,True,41.29,41.01,44.53,restore_sp2,degrade,1.007,0.007,0.0,0.086
degrade,0.006,restore_sp2,0.0,Wan2.2-TI2V-5B-Diffusers,1280x704x17f,9,8,1,none,8.0,0.665,0.388,True,49.19,48.91,52.43,restore_sp2,degrade,1.006,0.006,0.0,0.072
degrade,0.0,degrade,0.0,Wan2.2-TI2V-5B-Diffusers,1280x704x17f,9,8,1,sp1,0.1,0.665,0.388,True,4.29,41.01,44.53,degrade,restore_sp2,9.569,0.0,8.569,9.391
degrade,0.0,degrade,0.0,Wan2.2-TI2V-5B-Diffusers,1280x704x17f,9,8,1,sp1,8.0,0.665,0.388,True,12.19,48.91,52.43,degrade,restore_sp2,4.014,0.0,3.014,3.303
restore_sp2,0.0,restore_sp2,0.0,Wan2.2-TI2V-5B-Diffusers,1280x704x17f,9,8,1,sp1+sp2,0.1,0.665,0.388,True,4.29,4.01,7.53,restore_sp2,degrade,1.069,0.069,0.0,0.878
restore_sp2,0.0,restore_sp2,0.0,Wan2.2-TI2V-5B-Diffusers,1280x704x17f,9,8,1,sp1+sp2,8.0,0.665,0.388,True,12.19,11.91,15.43,restore_sp2,degrade,1.023,0.023,0.0,0.296
degrade,0.105,restore_sp2,0.0,Wan2.2-TI2V-5B-Diffusers,1280x704x17f,20,2,18,none,0.1,0.665,0.388,True,52.59,47.61,48.8,restore_sp2,restart,1.025,0.105,0.0,0.025
degrade,0.09,restore_sp2,0.0,Wan2.2-TI2V-5B-Diffusers,1280x704x17f,20,2,18,none,8.0,0.665,0.388,True,60.49,55.51,56.7,restore_sp2,restart,1.021,0.09,0.0,0.021
degrade,0.0,degrade,0.0,Wan2.2-TI2V-5B-Diffusers,1280x704x17f,20,2,18,sp1,0.1,0.665,0.388,True,15.59,47.61,48.8,degrade,restore_sp2,3.054,0.0,2.054,2.131
degrade,0.0,degrade,0.0,Wan2.2-TI2V-5B-Diffusers,1280x704x17f,20,2,18,sp1,8.0,0.665,0.388,True,23.49,55.51,56.7,degrade,restore_sp2,2.363,0.0,1.363,1.414
restore_sp2,0.0,restore_sp2,0.0,Wan2.2-TI2V-5B-Diffusers,1280x704x17f,20,2,18,sp1+sp2,0.1,0.665,0.388,True,15.59,10.61,11.8,restore_sp2,restart,1.112,0.469,0.0,0.112
restore_sp2,0.0,restore_sp2,0.0,Wan2.2-TI2V-5B-Diffusers,1280x704x17f,20,2,18,sp1+sp2,8.0,0.665,0.388,True,23.49,18.51,19.7,restore_sp2,restart,1.064,0.269,0.0,0.064
degrade,0.089,restore_sp2,0.0,Wan2.2-TI2V-5B-Diffusers,1280x704x17f,20,5,15,none,0.1,0.665,0.388,True,50.59,46.45,48.8,restore_sp2,restart,1.051,0.089,0.0,0.051
degrade,0.076,restore_sp2,0.0,Wan2.2-TI2V-5B-Diffusers,1280x704x17f,20,5,15,none,8.0,0.665,0.388,True,58.49,54.35,56.7,restore_sp2,restart,1.043,0.076,0.0,0.043
degrade,0.0,degrade,0.0,Wan2.2-TI2V-5B-Diffusers,1280x704x17f,20,5,15,sp1,0.1,0.665,0.388,True,13.59,46.45,48.8,degrade,restore_sp2,3.417,0.0,2.417,2.59
degrade,0.0,degrade,0.0,Wan2.2-TI2V-5B-Diffusers,1280x704x17f,20,5,15,sp1,8.0,0.665,0.388,True,21.49,54.35,56.7,degrade,restore_sp2,2.528,0.0,1.528,1.638
restore_sp2,0.0,restore_sp2,0.0,Wan2.2-TI2V-5B-Diffusers,1280x704x17f,20,5,15,sp1+sp2,0.1,0.665,0.388,True,13.59,9.45,11.8,restore_sp2,restart,1.249,0.439,0.0,0.249
restore_sp2,0.0,restore_sp2,0.0,Wan2.2-TI2V-5B-Diffusers,1280x704x17f,20,5,15,sp1+sp2,8.0,0.665,0.388,True,21.49,17.35,19.7,restore_sp2,restart,1.136,0.239,0.0,0.136
degrade,0.062,restore_sp2,0.0,Wan2.2-TI2V-5B-Diffusers,1280x704x17f,20,10,10,none,0.1,0.665,0.388,True,47.27,44.5,48.8,restore_sp2,degrade,1.062,0.062,0.0,0.097
degrade,0.053,restore_sp2,0.0,Wan2.2-TI2V-5B-Diffusers,1280x704x17f,20,10,10,none,8.0,0.665,0.388,True,55.17,52.4,56.7,restore_sp2,degrade,1.053,0.053,0.0,0.082
degrade,0.0,degrade,0.0,Wan2.2-TI2V-5B-Diffusers,1280x704x17f,20,10,10,sp1,0.1,0.665,0.388,True,10.27,44.5,48.8,degrade,restore_sp2,4.334,0.0,3.334,3.752
degrade,0.0,degrade,0.0,Wan2.2-TI2V-5B-Diffusers,1280x704x17f,20,10,10,sp1,8.0,0.665,0.388,True,18.17,52.4,56.7,degrade,restore_sp2,2.884,0.0,1.884,2.121
restore_sp2,0.0,restore_sp2,0.0,Wan2.2-TI2V-5B-Diffusers,1280x704x17f,20,10,10,sp1+sp2,0.1,0.665,0.388,True,10.27,7.5,11.8,restore_sp2,degrade,1.368,0.368,0.0,0.573
restore_sp2,0.0,restore_sp2,0.0,Wan2.2-TI2V-5B-Diffusers,1280x704x17f,20,10,10,sp1+sp2,8.0,0.665,0.388,True,18.17,15.4,19.7,restore_sp2,degrade,1.179,0.179,0.0,0.279
degrade,0.032,restore_sp2,0.0,Wan2.2-TI2V-5B-Diffusers,1280x704x17f,20,15,5,none,0.1,0.665,0.388,True,43.94,42.56,48.8,restore_sp2,degrade,1.032,0.032,0.0,0.147
degrade,0.027,restore_sp2,0.0,Wan2.2-TI2V-5B-Diffusers,1280x704x17f,20,15,5,none,8.0,0.665,0.388,True,51.84,50.46,56.7,restore_sp2,degrade,1.027,0.027,0.0,0.124
degrade,0.0,degrade,0.0,Wan2.2-TI2V-5B-Diffusers,1280x704x17f,20,15,5,sp1,0.1,0.665,0.388,True,6.94,42.56,48.8,degrade,restore_sp2,6.129,0.0,5.129,6.027
degrade,0.0,degrade,0.0,Wan2.2-TI2V-5B-Diffusers,1280x704x17f,20,15,5,sp1,8.0,0.665,0.388,True,14.84,50.46,56.7,degrade,restore_sp2,3.399,0.0,2.399,2.82
restore_sp2,0.0,restore_sp2,0.0,Wan2.2-TI2V-5B-Diffusers,1280x704x17f,20,15,5,sp1+sp2,0.1,0.665,0.388,True,6.94,5.56,11.8,restore_sp2,degrade,1.249,0.249,0.0,1.122
restore_sp2,0.0,restore_sp2,0.0,Wan2.2-TI2V-5B-Diffusers,1280x704x17f,20,15,5,sp1+sp2,8.0,0.665,0.388,True,14.84,13.46,19.7,restore_sp2,degrade,1.103,0.103,0.0,0.464
degrade,0.013,restore_sp2,0.0,Wan2.2-TI2V-5B-Diffusers,1280x704x17f,20,18,2,none,0.1,0.665,0.388,True,41.95,41.4,48.8,restore_sp2,degrade,1.013,0.013,0.0,0.179
degrade,0.011,restore_sp2,0.0,Wan2.2-TI2V-5B-Diffusers,1280x704x17f,20,18,2,none,8.0,0.665,0.388,True,49.85,49.3,56.7,restore_sp2,degrade,1.011,0.011,0.0,0.15
degrade,0.0,degrade,0.0,Wan2.2-TI2V-5B-Diffusers,1280x704x17f,20,18,2,sp1,0.1,0.665,0.388,True,4.95,41.4,48.8,degrade,restore_sp2,8.363,0.0,7.363,8.859
degrade,0.0,degrade,0.0,Wan2.2-TI2V-5B-Diffusers,1280x704x17f,20,18,2,sp1,8.0,0.665,0.388,True,12.85,49.3,56.7,degrade,restore_sp2,3.836,0.0,2.836,3.413
restore_sp2,0.0,restore_sp2,0.0,Wan2.2-TI2V-5B-Diffusers,1280x704x17f,20,18,2,sp1+sp2,0.1,0.665,0.388,True,4.95,4.4,11.8,restore_sp2,degrade,1.126,0.126,0.0,1.684
restore_sp2,0.0,restore_sp2,0.0,Wan2.2-TI2V-5B-Diffusers,1280x704x17f,20,18,2,sp1+sp2,8.0,0.665,0.388,True,12.85,12.3,19.7,restore_sp2,degrade,1.045,0.045,0.0,0.602
degrade,0.146,restore_sp2,0.0,Wan2.2-TI2V-5B-Diffusers,1280x704x17f,30,3,27,none,0.1,0.665,0.388,True,58.57,51.11,52.69,restore_sp2,restart,1.031,0.146,0.0,0.031
degrade,0.127,restore_sp2,0.0,Wan2.2-TI2V-5B-Diffusers,1280x704x17f,30,3,27,none,8.0,0.665,0.388,True,66.47,59.01,60.59,restore_sp2,restart,1.027,0.127,0.0,0.027
degrade,0.0,degrade,0.0,Wan2.2-TI2V-5B-Diffusers,1280x704x17f,30,3,27,sp1,0.1,0.665,0.388,True,21.57,51.11,52.69,degrade,restore_sp2,2.369,0.0,1.369,1.442
degrade,0.0,degrade,0.0,Wan2.2-TI2V-5B-Diffusers,1280x704x17f,30,3,27,sp1,8.0,0.665,0.388,True,29.47,59.01,60.59,degrade,restore_sp2,2.002,0.0,1.002,1.056
restore_sp2,0.0,restore_sp2,0.0,Wan2.2-TI2V-5B-Diffusers,1280x704x17f,30,3,27,sp1+sp2,0.1,0.665,0.388,True,21.57,14.11,15.69,restore_sp2,restart,1.112,0.529,0.0,0.112
restore_sp2,0.0,restore_sp2,0.0,Wan2.2-TI2V-5B-Diffusers,1280x704x17f,30,3,27,sp1+sp2,8.0,0.665,0.388,True,29.47,22.01,23.59,restore_sp2,restart,1.072,0.339,0.0,0.072
degrade,0.124,restore_sp2,0.0,Wan2.2-TI2V-5B-Diffusers,1280x704x17f,30,8,22,none,0.1,0.665,0.388,True,55.25,49.17,52.69,restore_sp2,restart,1.072,0.124,0.0,0.072
degrade,0.107,restore_sp2,0.0,Wan2.2-TI2V-5B-Diffusers,1280x704x17f,30,8,22,none,8.0,0.665,0.388,True,63.15,57.07,60.59,restore_sp2,restart,1.062,0.107,0.0,0.062
degrade,0.0,degrade,0.0,Wan2.2-TI2V-5B-Diffusers,1280x704x17f,30,8,22,sp1,0.1,0.665,0.388,True,18.25,49.17,52.69,degrade,restore_sp2,2.694,0.0,1.694,1.887
degrade,0.0,degrade,0.0,Wan2.2-TI2V-5B-Diffusers,1280x704x17f,30,8,22,sp1,8.0,0.665,0.388,True,26.15,57.07,60.59,degrade,restore_sp2,2.182,0.0,1.182,1.317
restore_sp2,0.0,restore_sp2,0.0,Wan2.2-TI2V-5B-Diffusers,1280x704x17f,30,8,22,sp1+sp2,0.1,0.665,0.388,True,18.25,12.17,15.69,restore_sp2,restart,1.289,0.5,0.0,0.289
restore_sp2,0.0,restore_sp2,0.0,Wan2.2-TI2V-5B-Diffusers,1280x704x17f,30,8,22,sp1+sp2,8.0,0.665,0.388,True,26.15,20.07,23.59,restore_sp2,restart,1.176,0.303,0.0,0.176
degrade,0.089,restore_sp2,0.0,Wan2.2-TI2V-5B-Diffusers,1280x704x17f,30,15,15,none,0.1,0.665,0.388,True,50.59,46.45,52.69,restore_sp2,degrade,1.089,0.089,0.0,0.134
degrade,0.076,restore_sp2,0.0,Wan2.2-TI2V-5B-Diffusers,1280x704x17f,30,15,15,none,8.0,0.665,0.388,True,58.49,54.35,60.59,restore_sp2,degrade,1.076,0.076,0.0,0.115
degrade,0.0,degrade,0.0,Wan2.2-TI2V-5B-Diffusers,1280x704x17f,30,15,15,sp1,0.1,0.665,0.388,True,13.59,46.45,52.69,degrade,restore_sp2,3.417,0.0,2.417,2.876
degrade,0.0,degrade,0.0,Wan2.2-TI2V-5B-Diffusers,1280x704x17f,30,15,15,sp1,8.0,0.665,0.388,True,21.49,54.35,60.59,degrade,restore_sp2,2.528,0.0,1.528,1.819
restore_sp2,0.0,restore_sp2,0.0,Wan2.2-TI2V-5B-Diffusers,1280x704x17f,30,15,15,sp1+sp2,0.1,0.665,0.388,True,13.59,9.45,15.69,restore_sp2,degrade,1.439,0.439,0.0,0.661
restore_sp2,0.0,restore_sp2,0.0,Wan2.2-TI2V-5B-Diffusers,1280x704x17f,30,15,15,sp1+sp2,8.0,0.665,0.388,True,21.49,17.35,23.59,restore_sp2,degrade,1.239,0.239,0.0,0.36
degrade,0.051,restore_sp2,0.0,Wan2.2-TI2V-5B-Diffusers,1280x704x17f,30,22,8,none,0.1,0.665,0.388,True,45.94,43.73,52.69,restore_sp2,degrade,1.051,0.051,0.0,0.205
degrade,0.043,restore_sp2,0.0,Wan2.2-TI2V-5B-Diffusers,1280x704x17f,30,22,8,none,8.0,0.665,0.388,True,53.84,51.63,60.59,restore_sp2,degrade,1.043,0.043,0.0,0.174
degrade,0.0,degrade,0.0,Wan2.2-TI2V-5B-Diffusers,1280x704x17f,30,22,8,sp1,0.1,0.665,0.388,True,8.94,43.73,52.69,degrade,restore_sp2,4.891,0.0,3.891,4.894
degrade,0.0,degrade,0.0,Wan2.2-TI2V-5B-Diffusers,1280x704x17f,30,22,8,sp1,8.0,0.665,0.388,True,16.84,51.63,60.59,degrade,restore_sp2,3.066,0.0,2.066,2.598
restore_sp2,0.0,restore_sp2,0.0,Wan2.2-TI2V-5B-Diffusers,1280x704x17f,30,22,8,sp1+sp2,0.1,0.665,0.388,True,8.94,6.73,15.69,restore_sp2,degrade,1.329,0.329,0.0,1.332
restore_sp2,0.0,restore_sp2,0.0,Wan2.2-TI2V-5B-Diffusers,1280x704x17f,30,22,8,sp1+sp2,8.0,0.665,0.388,True,16.84,14.63,23.59,restore_sp2,degrade,1.151,0.151,0.0,0.612
degrade,0.02,restore_sp2,0.0,Wan2.2-TI2V-5B-Diffusers,1280x704x17f,30,27,3,none,0.1,0.665,0.388,True,42.62,41.79,52.69,restore_sp2,degrade,1.02,0.02,0.0,0.261
degrade,0.017,restore_sp2,0.0,Wan2.2-TI2V-5B-Diffusers,1280x704x17f,30,27,3,none,8.0,0.665,0.388,True,50.52,49.69,60.59,restore_sp2,degrade,1.017,0.017,0.0,0.219
degrade,0.0,degrade,0.0,Wan2.2-TI2V-5B-Diffusers,1280x704x17f,30,27,3,sp1,0.1,0.665,0.388,True,5.62,41.79,52.69,degrade,restore_sp2,7.442,0.0,6.442,8.383
degrade,0.0,degrade,0.0,Wan2.2-TI2V-5B-Diffusers,1280x704x17f,30,27,3,sp1,8.0,0.665,0.388,True,13.52,49.69,60.59,degrade,restore_sp2,3.676,0.0,2.676,3.483
restore_sp2,0.0,restore_sp2,0.0,Wan2.2-TI2V-5B-Diffusers,1280x704x17f,30,27,3,sp1+sp2,0.1,0.665,0.388,True,5.62,4.79,15.69,restore_sp2,degrade,1.173,0.173,0.0,2.278
restore_sp2,0.0,restore_sp2,0.0,Wan2.2-TI2V-5B-Diffusers,1280x704x17f,30,27,3,sp1+sp2,8.0,0.665,0.388,True,13.52,12.69,23.59,restore_sp2,degrade,1.065,0.065,0.0,0.859
degrade,0.214,restore_sp2,0.0,Wan2.2-TI2V-5B-Diffusers,1280x704x17f,50,5,45,none,0.1,0.665,0.388,True,70.54,58.1,60.45,restore_sp2,restart,1.041,0.214,0.0,0.041
degrade,0.189,restore_sp2,0.0,Wan2.2-TI2V-5B-Diffusers,1280x704x17f,50,5,45,none,8.0,0.665,0.388,True,78.44,66.0,68.35,restore_sp2,restart,1.036,0.189,0.0,0.036
degrade,0.0,degrade,0.0,Wan2.2-TI2V-5B-Diffusers,1280x704x17f,50,5,45,sp1,0.1,0.665,0.388,True,33.54,58.1,60.45,degrade,restore_sp2,1.732,0.0,0.732,0.802
degrade,0.0,degrade,0.0,Wan2.2-TI2V-5B-Diffusers,1280x704x17f,50,5,45,sp1,8.0,0.665,0.388,True,41.44,66.0,68.35,degrade,restore_sp2,1.593,0.0,0.593,0.649
restore_sp2,0.0,restore_sp2,0.0,Wan2.2-TI2V-5B-Diffusers,1280x704x17f,50,5,45,sp1+sp2,0.1,0.665,0.388,True,33.54,21.1,23.45,restore_sp2,restart,1.112,0.59,0.0,0.112
restore_sp2,0.0,restore_sp2,0.0,Wan2.2-TI2V-5B-Diffusers,1280x704x17f,50,5,45,sp1+sp2,8.0,0.665,0.388,True,41.44,29.0,31.35,restore_sp2,restart,1.081,0.429,0.0,0.081
degrade,0.19,restore_sp2,0.0,Wan2.2-TI2V-5B-Diffusers,1280x704x17f,50,12,38,none,0.1,0.665,0.388,True,65.89,55.38,60.45,restore_sp2,restart,1.092,0.19,0.0,0.092
degrade,0.166,restore_sp2,0.0,Wan2.2-TI2V-5B-Diffusers,1280x704x17f,50,12,38,none,8.0,0.665,0.388,True,73.79,63.28,68.35,restore_sp2,restart,1.08,0.166,0.0,0.08
degrade,0.0,degrade,0.0,Wan2.2-TI2V-5B-Diffusers,1280x704x17f,50,12,38,sp1,0.1,0.665,0.388,True,28.89,55.38,60.45,degrade,restore_sp2,1.917,0.0,0.917,1.093
degrade,0.0,degrade,0.0,Wan2.2-TI2V-5B-Diffusers,1280x704x17f,50,12,38,sp1,8.0,0.665,0.388,True,36.79,63.28,68.35,degrade,restore_sp2,1.72,0.0,0.72,0.858
restore_sp2,0.0,restore_sp2,0.0,Wan2.2-TI2V-5B-Diffusers,1280x704x17f,50,12,38,sp1+sp2,0.1,0.665,0.388,True,28.89,18.38,23.45,restore_sp2,restart,1.276,0.572,0.0,0.276
restore_sp2,0.0,restore_sp2,0.0,Wan2.2-TI2V-5B-Diffusers,1280x704x17f,50,12,38,sp1+sp2,8.0,0.665,0.388,True,36.79,26.28,31.35,restore_sp2,restart,1.193,0.4,0.0,0.193
degrade,0.137,restore_sp2,0.0,Wan2.2-TI2V-5B-Diffusers,1280x704x17f,50,25,25,none,0.1,0.665,0.388,True,57.24,50.33,60.45,restore_sp2,degrade,1.137,0.137,0.0,0.201
degrade,0.119,restore_sp2,0.0,Wan2.2-TI2V-5B-Diffusers,1280x704x17f,50,25,25,none,8.0,0.665,0.388,True,65.14,58.23,68.35,restore_sp2,degrade,1.119,0.119,0.0,0.174
degrade,0.0,degrade,0.0,Wan2.2-TI2V-5B-Diffusers,1280x704x17f,50,25,25,sp1,0.1,0.665,0.388,True,20.24,50.33,60.45,degrade,restore_sp2,2.486,0.0,1.486,1.987
degrade,0.0,degrade,0.0,Wan2.2-TI2V-5B-Diffusers,1280x704x17f,50,25,25,sp1,8.0,0.665,0.388,True,28.14,58.23,68.35,degrade,restore_sp2,2.069,0.0,1.069,1.429
restore_sp2,0.0,restore_sp2,0.0,Wan2.2-TI2V-5B-Diffusers,1280x704x17f,50,25,25,sp1+sp2,0.1,0.665,0.388,True,20.24,13.33,23.45,restore_sp2,degrade,1.519,0.519,0.0,0.759
restore_sp2,0.0,restore_sp2,0.0,Wan2.2-TI2V-5B-Diffusers,1280x704x17f,50,25,25,sp1+sp2,8.0,0.665,0.388,True,28.14,21.23,31.35,restore_sp2,degrade,1.326,0.326,0.0,0.477
degrade,0.073,restore_sp2,0.0,Wan2.2-TI2V-5B-Diffusers,1280x704x17f,50,38,12,none,0.1,0.665,0.388,True,48.6,45.28,60.45,restore_sp2,degrade,1.073,0.073,0.0,0.335
degrade,0.062,restore_sp2,0.0,Wan2.2-TI2V-5B-Diffusers,1280x704x17f,50,38,12,none,8.0,0.665,0.388,True,56.5,53.18,68.35,restore_sp2,degrade,1.062,0.062,0.0,0.285
degrade,0.0,degrade,0.0,Wan2.2-TI2V-5B-Diffusers,1280x704x17f,50,38,12,sp1,0.1,0.665,0.388,True,11.6,45.28,60.45,degrade,restore_sp2,3.904,0.0,2.904,4.212
degrade,0.0,degrade,0.0,Wan2.2-TI2V-5B-Diffusers,1280x704x17f,50,38,12,sp1,8.0,0.665,0.388,True,19.5,53.18,68.35,degrade,restore_sp2,2.727,0.0,1.727,2.506
restore_sp2,0.0,restore_sp2,0.0,Wan2.2-TI2V-5B-Diffusers,1280x704x17f,50,38,12,sp1+sp2,0.1,0.665,0.388,True,11.6,8.28,23.45,restore_sp2,degrade,1.401,0.401,0.0,1.832
restore_sp2,0.0,restore_sp2,0.0,Wan2.2-TI2V-5B-Diffusers,1280x704x17f,50,38,12,sp1+sp2,8.0,0.665,0.388,True,19.5,16.18,31.35,restore_sp2,degrade,1.205,0.205,0.0,0.938
degrade,0.032,restore_sp2,0.0,Wan2.2-TI2V-5B-Diffusers,1280x704x17f,50,45,5,none,0.1,0.665,0.388,True,43.94,42.56,60.45,restore_sp2,degrade,1.032,0.032,0.0,0.42
degrade,0.027,restore_sp2,0.0,Wan2.2-TI2V-5B-Diffusers,1280x704x17f,50,45,5,none,8.0,0.665,0.388,True,51.84,50.46,68.35,restore_sp2,degrade,1.027,0.027,0.0,0.355
degrade,0.0,degrade,0.0,Wan2.2-TI2V-5B-Diffusers,1280x704x17f,50,45,5,sp1,0.1,0.665,0.388,True,6.94,42.56,60.45,degrade,restore_sp2,6.129,0.0,5.129,7.705
degrade,0.0,degrade,0.0,Wan2.2-TI2V-5B-Diffusers,1280x704x17f,50,45,5,sp1,8.0,0.665,0.388,True,14.84,50.46,68.35,degrade,restore_sp2,3.399,0.0,2.399,3.605
restore_sp2,0.0,restore_sp2,0.0,Wan2.2-TI2V-5B-Diffusers,1280x704x17f,50,45,5,sp1+sp2,0.1,0.665,0.388,True,6.94,5.56,23.45,restore_sp2,degrade,1.249,0.249,0.0,3.217
restore_sp2,0.0,restore_sp2,0.0,Wan2.2-TI2V-5B-Diffusers,1280x704x17f,50,45,5,sp1+sp2,8.0,0.665,0.388,True,14.84,13.46,31.35,restore_sp2,degrade,1.103,0.103,0.0,1.329
degrade,0.054,restore_sp2,0.0,Wan2.2-TI2V-5B-Diffusers,832x480x49f,9,1,8,none,0.1,0.736,0.43,True,47.49,45.05,45.89,restore_sp2,restart,1.019,0.054,0.0,0.019
degrade,0.046,restore_sp2,0.0,Wan2.2-TI2V-5B-Diffusers,832x480x49f,9,1,8,none,8.0,0.736,0.43,True,55.39,52.95,53.79,restore_sp2,restart,1.016,0.046,0.0,0.016
degrade,0.0,degrade,0.0,Wan2.2-TI2V-5B-Diffusers,832x480x49f,9,1,8,sp1,0.1,0.736,0.43,True,10.49,45.05,45.89,degrade,restore_sp2,4.293,0.0,3.293,3.373
degrade,0.0,degrade,0.0,Wan2.2-TI2V-5B-Diffusers,832x480x49f,9,1,8,sp1,8.0,0.736,0.43,True,18.39,52.95,53.79,degrade,restore_sp2,2.879,0.0,1.879,1.924
restore_sp2,0.0,restore_sp2,0.0,Wan2.2-TI2V-5B-Diffusers,832x480x49f,9,1,8,sp1+sp2,0.1,0.736,0.43,True,10.49,8.05,8.89,restore_sp2,restart,1.105,0.304,0.0,0.105
restore_sp2,0.0,restore_sp2,0.0,Wan2.2-TI2V-5B-Diffusers,832x480x49f,9,1,8,sp1+sp2,8.0,0.736,0.43,True,18.39,15.95,16.79,restore_sp2,restart,1.053,0.153,0.0,0.053
degrade,0.048,restore_sp2,0.0,Wan2.2-TI2V-5B-Diffusers,832x480x49f,9,2,7,none,0.1,0.736,0.43,True,46.76,44.62,45.89,restore_sp2,restart,1.029,0.048,0.0,0.029
degrade,0.041,restore_sp2,0.0,Wan2.2-TI2V-5B-Diffusers,832x480x49f,9,2,7,none,8.0,0.736,0.43,True,54.66,52.52,53.79,restore_sp2,restart,1.024,0.041,0.0,0.024
degrade,0.0,degrade,0.0,Wan2.2-TI2V-5B-Diffusers,832x480x49f,9,2,7,sp1,0.1,0.736,0.43,True,9.76,44.62,45.89,degrade,restore_sp2,4.572,0.0,3.572,3.703
degrade,0.0,degrade,0.0,Wan2.2-TI2V-5B-Diffusers,832x480x49f,9,2,7,sp1,8.0,0.736,0.43,True,17.66,52.52,53.79,degrade,restore_sp2,2.974,0.0,1.974,2.046
restore_sp2,0.0,restore_sp2,0.0,Wan2.2-TI2V-5B-Diffusers,832x480x49f,9,2,7,sp1+sp2,0.1,0.736,0.43,True,9.76,7.62,8.89,restore_sp2,restart,1.167,0.281,0.0,0.167
restore_sp2,0.0,restore_sp2,0.0,Wan2.2-TI2V-5B-Diffusers,832x480x49f,9,2,7,sp1+sp2,8.0,0.736,0.43,True,17.66,15.52,16.79,restore_sp2,restart,1.082,0.138,0.0,0.082
degrade,0.035,restore_sp2,0.0,Wan2.2-TI2V-5B-Diffusers,832x480x49f,9,4,5,none,0.1,0.736,0.43,True,45.29,43.76,45.89,restore_sp2,degrade,1.035,0.035,0.0,0.049
degrade,0.03,restore_sp2,0.0,Wan2.2-TI2V-5B-Diffusers,832x480x49f,9,4,5,none,8.0,0.736,0.43,True,53.19,51.66,53.79,restore_sp2,degrade,1.03,0.03,0.0,0.041
degrade,0.0,degrade,0.0,Wan2.2-TI2V-5B-Diffusers,832x480x49f,9,4,5,sp1,0.1,0.736,0.43,True,8.29,43.76,45.89,degrade,restore_sp2,5.28,0.0,4.28,4.538
degrade,0.0,degrade,0.0,Wan2.2-TI2V-5B-Diffusers,832x480x49f,9,4,5,sp1,8.0,0.736,0.43,True,16.19,51.66,53.79,degrade,restore_sp2,3.191,0.0,2.191,2.323
restore_sp2,0.0,restore_sp2,0.0,Wan2.2-TI2V-5B-Diffusers,832x480x49f,9,4,5,sp1+sp2,0.1,0.736,0.43,True,8.29,6.76,8.89,restore_sp2,degrade,1.226,0.226,0.0,0.316
restore_sp2,0.0,restore_sp2,0.0,Wan2.2-TI2V-5B-Diffusers,832x480x49f,9,4,5,sp1+sp2,8.0,0.736,0.43,True,16.19,14.66,16.79,restore_sp2,degrade,1.104,0.104,0.0,0.146
degrade,0.014,restore_sp2,0.0,Wan2.2-TI2V-5B-Diffusers,832x480x49f,9,7,2,none,0.1,0.736,0.43,True,43.08,42.47,45.89,restore_sp2,degrade,1.014,0.014,0.0,0.081
degrade,0.012,restore_sp2,0.0,Wan2.2-TI2V-5B-Diffusers,832x480x49f,9,7,2,none,8.0,0.736,0.43,True,50.98,50.37,53.79,restore_sp2,degrade,1.012,0.012,0.0,0.068
degrade,0.0,degrade,0.0,Wan2.2-TI2V-5B-Diffusers,832x480x49f,9,7,2,sp1,0.1,0.736,0.43,True,6.08,42.47,45.89,degrade,restore_sp2,6.985,0.0,5.985,6.548
degrade,0.0,degrade,0.0,Wan2.2-TI2V-5B-Diffusers,832x480x49f,9,7,2,sp1,8.0,0.736,0.43,True,13.98,50.37,53.79,degrade,restore_sp2,3.603,0.0,2.603,2.848
restore_sp2,0.0,restore_sp2,0.0,Wan2.2-TI2V-5B-Diffusers,832x480x49f,9,7,2,sp1+sp2,0.1,0.736,0.43,True,6.08,5.47,8.89,restore_sp2,degrade,1.112,0.112,0.0,0.626
restore_sp2,0.0,restore_sp2,0.0,Wan2.2-TI2V-5B-Diffusers,832x480x49f,9,7,2,sp1+sp2,8.0,0.736,0.43,True,13.98,13.37,16.79,restore_sp2,degrade,1.046,0.046,0.0,0.256
degrade,0.007,restore_sp2,0.0,Wan2.2-TI2V-5B-Diffusers,832x480x49f,9,8,1,none,0.1,0.736,0.43,True,42.34,42.04,45.89,restore_sp2,degrade,1.007,0.007,0.0,0.092
degrade,0.006,restore_sp2,0.0,Wan2.2-TI2V-5B-Diffusers,832x480x49f,9,8,1,none,8.0,0.736,0.43,True,50.24,49.94,53.79,restore_sp2,degrade,1.006,0.006,0.0,0.077
degrade,0.0,degrade,0.0,Wan2.2-TI2V-5B-Diffusers,832x480x49f,9,8,1,sp1,0.1,0.736,0.43,True,5.34,42.04,45.89,degrade,restore_sp2,7.866,0.0,6.866,7.587
degrade,0.0,degrade,0.0,Wan2.2-TI2V-5B-Diffusers,832x480x49f,9,8,1,sp1,8.0,0.736,0.43,True,13.24,49.94,53.79,degrade,restore_sp2,3.771,0.0,2.771,3.061
restore_sp2,0.0,restore_sp2,0.0,Wan2.2-TI2V-5B-Diffusers,832x480x49f,9,8,1,sp1+sp2,0.1,0.736,0.43,True,5.34,5.04,8.89,restore_sp2,degrade,1.061,0.061,0.0,0.765
restore_sp2,0.0,restore_sp2,0.0,Wan2.2-TI2V-5B-Diffusers,832x480x49f,9,8,1,sp1+sp2,8.0,0.736,0.43,True,13.24,12.94,16.79,restore_sp2,degrade,1.024,0.024,0.0,0.298
degrade,0.112,restore_sp2,0.0,Wan2.2-TI2V-5B-Diffusers,832x480x49f,20,2,18,none,0.1,0.736,0.43,True,54.85,49.34,50.62,restore_sp2,restart,1.026,0.112,0.0,0.026
degrade,0.096,restore_sp2,0.0,Wan2.2-TI2V-5B-Diffusers,832x480x49f,20,2,18,none,8.0,0.736,0.43,True,62.75,57.24,58.52,restore_sp2,restart,1.022,0.096,0.0,0.022
degrade,0.0,degrade,0.0,Wan2.2-TI2V-5B-Diffusers,832x480x49f,20,2,18,sp1,0.1,0.736,0.43,True,17.85,49.34,50.62,degrade,restore_sp2,2.764,0.0,1.764,1.836
degrade,0.0,degrade,0.0,Wan2.2-TI2V-5B-Diffusers,832x480x49f,20,2,18,sp1,8.0,0.736,0.43,True,25.75,57.24,58.52,degrade,restore_sp2,2.223,0.0,1.223,1.273
restore_sp2,0.0,restore_sp2,0.0,Wan2.2-TI2V-5B-Diffusers,832x480x49f,20,2,18,sp1+sp2,0.1,0.736,0.43,True,17.85,12.34,13.62,restore_sp2,restart,1.103,0.446,0.0,0.103
restore_sp2,0.0,restore_sp2,0.0,Wan2.2-TI2V-5B-Diffusers,832x480x49f,20,2,18,sp1+sp2,8.0,0.736,0.43,True,25.75,20.24,21.52,restore_sp2,restart,1.063,0.272,0.0,0.063
degrade,0.095,restore_sp2,0.0,Wan2.2-TI2V-5B-Diffusers,832x480x49f,20,5,15,none,0.1,0.736,0.43,True,52.64,48.05,50.62,restore_sp2,restart,1.053,0.095,0.0,0.053
degrade,0.082,restore_sp2,0.0,Wan2.2-TI2V-5B-Diffusers,832x480x49f,20,5,15,none,8.0,0.736,0.43,True,60.54,55.95,58.52,restore_sp2,restart,1.046,0.082,0.0,0.046
degrade,0.0,degrade,0.0,Wan2.2-TI2V-5B-Diffusers,832x480x49f,20,5,15,sp1,0.1,0.736,0.43,True,15.64,48.05,50.62,degrade,restore_sp2,3.072,0.0,2.072,2.236
degrade,0.0,degrade,0.0,Wan2.2-TI2V-5B-Diffusers,832x480x49f,20,5,15,sp1,8.0,0.736,0.43,True,23.54,55.95,58.52,degrade,restore_sp2,2.377,0.0,1.377,1.486
restore_sp2,0.0,restore_sp2,0.0,Wan2.2-TI2V-5B-Diffusers,832x480x49f,20,5,15,sp1+sp2,0.1,0.736,0.43,True,15.64,11.05,13.62,restore_sp2,restart,1.232,0.415,0.0,0.232
restore_sp2,0.0,restore_sp2,0.0,Wan2.2-TI2V-5B-Diffusers,832x480x49f,20,5,15,sp1+sp2,8.0,0.736,0.43,True,23.54,18.95,21.52,restore_sp2,restart,1.135,0.242,0.0,0.135
degrade,0.067,restore_sp2,0.0,Wan2.2-TI2V-5B-Diffusers,832x480x49f,20,10,10,none,0.1,0.736,0.43,True,48.96,45.91,50.62,restore_sp2,degrade,1.067,0.067,0.0,0.103
degrade,0.057,restore_sp2,0.0,Wan2.2-TI2V-5B-Diffusers,832x480x49f,20,10,10,none,8.0,0.736,0.43,True,56.86,53.81,58.52,restore_sp2,degrade,1.057,0.057,0.0,0.088
degrade,0.0,degrade,0.0,Wan2.2-TI2V-5B-Diffusers,832x480x49f,20,10,10,sp1,0.1,0.736,0.43,True,11.96,45.91,50.62,degrade,restore_sp2,3.837,0.0,2.837,3.231
degrade,0.0,degrade,0.0,Wan2.2-TI2V-5B-Diffusers,832x480x49f,20,10,10,sp1,8.0,0.736,0.43,True,19.86,53.81,58.52,degrade,restore_sp2,2.709,0.0,1.709,1.946
restore_sp2,0.0,restore_sp2,0.0,Wan2.2-TI2V-5B-Diffusers,832x480x49f,20,10,10,sp1+sp2,0.1,0.736,0.43,True,11.96,8.91,13.62,restore_sp2,degrade,1.343,0.343,0.0,0.529
restore_sp2,0.0,restore_sp2,0.0,Wan2.2-TI2V-5B-Diffusers,832x480x49f,20,10,10,sp1+sp2,8.0,0.736,0.43,True,19.86,16.81,21.52,restore_sp2,degrade,1.182,0.182,0.0,0.28
degrade,0.035,restore_sp2,0.0,Wan2.2-TI2V-5B-Diffusers,832x480x49f,20,15,5,none,0.1,0.736,0.43,True,45.29,43.76,50.62,restore_sp2,degrade,1.035,0.035,0.0,0.157
degrade,0.03,restore_sp2,0.0,Wan2.2-TI2V-5B-Diffusers,832x480x49f,20,15,5,none,8.0,0.736,0.43,True,53.19,51.66,58.52,restore_sp2,degrade,1.03,0.03,0.0,0.133
degrade,0.0,degrade,0.0,Wan2.2-TI2V-5B-Diffusers,832x480x49f,20,15,5,sp1,0.1,0.736,0.43,True,8.29,43.76,50.62,degrade,restore_sp2,5.28,0.0,4.28,5.108
degrade,0.0,degrade,0.0,Wan2.2-TI2V-5B-Diffusers,832x480x49f,20,15,5,sp1,8.0,0.736,0.43,True,16.19,51.66,58.52,degrade,restore_sp2,3.191,0.0,2.191,2.615
restore_sp2,0.0,restore_sp2,0.0,Wan2.2-TI2V-5B-Diffusers,832x480x49f,20,15,5,sp1+sp2,0.1,0.736,0.43,True,8.29,6.76,13.62,restore_sp2,degrade,1.226,0.226,0.0,1.015
restore_sp2,0.0,restore_sp2,0.0,Wan2.2-TI2V-5B-Diffusers,832x480x49f,20,15,5,sp1+sp2,8.0,0.736,0.43,True,16.19,14.66,21.52,restore_sp2,degrade,1.104,0.104,0.0,0.468
degrade,0.014,restore_sp2,0.0,Wan2.2-TI2V-5B-Diffusers,832x480x49f,20,18,2,none,0.1,0.736,0.43,True,43.08,42.47,50.62,restore_sp2,degrade,1.014,0.014,0.0,0.192
degrade,0.012,restore_sp2,0.0,Wan2.2-TI2V-5B-Diffusers,832x480x49f,20,18,2,none,8.0,0.736,0.43,True,50.98,50.37,58.52,restore_sp2,degrade,1.012,0.012,0.0,0.162
degrade,0.0,degrade,0.0,Wan2.2-TI2V-5B-Diffusers,832x480x49f,20,18,2,sp1,0.1,0.736,0.43,True,6.08,42.47,50.62,degrade,restore_sp2,6.985,0.0,5.985,7.325
degrade,0.0,degrade,0.0,Wan2.2-TI2V-5B-Diffusers,832x480x49f,20,18,2,sp1,8.0,0.736,0.43,True,13.98,50.37,58.52,degrade,restore_sp2,3.603,0.0,2.603,3.186
restore_sp2,0.0,restore_sp2,0.0,Wan2.2-TI2V-5B-Diffusers,832x480x49f,20,18,2,sp1+sp2,0.1,0.736,0.43,True,6.08,5.47,13.62,restore_sp2,degrade,1.112,0.112,0.0,1.49
restore_sp2,0.0,restore_sp2,0.0,Wan2.2-TI2V-5B-Diffusers,832x480x49f,20,18,2,sp1+sp2,8.0,0.736,0.43,True,13.98,13.37,21.52,restore_sp2,degrade,1.046,0.046,0.0,0.61
degrade,0.155,restore_sp2,0.0,Wan2.2-TI2V-5B-Diffusers,832x480x49f,30,3,27,none,0.1,0.736,0.43,True,61.47,53.21,54.91,restore_sp2,restart,1.032,0.155,0.0,0.032
degrade,0.135,restore_sp2,0.0,Wan2.2-TI2V-5B-Diffusers,832x480x49f,30,3,27,none,8.0,0.736,0.43,True,69.37,61.11,62.81,restore_sp2,restart,1.028,0.135,0.0,0.028
degrade,0.0,degrade,0.0,Wan2.2-TI2V-5B-Diffusers,832x480x49f,30,3,27,sp1,0.1,0.736,0.43,True,24.47,53.21,54.91,degrade,restore_sp2,2.175,0.0,1.175,1.244
degrade,0.0,degrade,0.0,Wan2.2-TI2V-5B-Diffusers,832x480x49f,30,3,27,sp1,8.0,0.736,0.43,True,32.37,61.11,62.81,degrade,restore_sp2,1.888,0.0,0.888,0.941
restore_sp2,0.0,restore_sp2,0.0,Wan2.2-TI2V-5B-Diffusers,832x480x49f,30,3,27,sp1+sp2,0.1,0.736,0.43,True,24.47,16.21,17.91,restore_sp2,restart,1.105,0.509,0.0,0.105
restore_sp2,0.0,restore_sp2,0.0,Wan2.2-TI2V-5B-Diffusers,832x480x49f,30,3,27,sp1+sp2,8.0,0.736,0.43,True,32.37,24.11,25.81,restore_sp2,restart,1.071,0.343,0.0,0.071
degrade,0.132,restore_sp2,0.0,Wan2.2-TI2V-5B-Diffusers,832x480x49f,30,8,22,none,0.1,0.736,0.43,True,57.79,51.06,54.91,restore_sp2,restart,1.075,0.132,0.0,0.075
degrade,0.114,restore_sp2,0.0,Wan2.2-TI2V-5B-Diffusers,832x480x49f,30,8,22,none,8.0,0.736,0.43,True,65.69,58.96,62.81,restore_sp2,restart,1.065,0.114,0.0,0.065
degrade,0.0,degrade,0.0,Wan2.2-TI2V-5B-Diffusers,832x480x49f,30,8,22,sp1,0.1,0.736,0.43,True,20.79,51.06,54.91,degrade,restore_sp2,2.456,0.0,1.456,1.641
degrade,0.0,degrade,0.0,Wan2.2-TI2V-5B-Diffusers,832x480x49f,30,8,22,sp1,8.0,0.736,0.43,True,28.69,58.96,62.81,degrade,restore_sp2,2.055,0.0,1.055,1.189
restore_sp2,0.0,restore_sp2,0.0,Wan2.2-TI2V-5B-Diffusers,832x480x49f,30,8,22,sp1+sp2,0.1,0.736,0.43,True,20.79,14.06,17.91,restore_sp2,restart,1.274,0.479,0.0,0.274
restore_sp2,0.0,restore_sp2,0.0,Wan2.2-TI2V-5B-Diffusers,832x480x49f,30,8,22,sp1+sp2,8.0,0.736,0.43,True,28.69,21.96,25.81,restore_sp2,restart,1.175,0.306,0.0,0.175
degrade,0.095,restore_sp2,0.0,Wan2.2-TI2V-5B-Diffusers,832x480x49f,30,15,15,none,0.1,0.736,0.43,True,52.64,48.05,54.91,restore_sp2,degrade,1.095,0.095,0.0,0.143
degrade,0.082,restore_sp2,0.0,Wan2.2-TI2V-5B-Diffusers,832x480x49f,30,15,15,none,8.0,0.736,0.43,True,60.54,55.95,62.81,restore_sp2,degrade,1.082,0.082,0.0,0.123
degrade,0.0,degrade,0.0,Wan2.2-TI2V-5B-Diffusers,832x480x49f,30,15,15,sp1,0.1,0.736,0.43,True,15.64,48.05,54.91,degrade,restore_sp2,3.072,0.0,2.072,2.511
degrade,0.0,degrade,0.0,Wan2.2-TI2V-5B-Diffusers,832x480x49f,30,15,15,sp1,8.0,0.736,0.43,True,23.54,55.95,62.81,degrade,restore_sp2,2.377,0.0,1.377,1.668
restore_sp2,0.0,restore_sp2,0.0,Wan2.2-TI2V-5B-Diffusers,832x480x49f,30,15,15,sp1+sp2,0.1,0.736,0.43,True,15.64,11.05,17.91,restore_sp2,degrade,1.415,0.415,0.0,0.621
restore_sp2,0.0,restore_sp2,0.0,Wan2.2-TI2V-5B-Diffusers,832x480x49f,30,15,15,sp1+sp2,8.0,0.736,0.43,True,23.54,18.95,25.81,restore_sp2,degrade,1.242,0.242,0.0,0.362
degrade,0.054,restore_sp2,0.0,Wan2.2-TI2V-5B-Diffusers,832x480x49f,30,22,8,none,0.1,0.736,0.43,True,47.49,45.05,54.91,restore_sp2,degrade,1.054,0.054,0.0,0.219
degrade,0.046,restore_sp2,0.0,Wan2.2-TI2V-5B-Diffusers,832x480x49f,30,22,8,none,8.0,0.736,0.43,True,55.39,52.95,62.81,restore_sp2,degrade,1.046,0.046,0.0,0.186
degrade,0.0,degrade,0.0,Wan2.2-TI2V-5B-Diffusers,832x480x49f,30,22,8,sp1,0.1,0.736,0.43,True,10.49,45.05,54.91,degrade,restore_sp2,4.293,0.0,3.293,4.233
degrade,0.0,degrade,0.0,Wan2.2-TI2V-5B-Diffusers,832x480x49f,30,22,8,sp1,8.0,0.736,0.43,True,18.39,52.95,62.81,degrade,restore_sp2,2.879,0.0,1.879,2.415
restore_sp2,0.0,restore_sp2,0.0,Wan2.2-TI2V-5B-Diffusers,832x480x49f,30,22,8,sp1+sp2,0.1,0.736,0.43,True,10.49,8.05,17.91,restore_sp2,degrade,1.304,0.304,0.0,1.226
restore_sp2,0.0,restore_sp2,0.0,Wan2.2-TI2V-5B-Diffusers,832x480x49f,30,22,8,sp1+sp2,8.0,0.736,0.43,True,18.39,15.95,25.81,restore_sp2,degrade,1.153,0.153,0.0,0.619
degrade,0.021,restore_sp2,0.0,Wan2.2-TI2V-5B-Diffusers,832x480x49f,30,27,3,none,0.1,0.736,0.43,True,43.82,42.9,54.91,restore_sp2,degrade,1.021,0.021,0.0,0.28
degrade,0.018,restore_sp2,0.0,Wan2.2-TI2V-5B-Diffusers,832x480x49f,30,27,3,none,8.0,0.736,0.43,True,51.72,50.8,62.81,restore_sp2,degrade,1.018,0.018,0.0,0.237
degrade,0.0,degrade,0.0,Wan2.2-TI2V-5B-Diffusers,832x480x49f,30,27,3,sp1,0.1,0.736,0.43,True,6.82,42.9,54.91,degrade,restore_sp2,6.294,0.0,5.294,7.057
degrade,0.0,degrade,0.0,Wan2.2-TI2V-5B-Diffusers,832x480x49f,30,27,3,sp1,8.0,0.736,0.43,True,14.72,50.8,62.81,degrade,restore_sp2,3.452,0.0,2.452,3.269
restore_sp2,0.0,restore_sp2,0.0,Wan2.2-TI2V-5B-Diffusers,832x480x49f,30,27,3,sp1+sp2,0.1,0.736,0.43,True,6.82,5.9,17.91,restore_sp2,degrade,1.156,0.156,0.0,2.038
restore_sp2,0.0,restore_sp2,0.0,Wan2.2-TI2V-5B-Diffusers,832x480x49f,30,27,3,sp1+sp2,8.0,0.736,0.43,True,14.72,13.8,25.81,restore_sp2,degrade,1.067,0.067,0.0,0.871
degrade,0.226,restore_sp2,0.0,Wan2.2-TI2V-5B-Diffusers,832x480x49f,50,5,45,none,0.1,0.736,0.43,True,74.71,60.95,63.51,restore_sp2,restart,1.042,0.226,0.0,0.042
degrade,0.2,restore_sp2,0.0,Wan2.2-TI2V-5B-Diffusers,832x480x49f,50,5,45,none,8.0,0.736,0.43,True,82.61,68.85,71.41,restore_sp2,restart,1.037,0.2,0.0,0.037
degrade,0.0,degrade,0.0,Wan2.2-TI2V-5B-Diffusers,832x480x49f,50,5,45,sp1,0.1,0.736,0.43,True,37.71,60.95,63.51,degrade,restore_sp2,1.616,0.0,0.616,0.684
degrade,0.0,degrade,0.0,Wan2.2-TI2V-5B-Diffusers,832x480x49f,50,5,45,sp1,8.0,0.736,0.43,True,45.61,68.85,71.41,degrade,restore_sp2,1.509,0.0,0.509,0.566
restore_sp2,0.0,restore_sp2,0.0,Wan2.2-TI2V-5B-Diffusers,832x480x49f,50,5,45,sp1+sp2,0.1,0.736,0.43,True,37.71,23.95,26.51,restore_sp2,restart,1.107,0.575,0.0,0.107
restore_sp2,0.0,restore_sp2,0.0,Wan2.2-TI2V-5B-Diffusers,832x480x49f,50,5,45,sp1+sp2,8.0,0.736,0.43,True,45.61,31.85,34.41,restore_sp2,restart,1.081,0.432,0.0,0.081
degrade,0.201,restore_sp2,0.0,Wan2.2-TI2V-5B-Diffusers,832x480x49f,50,12,38,none,0.1,0.736,0.43,True,69.56,57.94,63.51,restore_sp2,restart,1.096,0.201,0.0,0.096
degrade,0.177,restore_sp2,0.0,Wan2.2-TI2V-5B-Diffusers,832x480x49f,50,12,38,none,8.0,0.736,0.43,True,77.46,65.84,71.41,restore_sp2,restart,1.085,0.177,0.0,0.085
degrade,0.0,degrade,0.0,Wan2.2-TI2V-5B-Diffusers,832x480x49f,50,12,38,sp1,0.1,0.736,0.43,True,32.56,57.94,63.51,degrade,restore_sp2,1.779,0.0,0.779,0.95
degrade,0.0,degrade,0.0,Wan2.2-TI2V-5B-Diffusers,832x480x49f,50,12,38,sp1,8.0,0.736,0.43,True,40.46,65.84,71.41,degrade,restore_sp2,1.627,0.0,0.627,0.765
restore_sp2,0.0,restore_sp2,0.0,Wan2.2-TI2V-5B-Diffusers,832x480x49f,50,12,38,sp1+sp2,0.1,0.736,0.43,True,32.56,20.94,26.51,restore_sp2,restart,1.266,0.555,0.0,0.266
restore_sp2,0.0,restore_sp2,0.0,Wan2.2-TI2V-5B-Diffusers,832x480x49f,50,12,38,sp1+sp2,8.0,0.736,0.43,True,40.46,28.84,34.41,restore_sp2,restart,1.193,0.403,0.0,0.193
degrade,0.146,restore_sp2,0.0,Wan2.2-TI2V-5B-Diffusers,832x480x49f,50,25,25,none,0.1,0.736,0.43,True,60.0,52.35,63.51,restore_sp2,degrade,1.146,0.146,0.0,0.213
degrade,0.127,restore_sp2,0.0,Wan2.2-TI2V-5B-Diffusers,832x480x49f,50,25,25,none,8.0,0.736,0.43,True,67.9,60.25,71.41,restore_sp2,degrade,1.127,0.127,0.0,0.185
degrade,0.0,degrade,0.0,Wan2.2-TI2V-5B-Diffusers,832x480x49f,50,25,25,sp1,0.1,0.736,0.43,True,23.0,52.35,63.51,degrade,restore_sp2,2.276,0.0,1.276,1.761
degrade,0.0,degrade,0.0,Wan2.2-TI2V-5B-Diffusers,832x480x49f,50,25,25,sp1,8.0,0.736,0.43,True,30.9,60.25,71.41,degrade,restore_sp2,1.95,0.0,0.95,1.311
restore_sp2,0.0,restore_sp2,0.0,Wan2.2-TI2V-5B-Diffusers,832x480x49f,50,25,25,sp1+sp2,0.1,0.736,0.43,True,23.0,15.35,26.51,restore_sp2,degrade,1.498,0.498,0.0,0.727
restore_sp2,0.0,restore_sp2,0.0,Wan2.2-TI2V-5B-Diffusers,832x480x49f,50,25,25,sp1+sp2,8.0,0.736,0.43,True,30.9,23.25,34.41,restore_sp2,degrade,1.329,0.329,0.0,0.48
degrade,0.078,restore_sp2,0.0,Wan2.2-TI2V-5B-Diffusers,832x480x49f,50,38,12,none,0.1,0.736,0.43,True,50.44,46.77,63.51,restore_sp2,degrade,1.078,0.078,0.0,0.358
degrade,0.067,restore_sp2,0.0,Wan2.2-TI2V-5B-Diffusers,832x480x49f,50,38,12,none,8.0,0.736,0.43,True,58.34,54.67,71.41,restore_sp2,degrade,1.067,0.067,0.0,0.306
degrade,0.0,degrade,0.0,Wan2.2-TI2V-5B-Diffusers,832x480x49f,50,38,12,sp1,0.1,0.736,0.43,True,13.44,46.77,63.51,degrade,restore_sp2,3.481,0.0,2.481,3.727
degrade,0.0,degrade,0.0,Wan2.2-TI2V-5B-Diffusers,832x480x49f,50,38,12,sp1,8.0,0.736,0.43,True,21.34,54.67,71.41,degrade,restore_sp2,2.562,0.0,1.562,2.347
restore_sp2,0.0,restore_sp2,0.0,Wan2.2-TI2V-5B-Diffusers,832x480x49f,50,38,12,sp1+sp2,0.1,0.736,0.43,True,13.44,9.77,26.51,restore_sp2,degrade,1.376,0.376,0.0,1.715
restore_sp2,0.0,restore_sp2,0.0,Wan2.2-TI2V-5B-Diffusers,832x480x49f,50,38,12,sp1+sp2,8.0,0.736,0.43,True,21.34,17.67,34.41,restore_sp2,degrade,1.208,0.208,0.0,0.948
degrade,0.035,restore_sp2,0.0,Wan2.2-TI2V-5B-Diffusers,832x480x49f,50,45,5,none,0.1,0.736,0.43,True,45.29,43.76,63.51,restore_sp2,degrade,1.035,0.035,0.0,0.451
degrade,0.03,restore_sp2,0.0,Wan2.2-TI2V-5B-Diffusers,832x480x49f,50,45,5,none,8.0,0.736,0.43,True,53.19,51.66,71.41,restore_sp2,degrade,1.03,0.03,0.0,0.382
degrade,0.0,degrade,0.0,Wan2.2-TI2V-5B-Diffusers,832x480x49f,50,45,5,sp1,0.1,0.736,0.43,True,8.29,43.76,63.51,degrade,restore_sp2,5.28,0.0,4.28,6.664
degrade,0.0,degrade,0.0,Wan2.2-TI2V-5B-Diffusers,832x480x49f,50,45,5,sp1,8.0,0.736,0.43,True,16.19,51.66,71.41,degrade,restore_sp2,3.191,0.0,2.191,3.412
restore_sp2,0.0,restore_sp2,0.0,Wan2.2-TI2V-5B-Diffusers,832x480x49f,50,45,5,sp1+sp2,0.1,0.736,0.43,True,8.29,6.76,26.51,restore_sp2,degrade,1.226,0.226,0.0,2.923
restore_sp2,0.0,restore_sp2,0.0,Wan2.2-TI2V-5B-Diffusers,832x480x49f,50,45,5,sp1+sp2,8.0,0.736,0.43,True,16.19,14.66,34.41,restore_sp2,degrade,1.104,0.104,0.0,1.348
degrade,0.074,restore_sp2,0.0,Wan2.2-TI2V-5B-Diffusers,832x480x81f,9,1,8,none,0.1,1.198,0.732,False,54.13,50.4,51.54,restore_sp2,restart,1.023,0.074,0.0,0.023
degrade,0.064,restore_sp2,0.0,Wan2.2-TI2V-5B-Diffusers,832x480x81f,9,1,8,none,8.0,1.198,0.732,False,62.03,58.3,59.44,restore_sp2,restart,1.02,0.064,0.0,0.02
degrade,0.0,degrade,0.0,Wan2.2-TI2V-5B-Diffusers,832x480x81f,9,1,8,sp1,0.1,1.198,0.732,False,17.13,50.4,51.54,degrade,restore_sp2,2.942,0.0,1.942,2.009
degrade,0.0,degrade,0.0,Wan2.2-TI2V-5B-Diffusers,832x480x81f,9,1,8,sp1,8.0,1.198,0.732,False,25.03,58.3,59.44,degrade,restore_sp2,2.329,0.0,1.329,1.375
restore_sp2,0.0,restore_sp2,0.0,Wan2.2-TI2V-5B-Diffusers,832x480x81f,9,1,8,sp1+sp2,0.1,1.198,0.732,False,17.13,13.4,14.54,restore_sp2,restart,1.085,0.279,0.0,0.085
restore_sp2,0.0,restore_sp2,0.0,Wan2.2-TI2V-5B-Diffusers,832x480x81f,9,1,8,sp1+sp2,8.0,1.198,0.732,False,25.03,21.3,22.44,restore_sp2,restart,1.054,0.175,0.0,0.054
degrade,0.066,restore_sp2,0.0,Wan2.2-TI2V-5B-Diffusers,832x480x81f,9,2,7,none,0.1,1.198,0.732,False,52.93,49.66,51.54,restore_sp2,restart,1.038,0.066,0.0,0.038
degrade,0.057,restore_sp2,0.0,Wan2.2-TI2V-5B-Diffusers,832x480x81f,9,2,7,none,8.0,1.198,0.732,False,60.83,57.56,59.44,restore_sp2,restart,1.033,0.057,0.0,0.033
degrade,0.0,degrade,0.0,Wan2.2-TI2V-5B-Diffusers,832x480x81f,9,2,7,sp1,0.1,1.198,0.732,False,15.93,49.66,51.54,degrade,restore_sp2,3.117,0.0,2.117,2.235
degrade,0.0,degrade,0.0,Wan2.2-TI2V-5B-Diffusers,832x480x81f,9,2,7,sp1,8.0,1.198,0.732,False,23.83,57.56,59.44,degrade,restore_sp2,2.415,0.0,1.415,1.494
restore_sp2,0.0,restore_sp2,0.0,Wan2.2-TI2V-5B-Diffusers,832x480x81f,9,2,7,sp1+sp2,0.1,1.198,0.732,False,15.93,12.66,14.54,restore_sp2,restart,1.148,0.258,0.0,0.148
restore_sp2,0.0,restore_sp2,0.0,Wan2.2-TI2V-5B-Diffusers,832x480x81f,9,2,7,sp1+sp2,8.0,1.198,0.732,False,23.83,20.56,22.44,restore_sp2,restart,1.091,0.159,0.0,0.091
degrade,0.048,restore_sp2,0.0,Wan2.2-TI2V-5B-Diffusers,832x480x81f,9,4,5,none,0.1,1.198,0.732,False,50.54,48.2,51.54,restore_sp2,degrade,1.048,0.048,0.0,0.069
degrade,0.042,restore_sp2,0.0,Wan2.2-TI2V-5B-Diffusers,832x480x81f,9,4,5,none,8.0,1.198,0.732,False,58.44,56.1,59.44,restore_sp2,degrade,1.042,0.042,0.0,0.06
degrade,0.0,degrade,0.0,Wan2.2-TI2V-5B-Diffusers,832x480x81f,9,4,5,sp1,0.1,1.198,0.732,False,13.54,48.2,51.54,degrade,restore_sp2,3.561,0.0,2.561,2.808
degrade,0.0,degrade,0.0,Wan2.2-TI2V-5B-Diffusers,832x480x81f,9,4,5,sp1,8.0,1.198,0.732,False,21.44,56.1,59.44,degrade,restore_sp2,2.617,0.0,1.617,1.773
restore_sp2,0.0,restore_sp2,0.0,Wan2.2-TI2V-5B-Diffusers,832x480x81f,9,4,5,sp1+sp2,0.1,1.198,0.732,False,13.54,11.2,14.54,restore_sp2,degrade,1.208,0.208,0.0,0.298
restore_sp2,0.0,restore_sp2,0.0,Wan2.2-TI2V-5B-Diffusers,832x480x81f,9,4,5,sp1+sp2,8.0,1.198,0.732,False,21.44,19.1,22.44,restore_sp2,degrade,1.122,0.122,0.0,0.175
degrade,0.02,restore_sp2,0.0,Wan2.2-TI2V-5B-Diffusers,832x480x81f,9,7,2,none,0.1,1.198,0.732,False,46.94,46.01,51.54,restore_sp2,degrade,1.02,0.02,0.0,0.12
degrade,0.017,restore_sp2,0.0,Wan2.2-TI2V-5B-Diffusers,832x480x81f,9,7,2,none,8.0,1.198,0.732,False,54.84,53.91,59.44,restore_sp2,degrade,1.017,0.017,0.0,0.103
degrade,0.0,degrade,0.0,Wan2.2-TI2V-5B-Diffusers,832x480x81f,9,7,2,sp1,0.1,1.198,0.732,False,9.94,46.01,51.54,degrade,restore_sp2,4.628,0.0,3.628,4.185
degrade,0.0,degrade,0.0,Wan2.2-TI2V-5B-Diffusers,832x480x81f,9,7,2,sp1,8.0,1.198,0.732,False,17.84,53.91,59.44,degrade,restore_sp2,3.022,0.0,2.022,2.332
restore_sp2,0.0,restore_sp2,0.0,Wan2.2-TI2V-5B-Diffusers,832x480x81f,9,7,2,sp1+sp2,0.1,1.198,0.732,False,9.94,9.01,14.54,restore_sp2,degrade,1.104,0.104,0.0,0.614
restore_sp2,0.0,restore_sp2,0.0,Wan2.2-TI2V-5B-Diffusers,832x480x81f,9,7,2,sp1+sp2,8.0,1.198,0.732,False,17.84,16.91,22.44,restore_sp2,degrade,1.055,0.055,0.0,0.327
degrade,0.01,restore_sp2,0.0,Wan2.2-TI2V-5B-Diffusers,832x480x81f,9,8,1,none,0.1,1.198,0.732,False,45.74,45.28,51.54,restore_sp2,degrade,1.01,0.01,0.0,0.138
degrade,0.009,restore_sp2,0.0,Wan2.2-TI2V-5B-Diffusers,832x480x81f,9,8,1,none,8.0,1.198,0.732,False,53.64,53.18,59.44,restore_sp2,degrade,1.009,0.009,0.0,0.118
degrade,0.0,degrade,0.0,Wan2.2-TI2V-5B-Diffusers,832x480x81f,9,8,1,sp1,0.1,1.198,0.732,False,8.74,45.28,51.54,degrade,restore_sp2,5.179,0.0,4.179,4.896
degrade,0.0,degrade,0.0,Wan2.2-TI2V-5B-Diffusers,832x480x81f,9,8,1,sp1,8.0,1.198,0.732,False,16.64,53.18,59.44,degrade,restore_sp2,3.195,0.0,2.195,2.572
restore_sp2,0.0,restore_sp2,0.0,Wan2.2-TI2V-5B-Diffusers,832x480x81f,9,8,1,sp1+sp2,0.1,1.198,0.732,False,8.74,8.28,14.54,restore_sp2,degrade,1.056,0.056,0.0,0.757
restore_sp2,0.0,restore_sp2,0.0,Wan2.2-TI2V-5B-Diffusers,832x480x81f,9,8,1,sp1+sp2,8.0,1.198,0.732,False,16.64,16.18,22.44,restore_sp2,degrade,1.029,0.029,0.0,0.387
degrade,0.146,restore_sp2,0.0,Wan2.2-TI2V-5B-Diffusers,832x480x81f,20,2,18,none,0.1,1.198,0.732,False,66.11,57.71,59.59,restore_sp2,restart,1.033,0.146,0.0,0.033
degrade,0.128,restore_sp2,0.0,Wan2.2-TI2V-5B-Diffusers,832x480x81f,20,2,18,none,8.0,1.198,0.732,False,74.01,65.61,67.49,restore_sp2,restart,1.029,0.128,0.0,0.029
degrade,0.0,degrade,0.0,Wan2.2-TI2V-5B-Diffusers,832x480x81f,20,2,18,sp1,0.1,1.198,0.732,False,29.11,57.71,59.59,degrade,restore_sp2,1.982,0.0,0.982,1.047
degrade,0.0,degrade,0.0,Wan2.2-TI2V-5B-Diffusers,832x480x81f,20,2,18,sp1,8.0,1.198,0.732,False,37.01,65.61,67.49,degrade,restore_sp2,1.773,0.0,0.773,0.823
restore_sp2,0.0,restore_sp2,0.0,Wan2.2-TI2V-5B-Diffusers,832x480x81f,20,2,18,sp1+sp2,0.1,1.198,0.732,False,29.11,20.71,22.59,restore_sp2,restart,1.091,0.406,0.0,0.091
restore_sp2,0.0,restore_sp2,0.0,Wan2.2-TI2V-5B-Diffusers,832x480x81f,20,2,18,sp1+sp2,8.0,1.198,0.732,False,37.01,28.61,30.49,restore_sp2,restart,1.066,0.294,0.0,0.066
degrade,0.126,restore_sp2,0.0,Wan2.2-TI2V-5B-Diffusers,832x480x81f,20,5,15,none,0.1,1.198,0.732,False,62.52,55.52,59.59,restore_sp2,restart,1.073,0.126,0.0,0.073
degrade,0.11,restore_sp2,0.0,Wan2.2-TI2V-5B-Diffusers,832x480x81f,20,5,15,none,8.0,1.198,0.732,False,70.42,63.42,67.49,restore_sp2,restart,1.064,0.11,0.0,0.064
degrade,0.0,degrade,0.0,Wan2.2-TI2V-5B-Diffusers,832x480x81f,20,5,15,sp1,0.1,1.198,0.732,False,25.52,55.52,59.59,degrade,restore_sp2,2.176,0.0,1.176,1.335
degrade,0.0,degrade,0.0,Wan2.2-TI2V-5B-Diffusers,832x480x81f,20,5,15,sp1,8.0,1.198,0.732,False,33.42,63.42,67.49,degrade,restore_sp2,1.898,0.0,0.898,1.019
restore_sp2,0.0,restore_sp2,0.0,Wan2.2-TI2V-5B-Diffusers,832x480x81f,20,5,15,sp1+sp2,0.1,1.198,0.732,False,25.52,18.52,22.59,restore_sp2,restart,1.22,0.378,0.0,0.22
restore_sp2,0.0,restore_sp2,0.0,Wan2.2-TI2V-5B-Diffusers,832x480x81f,20,5,15,sp1+sp2,8.0,1.198,0.732,False,33.42,26.42,30.49,restore_sp2,restart,1.154,0.265,0.0,0.154
degrade,0.09,restore_sp2,0.0,Wan2.2-TI2V-5B-Diffusers,832x480x81f,20,10,10,none,0.1,1.198,0.732,False,56.53,51.86,59.59,restore_sp2,degrade,1.09,0.09,0.0,0.149
degrade,0.078,restore_sp2,0.0,Wan2.2-TI2V-5B-Diffusers,832x480x81f,20,10,10,none,8.0,1.198,0.732,False,64.43,59.76,67.49,restore_sp2,degrade,1.078,0.078,0.0,0.129
degrade,0.0,degrade,0.0,Wan2.2-TI2V-5B-Diffusers,832x480x81f,20,10,10,sp1,0.1,1.198,0.732,False,19.53,51.86,59.59,degrade,restore_sp2,2.656,0.0,1.656,2.052
degrade,0.0,degrade,0.0,Wan2.2-TI2V-5B-Diffusers,832x480x81f,20,10,10,sp1,8.0,1.198,0.732,False,27.43,59.76,67.49,degrade,restore_sp2,2.179,0.0,1.179,1.461
restore_sp2,0.0,restore_sp2,0.0,Wan2.2-TI2V-5B-Diffusers,832x480x81f,20,10,10,sp1+sp2,0.1,1.198,0.732,False,19.53,14.86,22.59,restore_sp2,degrade,1.314,0.314,0.0,0.52
restore_sp2,0.0,restore_sp2,0.0,Wan2.2-TI2V-5B-Diffusers,832x480x81f,20,10,10,sp1+sp2,8.0,1.198,0.732,False,27.43,22.76,30.49,restore_sp2,degrade,1.205,0.205,0.0,0.34
degrade,0.048,restore_sp2,0.0,Wan2.2-TI2V-5B-Diffusers,832x480x81f,20,15,5,none,0.1,1.198,0.732,False,50.54,48.2,59.59,restore_sp2,degrade,1.048,0.048,0.0,0.236
degrade,0.042,restore_sp2,0.0,Wan2.2-TI2V-5B-Diffusers,832x480x81f,20,15,5,none,8.0,1.198,0.732,False,58.44,56.1,67.49,restore_sp2,degrade,1.042,0.042,0.0,0.203
degrade,0.0,degrade,0.0,Wan2.2-TI2V-5B-Diffusers,832x480x81f,20,15,5,sp1,0.1,1.198,0.732,False,13.54,48.2,59.59,degrade,restore_sp2,3.561,0.0,2.561,3.402
degrade,0.0,degrade,0.0,Wan2.2-TI2V-5B-Diffusers,832x480x81f,20,15,5,sp1,8.0,1.198,0.732,False,21.44,56.1,67.49,degrade,restore_sp2,2.617,0.0,1.617,2.148
restore_sp2,0.0,restore_sp2,0.0,Wan2.2-TI2V-5B-Diffusers,832x480x81f,20,15,5,sp1+sp2,0.1,1.198,0.732,False,13.54,11.2,22.59,restore_sp2,degrade,1.208,0.208,0.0,1.017
restore_sp2,0.0,restore_sp2,0.0,Wan2.2-TI2V-5B-Diffusers,832x480x81f,20,15,5,sp1+sp2,8.0,1.198,0.732,False,21.44,19.1,30.49,restore_sp2,degrade,1.122,0.122,0.0,0.596
degrade,0.02,restore_sp2,0.0,Wan2.2-TI2V-5B-Diffusers,832x480x81f,20,18,2,none,0.1,1.198,0.732,False,46.94,46.01,59.59,restore_sp2,degrade,1.02,0.02,0.0,0.295
degrade,0.017,restore_sp2,0.0,Wan2.2-TI2V-5B-Diffusers,832x480x81f,20,18,2,none,8.0,1.198,0.732,False,54.84,53.91,67.49,restore_sp2,degrade,1.017,0.017,0.0,0.252
degrade,0.0,degrade,0.0,Wan2.2-TI2V-5B-Diffusers,832x480x81f,20,18,2,sp1,0.1,1.198,0.732,False,9.94,46.01,59.59,degrade,restore_sp2,4.628,0.0,3.628,4.994
degrade,0.0,degrade,0.0,Wan2.2-TI2V-5B-Diffusers,832x480x81f,20,18,2,sp1,8.0,1.198,0.732,False,17.84,53.91,67.49,degrade,restore_sp2,3.022,0.0,2.022,2.783
restore_sp2,0.0,restore_sp2,0.0,Wan2.2-TI2V-5B-Diffusers,832x480x81f,20,18,2,sp1+sp2,0.1,1.198,0.732,False,9.94,9.01,22.59,restore_sp2,degrade,1.104,0.104,0.0,1.508
restore_sp2,0.0,restore_sp2,0.0,Wan2.2-TI2V-5B-Diffusers,832x480x81f,20,18,2,sp1+sp2,8.0,1.198,0.732,False,17.84,16.91,30.49,restore_sp2,degrade,1.055,0.055,0.0,0.803
degrade,0.196,restore_sp2,0.0,Wan2.2-TI2V-5B-Diffusers,832x480x81f,30,3,27,none,0.1,1.198,0.732,False,76.9,64.29,66.9,restore_sp2,restart,1.041,0.196,0.0,0.041
degrade,0.175,restore_sp2,0.0,Wan2.2-TI2V-5B-Diffusers,832x480x81f,30,3,27,none,8.0,1.198,0.732,False,84.8,72.19,74.8,restore_sp2,restart,1.036,0.175,0.0,0.036
degrade,0.0,degrade,0.0,Wan2.2-TI2V-5B-Diffusers,832x480x81f,30,3,27,sp1,0.1,1.198,0.732,False,39.9,64.29,66.9,degrade,restore_sp2,1.611,0.0,0.611,0.677
degrade,0.0,degrade,0.0,Wan2.2-TI2V-5B-Diffusers,832x480x81f,30,3,27,sp1,8.0,1.198,0.732,False,47.8,72.19,74.8,degrade,restore_sp2,1.51,0.0,0.51,0.565
restore_sp2,0.0,restore_sp2,0.0,Wan2.2-TI2V-5B-Diffusers,832x480x81f,30,3,27,sp1+sp2,0.1,1.198,0.732,False,39.9,27.29,29.9,restore_sp2,restart,1.096,0.462,0.0,0.096
restore_sp2,0.0,restore_sp2,0.0,Wan2.2-TI2V-5B-Diffusers,832x480x81f,30,3,27,sp1+sp2,8.0,1.198,0.732,False,47.8,35.19,37.8,restore_sp2,restart,1.074,0.358,0.0,0.074
degrade,0.169,restore_sp2,0.0,Wan2.2-TI2V-5B-Diffusers,832x480x81f,30,8,22,none,0.1,1.198,0.732,False,70.91,60.64,66.9,restore_sp2,restart,1.103,0.169,0.0,0.103
degrade,0.15,restore_sp2,0.0,Wan2.2-TI2V-5B-Diffusers,832x480x81f,30,8,22,none,8.0,1.198,0.732,False,78.81,68.54,74.8,restore_sp2,restart,1.091,0.15,0.0,0.091
degrade,0.0,degrade,0.0,Wan2.2-TI2V-5B-Diffusers,832x480x81f,30,8,22,sp1,0.1,1.198,0.732,False,33.91,60.64,66.9,degrade,restore_sp2,1.788,0.0,0.788,0.973
degrade,0.0,degrade,0.0,Wan2.2-TI2V-5B-Diffusers,832x480x81f,30,8,22,sp1,8.0,1.198,0.732,False,41.81,68.54,74.8,degrade,restore_sp2,1.639,0.0,0.639,0.789
restore_sp2,0.0,restore_sp2,0.0,Wan2.2-TI2V-5B-Diffusers,832x480x81f,30,8,22,sp1+sp2,0.1,1.198,0.732,False,33.91,23.64,29.9,restore_sp2,restart,1.265,0.434,0.0,0.265
restore_sp2,0.0,restore_sp2,0.0,Wan2.2-TI2V-5B-Diffusers,832x480x81f,30,8,22,sp1+sp2,8.0,1.198,0.732,False,41.81,31.54,37.8,restore_sp2,restart,1.199,0.326,0.0,0.199
degrade,0.126,restore_sp2,0.0,Wan2.2-TI2V-5B-Diffusers,832x480x81f,30,15,15,none,0.1,1.198,0.732,False,62.52,55.52,66.9,restore_sp2,degrade,1.126,0.126,0.0,0.205
degrade,0.11,restore_sp2,0.0,Wan2.2-TI2V-5B-Diffusers,832x480x81f,30,15,15,none,8.0,1.198,0.732,False,70.42,63.42,74.8,restore_sp2,degrade,1.11,0.11,0.0,0.18
degrade,0.0,degrade,0.0,Wan2.2-TI2V-5B-Diffusers,832x480x81f,30,15,15,sp1,0.1,1.198,0.732,False,25.52,55.52,66.9,degrade,restore_sp2,2.176,0.0,1.176,1.622
degrade,0.0,degrade,0.0,Wan2.2-TI2V-5B-Diffusers,832x480x81f,30,15,15,sp1,8.0,1.198,0.732,False,33.42,63.42,74.8,degrade,restore_sp2,1.898,0.0,0.898,1.238
restore_sp2,0.0,restore_sp2,0.0,Wan2.2-TI2V-5B-Diffusers,832x480x81f,30,15,15,sp1+sp2,0.1,1.198,0.732,False,25.52,18.52,29.9,restore_sp2,degrade,1.378,0.378,0.0,0.615
restore_sp2,0.0,restore_sp2,0.0,Wan2.2-TI2V-5B-Diffusers,832x480x81f,30,15,15,sp1+sp2,8.0,1.198,0.732,False,33.42,26.42,37.8,restore_sp2,degrade,1.265,0.265,0.0,0.431
degrade,0.074,restore_sp2,0.0,Wan2.2-TI2V-5B-Diffusers,832x480x81f,30,22,8,none,0.1,1.198,0.732,False,54.13,50.4,66.9,restore_sp2,degrade,1.074,0.074,0.0,0.328
degrade,0.064,restore_sp2,0.0,Wan2.2-TI2V-5B-Diffusers,832x480x81f,30,22,8,none,8.0,1.198,0.732,False,62.03,58.3,74.8,restore_sp2,degrade,1.064,0.064,0.0,0.283
degrade,0.0,degrade,0.0,Wan2.2-TI2V-5B-Diffusers,832x480x81f,30,22,8,sp1,0.1,1.198,0.732,False,17.13,50.4,66.9,degrade,restore_sp2,2.942,0.0,1.942,2.906
degrade,0.0,degrade,0.0,Wan2.2-TI2V-5B-Diffusers,832x480x81f,30,22,8,sp1,8.0,1.198,0.732,False,25.03,58.3,74.8,degrade,restore_sp2,2.329,0.0,1.329,1.988
restore_sp2,0.0,restore_sp2,0.0,Wan2.2-TI2V-5B-Diffusers,832x480x81f,30,22,8,sp1+sp2,0.1,1.198,0.732,False,17.13,13.4,29.9,restore_sp2,degrade,1.279,0.279,0.0,1.232
restore_sp2,0.0,restore_sp2,0.0,Wan2.2-TI2V-5B-Diffusers,832x480x81f,30,22,8,sp1+sp2,8.0,1.198,0.732,False,25.03,21.3,37.8,restore_sp2,degrade,1.175,0.175,0.0,0.775
degrade,0.03,restore_sp2,0.0,Wan2.2-TI2V-5B-Diffusers,832x480x81f,30,27,3,none,0.1,1.198,0.732,False,48.14,46.74,66.9,restore_sp2,degrade,1.03,0.03,0.0,0.431
degrade,0.026,restore_sp2,0.0,Wan2.2-TI2V-5B-Diffusers,832x480x81f,30,27,3,none,8.0,1.198,0.732,False,56.04,54.64,74.8,restore_sp2,degrade,1.026,0.026,0.0,0.369
degrade,0.0,degrade,0.0,Wan2.2-TI2V-5B-Diffusers,832x480x81f,30,27,3,sp1,0.1,1.198,0.732,False,11.14,46.74,66.9,degrade,restore_sp2,4.196,0.0,3.196,5.006
degrade,0.0,degrade,0.0,Wan2.2-TI2V-5B-Diffusers,832x480x81f,30,27,3,sp1,8.0,1.198,0.732,False,19.04,54.64,74.8,degrade,restore_sp2,2.87,0.0,1.87,2.929
restore_sp2,0.0,restore_sp2,0.0,Wan2.2-TI2V-5B-Diffusers,832x480x81f,30,27,3,sp1+sp2,0.1,1.198,0.732,False,11.14,9.74,29.9,restore_sp2,degrade,1.144,0.144,0.0,2.071
restore_sp2,0.0,restore_sp2,0.0,Wan2.2-TI2V-5B-Diffusers,832x480x81f,30,27,3,sp1+sp2,8.0,1.198,0.732,False,19.04,17.64,37.8,restore_sp2,degrade,1.079,0.079,0.0,1.143
degrade,0.271,restore_sp2,0.0,Wan2.2-TI2V-5B-Diffusers,832x480x81f,50,5,45,none,0.1,1.198,0.732,False,98.47,77.46,81.53,restore_sp2,restart,1.053,0.271,0.0,0.053
degrade,0.246,restore_sp2,0.0,Wan2.2-TI2V-5B-Diffusers,832x480x81f,50,5,45,none,8.0,1.198,0.732,False,106.37,85.36,89.43,restore_sp2,restart,1.048,0.246,0.0,0.048
degrade,0.0,degrade,0.0,Wan2.2-TI2V-5B-Diffusers,832x480x81f,50,5,45,sp1,0.1,1.198,0.732,False,61.47,77.46,81.53,degrade,restore_sp2,1.26,0.0,0.26,0.326
degrade,0.0,degrade,0.0,Wan2.2-TI2V-5B-Diffusers,832x480x81f,50,5,45,sp1,8.0,1.198,0.732,False,69.37,85.36,89.43,degrade,restore_sp2,1.231,0.0,0.231,0.289
restore_sp2,0.0,restore_sp2,0.0,Wan2.2-TI2V-5B-Diffusers,832x480x81f,50,5,45,sp1+sp2,0.1,1.198,0.732,False,61.47,40.46,44.53,restore_sp2,restart,1.101,0.519,0.0,0.101
restore_sp2,0.0,restore_sp2,0.0,Wan2.2-TI2V-5B-Diffusers,832x480x81f,50,5,45,sp1+sp2,8.0,1.198,0.732,False,69.37,48.36,52.43,restore_sp2,restart,1.084,0.434,0.0,0.084
degrade,0.245,restore_sp2,0.0,Wan2.2-TI2V-5B-Diffusers,832x480x81f,50,12,38,none,0.1,1.198,0.732,False,90.08,72.34,81.53,restore_sp2,restart,1.127,0.245,0.0,0.127
degrade,0.221,restore_sp2,0.0,Wan2.2-TI2V-5B-Diffusers,832x480x81f,50,12,38,none,8.0,1.198,0.732,False,97.98,80.24,89.43,restore_sp2,restart,1.115,0.221,0.0,0.115
degrade,0.0,degrade,0.0,Wan2.2-TI2V-5B-Diffusers,832x480x81f,50,12,38,sp1,0.1,1.198,0.732,False,53.08,72.34,81.53,degrade,restore_sp2,1.363,0.0,0.363,0.536
degrade,0.0,degrade,0.0,Wan2.2-TI2V-5B-Diffusers,832x480x81f,50,12,38,sp1,8.0,1.198,0.732,False,60.98,80.24,89.43,degrade,restore_sp2,1.316,0.0,0.316,0.467
restore_sp2,0.0,restore_sp2,0.0,Wan2.2-TI2V-5B-Diffusers,832x480x81f,50,12,38,sp1+sp2,0.1,1.198,0.732,False,53.08,35.34,44.53,restore_sp2,restart,1.26,0.502,0.0,0.26
restore_sp2,0.0,restore_sp2,0.0,Wan2.2-TI2V-5B-Diffusers,832x480x81f,50,12,38,sp1+sp2,8.0,1.198,0.732,False,60.98,43.24,52.43,restore_sp2,restart,1.213,0.41,0.0,0.213
degrade,0.186,restore_sp2,0.0,Wan2.2-TI2V-5B-Diffusers,832x480x81f,50,25,25,none,0.1,1.198,0.732,False,74.5,62.83,81.53,restore_sp2,degrade,1.186,0.186,0.0,0.298
degrade,0.165,restore_sp2,0.0,Wan2.2-TI2V-5B-Diffusers,832x480x81f,50,25,25,none,8.0,1.198,0.732,False,82.4,70.73,89.43,restore_sp2,degrade,1.165,0.165,0.0,0.264
degrade,0.0,degrade,0.0,Wan2.2-TI2V-5B-Diffusers,832x480x81f,50,25,25,sp1,0.1,1.198,0.732,False,37.5,62.83,81.53,degrade,restore_sp2,1.675,0.0,0.675,1.174
degrade,0.0,degrade,0.0,Wan2.2-TI2V-5B-Diffusers,832x480x81f,50,25,25,sp1,8.0,1.198,0.732,False,45.4,70.73,89.43,degrade,restore_sp2,1.558,0.0,0.558,0.97
restore_sp2,0.0,restore_sp2,0.0,Wan2.2-TI2V-5B-Diffusers,832x480x81f,50,25,25,sp1+sp2,0.1,1.198,0.732,False,37.5,25.83,44.53,restore_sp2,degrade,1.452,0.452,0.0,0.724
restore_sp2,0.0,restore_sp2,0.0,Wan2.2-TI2V-5B-Diffusers,832x480x81f,50,25,25,sp1+sp2,8.0,1.198,0.732,False,45.4,33.73,52.43,restore_sp2,degrade,1.346,0.346,0.0,0.554
degrade,0.105,restore_sp2,0.0,Wan2.2-TI2V-5B-Diffusers,832x480x81f,50,38,12,none,0.1,1.198,0.732,False,58.92,53.32,81.53,restore_sp2,degrade,1.105,0.105,0.0,0.529
degrade,0.091,restore_sp2,0.0,Wan2.2-TI2V-5B-Diffusers,832x480x81f,50,38,12,none,8.0,1.198,0.732,False,66.82,61.22,89.43,restore_sp2,degrade,1.091,0.091,0.0,0.461
degrade,0.0,degrade,0.0,Wan2.2-TI2V-5B-Diffusers,832x480x81f,50,38,12,sp1,0.1,1.198,0.732,False,21.92,53.32,81.53,degrade,restore_sp2,2.432,0.0,1.432,2.719
degrade,0.0,degrade,0.0,Wan2.2-TI2V-5B-Diffusers,832x480x81f,50,38,12,sp1,8.0,1.198,0.732,False,29.82,61.22,89.43,degrade,restore_sp2,2.053,0.0,1.053,1.999
restore_sp2,0.0,restore_sp2,0.0,Wan2.2-TI2V-5B-Diffusers,832x480x81f,50,38,12,sp1+sp2,0.1,1.198,0.732,False,21.92,16.32,44.53,restore_sp2,degrade,1.343,0.343,0.0,1.728
restore_sp2,0.0,restore_sp2,0.0,Wan2.2-TI2V-5B-Diffusers,832x480x81f,50,38,12,sp1+sp2,8.0,1.198,0.732,False,29.82,24.22,52.43,restore_sp2,degrade,1.231,0.231,0.0,1.165
degrade,0.048,restore_sp2,0.0,Wan2.2-TI2V-5B-Diffusers,832x480x81f,50,45,5,none,0.1,1.198,0.732,False,50.54,48.2,81.53,restore_sp2,degrade,1.048,0.048,0.0,0.692
degrade,0.042,restore_sp2,0.0,Wan2.2-TI2V-5B-Diffusers,832x480x81f,50,45,5,none,8.0,1.198,0.732,False,58.44,56.1,89.43,restore_sp2,degrade,1.042,0.042,0.0,0.594
degrade,0.0,degrade,0.0,Wan2.2-TI2V-5B-Diffusers,832x480x81f,50,45,5,sp1,0.1,1.198,0.732,False,13.54,48.2,81.53,degrade,restore_sp2,3.561,0.0,2.561,5.024
degrade,0.0,degrade,0.0,Wan2.2-TI2V-5B-Diffusers,832x480x81f,50,45,5,sp1,8.0,1.198,0.732,False,21.44,56.1,89.43,degrade,restore_sp2,2.617,0.0,1.617,3.172
restore_sp2,0.0,restore_sp2,0.0,Wan2.2-TI2V-5B-Diffusers,832x480x81f,50,45,5,sp1+sp2,0.1,1.198,0.732,False,13.54,11.2,44.53,restore_sp2,degrade,1.208,0.208,0.0,2.976
restore_sp2,0.0,restore_sp2,0.0,Wan2.2-TI2V-5B-Diffusers,832x480x81f,50,45,5,sp1+sp2,8.0,1.198,0.732,False,21.44,19.1,52.43,restore_sp2,degrade,1.122,0.122,0.0,1.745
degrade,0.088,restore_sp2,0.0,Wan2.2-TI2V-5B-Diffusers,832x480x85f,9,1,8,none,0.1,1.351,0.789,True,55.76,51.26,52.47,restore_sp2,restart,1.023,0.088,0.0,0.023
degrade,0.076,restore_sp2,0.0,Wan2.2-TI2V-5B-Diffusers,832x480x85f,9,1,8,none,8.0,1.351,0.789,True,63.66,59.16,60.37,restore_sp2,restart,1.02,0.076,0.0,0.02
degrade,0.0,degrade,0.0,Wan2.2-TI2V-5B-Diffusers,832x480x85f,9,1,8,sp1,0.1,1.351,0.789,True,18.76,51.26,52.47,degrade,restore_sp2,2.733,0.0,1.733,1.797
degrade,0.0,degrade,0.0,Wan2.2-TI2V-5B-Diffusers,832x480x85f,9,1,8,sp1,8.0,1.351,0.789,True,26.66,59.16,60.37,degrade,restore_sp2,2.219,0.0,1.219,1.264
restore_sp2,0.0,restore_sp2,0.0,Wan2.2-TI2V-5B-Diffusers,832x480x85f,9,1,8,sp1+sp2,0.1,1.351,0.789,True,18.76,14.26,15.47,restore_sp2,restart,1.084,0.315,0.0,0.084
restore_sp2,0.0,restore_sp2,0.0,Wan2.2-TI2V-5B-Diffusers,832x480x85f,9,1,8,sp1+sp2,8.0,1.351,0.789,True,26.66,22.16,23.37,restore_sp2,restart,1.054,0.203,0.0,0.054
degrade,0.078,restore_sp2,0.0,Wan2.2-TI2V-5B-Diffusers,832x480x85f,9,2,7,none,0.1,1.351,0.789,True,54.41,50.47,52.47,restore_sp2,restart,1.039,0.078,0.0,0.039
degrade,0.067,restore_sp2,0.0,Wan2.2-TI2V-5B-Diffusers,832x480x85f,9,2,7,none,8.0,1.351,0.789,True,62.31,58.37,60.37,restore_sp2,restart,1.034,0.067,0.0,0.034
degrade,0.0,degrade,0.0,Wan2.2-TI2V-5B-Diffusers,832x480x85f,9,2,7,sp1,0.1,1.351,0.789,True,17.41,50.47,52.47,degrade,restore_sp2,2.9,0.0,1.9,2.014
degrade,0.0,degrade,0.0,Wan2.2-TI2V-5B-Diffusers,832x480x85f,9,2,7,sp1,8.0,1.351,0.789,True,25.31,58.37,60.37,degrade,restore_sp2,2.307,0.0,1.307,1.385
restore_sp2,0.0,restore_sp2,0.0,Wan2.2-TI2V-5B-Diffusers,832x480x85f,9,2,7,sp1+sp2,0.1,1.351,0.789,True,17.41,13.47,15.47,restore_sp2,restart,1.148,0.292,0.0,0.148
restore_sp2,0.0,restore_sp2,0.0,Wan2.2-TI2V-5B-Diffusers,832x480x85f,9,2,7,sp1+sp2,8.0,1.351,0.789,True,25.31,21.37,23.37,restore_sp2,restart,1.093,0.184,0.0,0.093
degrade,0.057,restore_sp2,0.0,Wan2.2-TI2V-5B-Diffusers,832x480x85f,9,4,5,none,0.1,1.351,0.789,True,51.71,48.9,52.47,restore_sp2,degrade,1.057,0.057,0.0,0.073
degrade,0.049,restore_sp2,0.0,Wan2.2-TI2V-5B-Diffusers,832x480x85f,9,4,5,none,8.0,1.351,0.789,True,59.61,56.8,60.37,restore_sp2,degrade,1.049,0.049,0.0,0.063
degrade,0.0,degrade,0.0,Wan2.2-TI2V-5B-Diffusers,832x480x85f,9,4,5,sp1,0.1,1.351,0.789,True,14.71,48.9,52.47,degrade,restore_sp2,3.325,0.0,2.325,2.568
degrade,0.0,degrade,0.0,Wan2.2-TI2V-5B-Diffusers,832x480x85f,9,4,5,sp1,8.0,1.351,0.789,True,22.61,56.8,60.37,degrade,restore_sp2,2.513,0.0,1.513,1.671
restore_sp2,0.0,restore_sp2,0.0,Wan2.2-TI2V-5B-Diffusers,832x480x85f,9,4,5,sp1+sp2,0.1,1.351,0.789,True,14.71,11.9,15.47,restore_sp2,degrade,1.236,0.236,0.0,0.3
restore_sp2,0.0,restore_sp2,0.0,Wan2.2-TI2V-5B-Diffusers,832x480x85f,9,4,5,sp1+sp2,8.0,1.351,0.789,True,22.61,19.8,23.37,restore_sp2,degrade,1.142,0.142,0.0,0.18
degrade,0.024,restore_sp2,0.0,Wan2.2-TI2V-5B-Diffusers,832x480x85f,9,7,2,none,0.1,1.351,0.789,True,47.65,46.53,52.47,restore_sp2,degrade,1.024,0.024,0.0,0.128
degrade,0.021,restore_sp2,0.0,Wan2.2-TI2V-5B-Diffusers,832x480x85f,9,7,2,none,8.0,1.351,0.789,True,55.55,54.43,60.37,restore_sp2,degrade,1.021,0.021,0.0,0.109
degrade,0.0,degrade,0.0,Wan2.2-TI2V-5B-Diffusers,832x480x85f,9,7,2,sp1,0.1,1.351,0.789,True,10.65,46.53,52.47,degrade,restore_sp2,4.368,0.0,3.368,3.926
degrade,0.0,degrade,0.0,Wan2.2-TI2V-5B-Diffusers,832x480x85f,9,7,2,sp1,8.0,1.351,0.789,True,18.55,54.43,60.37,degrade,restore_sp2,2.934,0.0,1.934,2.254
restore_sp2,0.0,restore_sp2,0.0,Wan2.2-TI2V-5B-Diffusers,832x480x85f,9,7,2,sp1+sp2,0.1,1.351,0.789,True,10.65,9.53,15.47,restore_sp2,degrade,1.118,0.118,0.0,0.623
restore_sp2,0.0,restore_sp2,0.0,Wan2.2-TI2V-5B-Diffusers,832x480x85f,9,7,2,sp1+sp2,8.0,1.351,0.789,True,18.55,17.43,23.37,restore_sp2,degrade,1.064,0.064,0.0,0.341
degrade,0.012,restore_sp2,0.0,Wan2.2-TI2V-5B-Diffusers,832x480x85f,9,8,1,none,0.1,1.351,0.789,True,46.3,45.74,52.47,restore_sp2,degrade,1.012,0.012,0.0,0.147
degrade,0.01,restore_sp2,0.0,Wan2.2-TI2V-5B-Diffusers,832x480x85f,9,8,1,none,8.0,1.351,0.789,True,54.2,53.64,60.37,restore_sp2,degrade,1.01,0.01,0.0,0.125
degrade,0.0,degrade,0.0,Wan2.2-TI2V-5B-Diffusers,832x480x85f,9,8,1,sp1,0.1,1.351,0.789,True,9.3,45.74,52.47,degrade,restore_sp2,4.918,0.0,3.918,4.641
degrade,0.0,degrade,0.0,Wan2.2-TI2V-5B-Diffusers,832x480x85f,9,8,1,sp1,8.0,1.351,0.789,True,17.2,53.64,60.37,degrade,restore_sp2,3.118,0.0,2.118,2.51
restore_sp2,0.0,restore_sp2,0.0,Wan2.2-TI2V-5B-Diffusers,832x480x85f,9,8,1,sp1+sp2,0.1,1.351,0.789,True,9.3,8.74,15.47,restore_sp2,degrade,1.064,0.064,0.0,0.77
restore_sp2,0.0,restore_sp2,0.0,Wan2.2-TI2V-5B-Diffusers,832x480x85f,9,8,1,sp1+sp2,8.0,1.351,0.789,True,17.2,16.64,23.37,restore_sp2,degrade,1.034,0.034,0.0,0.404
degrade,0.171,restore_sp2,0.0,Wan2.2-TI2V-5B-Diffusers,832x480x85f,20,2,18,none,0.1,1.351,0.789,True,69.27,59.16,61.15,restore_sp2,restart,1.034,0.171,0.0,0.034
degrade,0.151,restore_sp2,0.0,Wan2.2-TI2V-5B-Diffusers,832x480x85f,20,2,18,none,8.0,1.351,0.789,True,77.17,67.06,69.05,restore_sp2,restart,1.03,0.151,0.0,0.03
degrade,0.0,degrade,0.0,Wan2.2-TI2V-5B-Diffusers,832x480x85f,20,2,18,sp1,0.1,1.351,0.789,True,32.27,59.16,61.15,degrade,restore_sp2,1.833,0.0,0.833,0.895
degrade,0.0,degrade,0.0,Wan2.2-TI2V-5B-Diffusers,832x480x85f,20,2,18,sp1,8.0,1.351,0.789,True,40.17,67.06,69.05,degrade,restore_sp2,1.669,0.0,0.669,0.719
restore_sp2,0.0,restore_sp2,0.0,Wan2.2-TI2V-5B-Diffusers,832x480x85f,20,2,18,sp1+sp2,0.1,1.351,0.789,True,32.27,22.16,24.15,restore_sp2,restart,1.09,0.456,0.0,0.09
restore_sp2,0.0,restore_sp2,0.0,Wan2.2-TI2V-5B-Diffusers,832x480x85f,20,2,18,sp1+sp2,8.0,1.351,0.789,True,40.17,30.06,32.05,restore_sp2,restart,1.066,0.336,0.0,0.066
degrade,0.148,restore_sp2,0.0,Wan2.2-TI2V-5B-Diffusers,832x480x85f,20,5,15,none,0.1,1.351,0.789,True,65.22,56.79,61.15,restore_sp2,restart,1.077,0.148,0.0,0.077
degrade,0.13,restore_sp2,0.0,Wan2.2-TI2V-5B-Diffusers,832x480x85f,20,5,15,none,8.0,1.351,0.789,True,73.12,64.69,69.05,restore_sp2,restart,1.067,0.13,0.0,0.067
degrade,0.0,degrade,0.0,Wan2.2-TI2V-5B-Diffusers,832x480x85f,20,5,15,sp1,0.1,1.351,0.789,True,28.22,56.79,61.15,degrade,restore_sp2,2.013,0.0,1.013,1.167
degrade,0.0,degrade,0.0,Wan2.2-TI2V-5B-Diffusers,832x480x85f,20,5,15,sp1,8.0,1.351,0.789,True,36.12,64.69,69.05,degrade,restore_sp2,1.791,0.0,0.791,0.912
restore_sp2,0.0,restore_sp2,0.0,Wan2.2-TI2V-5B-Diffusers,832x480x85f,20,5,15,sp1+sp2,0.1,1.351,0.789,True,28.22,19.79,24.15,restore_sp2,restart,1.22,0.426,0.0,0.22
restore_sp2,0.0,restore_sp2,0.0,Wan2.2-TI2V-5B-Diffusers,832x480x85f,20,5,15,sp1+sp2,8.0,1.351,0.789,True,36.12,27.69,32.05,restore_sp2,restart,1.158,0.304,0.0,0.158
degrade,0.106,restore_sp2,0.0,Wan2.2-TI2V-5B-Diffusers,832x480x85f,20,10,10,none,0.1,1.351,0.789,True,58.46,52.84,61.15,restore_sp2,degrade,1.106,0.106,0.0,0.157
degrade,0.093,restore_sp2,0.0,Wan2.2-TI2V-5B-Diffusers,832x480x85f,20,10,10,none,8.0,1.351,0.789,True,66.36,60.74,69.05,restore_sp2,degrade,1.093,0.093,0.0,0.137
degrade,0.0,degrade,0.0,Wan2.2-TI2V-5B-Diffusers,832x480x85f,20,10,10,sp1,0.1,1.351,0.789,True,21.46,52.84,61.15,degrade,restore_sp2,2.462,0.0,1.462,1.849
degrade,0.0,degrade,0.0,Wan2.2-TI2V-5B-Diffusers,832x480x85f,20,10,10,sp1,8.0,1.351,0.789,True,29.36,60.74,69.05,degrade,restore_sp2,2.069,0.0,1.069,1.352
restore_sp2,0.0,restore_sp2,0.0,Wan2.2-TI2V-5B-Diffusers,832x480x85f,20,10,10,sp1+sp2,0.1,1.351,0.789,True,21.46,15.84,24.15,restore_sp2,degrade,1.355,0.355,0.0,0.524
restore_sp2,0.0,restore_sp2,0.0,Wan2.2-TI2V-5B-Diffusers,832x480x85f,20,10,10,sp1+sp2,8.0,1.351,0.789,True,29.36,23.74,32.05,restore_sp2,degrade,1.237,0.237,0.0,0.35
degrade,0.057,restore_sp2,0.0,Wan2.2-TI2V-5B-Diffusers,832x480x85f,20,15,5,none,0.1,1.351,0.789,True,51.71,48.9,61.15,restore_sp2,degrade,1.057,0.057,0.0,0.251
degrade,0.049,restore_sp2,0.0,Wan2.2-TI2V-5B-Diffusers,832x480x85f,20,15,5,none,8.0,1.351,0.789,True,59.61,56.8,69.05,restore_sp2,degrade,1.049,0.049,0.0,0.216
degrade,0.0,degrade,0.0,Wan2.2-TI2V-5B-Diffusers,832x480x85f,20,15,5,sp1,0.1,1.351,0.789,True,14.71,48.9,61.15,degrade,restore_sp2,3.325,0.0,2.325,3.158
degrade,0.0,degrade,0.0,Wan2.2-TI2V-5B-Diffusers,832x480x85f,20,15,5,sp1,8.0,1.351,0.789,True,22.61,56.8,69.05,degrade,restore_sp2,2.513,0.0,1.513,2.055
restore_sp2,0.0,restore_sp2,0.0,Wan2.2-TI2V-5B-Diffusers,832x480x85f,20,15,5,sp1+sp2,0.1,1.351,0.789,True,14.71,11.9,24.15,restore_sp2,degrade,1.236,0.236,0.0,1.03
restore_sp2,0.0,restore_sp2,0.0,Wan2.2-TI2V-5B-Diffusers,832x480x85f,20,15,5,sp1+sp2,8.0,1.351,0.789,True,22.61,19.8,32.05,restore_sp2,degrade,1.142,0.142,0.0,0.619
degrade,0.024,restore_sp2,0.0,Wan2.2-TI2V-5B-Diffusers,832x480x85f,20,18,2,none,0.1,1.351,0.789,True,47.65,46.53,61.15,restore_sp2,degrade,1.024,0.024,0.0,0.314
degrade,0.021,restore_sp2,0.0,Wan2.2-TI2V-5B-Diffusers,832x480x85f,20,18,2,none,8.0,1.351,0.789,True,55.55,54.43,69.05,restore_sp2,degrade,1.021,0.021,0.0,0.269
degrade,0.0,degrade,0.0,Wan2.2-TI2V-5B-Diffusers,832x480x85f,20,18,2,sp1,0.1,1.351,0.789,True,10.65,46.53,61.15,degrade,restore_sp2,4.368,0.0,3.368,4.741
degrade,0.0,degrade,0.0,Wan2.2-TI2V-5B-Diffusers,832x480x85f,20,18,2,sp1,8.0,1.351,0.789,True,18.55,54.43,69.05,degrade,restore_sp2,2.934,0.0,1.934,2.722
restore_sp2,0.0,restore_sp2,0.0,Wan2.2-TI2V-5B-Diffusers,832x480x85f,20,18,2,sp1+sp2,0.1,1.351,0.789,True,10.65,9.53,24.15,restore_sp2,degrade,1.118,0.118,0.0,1.535
restore_sp2,0.0,restore_sp2,0.0,Wan2.2-TI2V-5B-Diffusers,832x480x85f,20,18,2,sp1+sp2,8.0,1.351,0.789,True,18.55,17.43,32.05,restore_sp2,degrade,1.064,0.064,0.0,0.839
degrade,0.229,restore_sp2,0.0,Wan2.2-TI2V-5B-Diffusers,832x480x85f,30,3,27,none,0.1,1.351,0.789,True,81.43,66.26,69.04,restore_sp2,restart,1.042,0.229,0.0,0.042
degrade,0.205,restore_sp2,0.0,Wan2.2-TI2V-5B-Diffusers,832x480x85f,30,3,27,none,8.0,1.351,0.789,True,89.33,74.16,76.94,restore_sp2,restart,1.038,0.205,0.0,0.038
degrade,0.0,degrade,0.0,Wan2.2-TI2V-5B-Diffusers,832x480x85f,30,3,27,sp1,0.1,1.351,0.789,True,44.43,66.26,69.04,degrade,restore_sp2,1.491,0.0,0.491,0.554
degrade,0.0,degrade,0.0,Wan2.2-TI2V-5B-Diffusers,832x480x85f,30,3,27,sp1,8.0,1.351,0.789,True,52.33,74.16,76.94,degrade,restore_sp2,1.417,0.0,0.417,0.47
restore_sp2,0.0,restore_sp2,0.0,Wan2.2-TI2V-5B-Diffusers,832x480x85f,30,3,27,sp1+sp2,0.1,1.351,0.789,True,44.43,29.26,32.04,restore_sp2,restart,1.095,0.518,0.0,0.095
restore_sp2,0.0,restore_sp2,0.0,Wan2.2-TI2V-5B-Diffusers,832x480x85f,30,3,27,sp1+sp2,8.0,1.351,0.789,True,52.33,37.16,39.94,restore_sp2,restart,1.075,0.408,0.0,0.075
degrade,0.198,restore_sp2,0.0,Wan2.2-TI2V-5B-Diffusers,832x480x85f,30,8,22,none,0.1,1.351,0.789,True,74.67,62.31,69.04,restore_sp2,restart,1.108,0.198,0.0,0.108
degrade,0.176,restore_sp2,0.0,Wan2.2-TI2V-5B-Diffusers,832x480x85f,30,8,22,none,8.0,1.351,0.789,True,82.57,70.21,76.94,restore_sp2,restart,1.096,0.176,0.0,0.096
degrade,0.0,degrade,0.0,Wan2.2-TI2V-5B-Diffusers,832x480x85f,30,8,22,sp1,0.1,1.351,0.789,True,37.67,62.31,69.04,degrade,restore_sp2,1.654,0.0,0.654,0.833
degrade,0.0,degrade,0.0,Wan2.2-TI2V-5B-Diffusers,832x480x85f,30,8,22,sp1,8.0,1.351,0.789,True,45.57,70.21,76.94,degrade,restore_sp2,1.541,0.0,0.541,0.688
restore_sp2,0.0,restore_sp2,0.0,Wan2.2-TI2V-5B-Diffusers,832x480x85f,30,8,22,sp1+sp2,0.1,1.351,0.789,True,37.67,25.31,32.04,restore_sp2,restart,1.266,0.488,0.0,0.266
restore_sp2,0.0,restore_sp2,0.0,Wan2.2-TI2V-5B-Diffusers,832x480x85f,30,8,22,sp1+sp2,8.0,1.351,0.789,True,45.57,33.21,39.94,restore_sp2,restart,1.203,0.372,0.0,0.203
degrade,0.148,restore_sp2,0.0,Wan2.2-TI2V-5B-Diffusers,832x480x85f,30,15,15,none,0.1,1.351,0.789,True,65.22,56.79,69.04,restore_sp2,degrade,1.148,0.148,0.0,0.216
degrade,0.13,restore_sp2,0.0,Wan2.2-TI2V-5B-Diffusers,832x480x85f,30,15,15,none,8.0,1.351,0.789,True,73.12,64.69,76.94,restore_sp2,degrade,1.13,0.13,0.0,0.189
degrade,0.0,degrade,0.0,Wan2.2-TI2V-5B-Diffusers,832x480x85f,30,15,15,sp1,0.1,1.351,0.789,True,28.22,56.79,69.04,degrade,restore_sp2,2.013,0.0,1.013,1.447
degrade,0.0,degrade,0.0,Wan2.2-TI2V-5B-Diffusers,832x480x85f,30,15,15,sp1,8.0,1.351,0.789,True,36.12,64.69,76.94,degrade,restore_sp2,1.791,0.0,0.791,1.13
restore_sp2,0.0,restore_sp2,0.0,Wan2.2-TI2V-5B-Diffusers,832x480x85f,30,15,15,sp1+sp2,0.1,1.351,0.789,True,28.22,19.79,32.04,restore_sp2,degrade,1.426,0.426,0.0,0.619
restore_sp2,0.0,restore_sp2,0.0,Wan2.2-TI2V-5B-Diffusers,832x480x85f,30,15,15,sp1+sp2,8.0,1.351,0.789,True,36.12,27.69,39.94,restore_sp2,degrade,1.304,0.304,0.0,0.443
degrade,0.088,restore_sp2,0.0,Wan2.2-TI2V-5B-Diffusers,832x480x85f,30,22,8,none,0.1,1.351,0.789,True,55.76,51.26,69.04,restore_sp2,degrade,1.088,0.088,0.0,0.347
degrade,0.076,restore_sp2,0.0,Wan2.2-TI2V-5B-Diffusers,832x480x85f,30,22,8,none,8.0,1.351,0.789,True,63.66,59.16,76.94,restore_sp2,degrade,1.076,0.076,0.0,0.301
degrade,0.0,degrade,0.0,Wan2.2-TI2V-5B-Diffusers,832x480x85f,30,22,8,sp1,0.1,1.351,0.789,True,18.76,51.26,69.04,degrade,restore_sp2,2.733,0.0,1.733,2.681
degrade,0.0,degrade,0.0,Wan2.2-TI2V-5B-Diffusers,832x480x85f,30,22,8,sp1,8.0,1.351,0.789,True,26.66,59.16,76.94,degrade,restore_sp2,2.219,0.0,1.219,1.886
restore_sp2,0.0,restore_sp2,0.0,Wan2.2-TI2V-5B-Diffusers,832x480x85f,30,22,8,sp1+sp2,0.1,1.351,0.789,True,18.76,14.26,32.04,restore_sp2,degrade,1.315,0.315,0.0,1.246
restore_sp2,0.0,restore_sp2,0.0,Wan2.2-TI2V-5B-Diffusers,832x480x85f,30,22,8,sp1+sp2,8.0,1.351,0.789,True,26.66,22.16,39.94,restore_sp2,degrade,1.203,0.203,0.0,0.802
degrade,0.036,restore_sp2,0.0,Wan2.2-TI2V-5B-Diffusers,832x480x85f,30,27,3,none,0.1,1.351,0.789,True,49.0,47.32,69.04,restore_sp2,degrade,1.036,0.036,0.0,0.459
degrade,0.031,restore_sp2,0.0,Wan2.2-TI2V-5B-Diffusers,832x480x85f,30,27,3,none,8.0,1.351,0.789,True,56.9,55.22,76.94,restore_sp2,degrade,1.031,0.031,0.0,0.393
degrade,0.0,degrade,0.0,Wan2.2-TI2V-5B-Diffusers,832x480x85f,30,27,3,sp1,0.1,1.351,0.789,True,12.0,47.32,69.04,degrade,restore_sp2,3.942,0.0,2.942,4.752
degrade,0.0,degrade,0.0,Wan2.2-TI2V-5B-Diffusers,832x480x85f,30,27,3,sp1,8.0,1.351,0.789,True,19.9,55.22,76.94,degrade,restore_sp2,2.774,0.0,1.774,2.866
restore_sp2,0.0,restore_sp2,0.0,Wan2.2-TI2V-5B-Diffusers,832x480x85f,30,27,3,sp1+sp2,0.1,1.351,0.789,True,12.0,10.32,32.04,restore_sp2,degrade,1.163,0.163,0.0,2.106
restore_sp2,0.0,restore_sp2,0.0,Wan2.2-TI2V-5B-Diffusers,832x480x85f,30,27,3,sp1+sp2,8.0,1.351,0.789,True,19.9,18.22,39.94,restore_sp2,degrade,1.093,0.093,0.0,1.193
degrade,0.314,restore_sp2,0.0,Wan2.2-TI2V-5B-Diffusers,832x480x85f,50,5,45,none,0.1,1.351,0.789,True,105.75,80.47,84.83,restore_sp2,restart,1.054,0.314,0.0,0.054
degrade,0.286,restore_sp2,0.0,Wan2.2-TI2V-5B-Diffusers,832x480x85f,50,5,45,none,8.0,1.351,0.789,True,113.65,88.37,92.73,restore_sp2,restart,1.049,0.286,0.0,0.049
degrade,0.0,degrade,0.0,Wan2.2-TI2V-5B-Diffusers,832x480x85f,50,5,45,sp1,0.1,1.351,0.789,True,68.75,80.47,84.83,degrade,restore_sp2,1.17,0.0,0.17,0.234
degrade,0.0,degrade,0.0,Wan2.2-TI2V-5B-Diffusers,832x480x85f,50,5,45,sp1,8.0,1.351,0.789,True,76.65,88.37,92.73,degrade,restore_sp2,1.153,0.0,0.153,0.21
restore_sp2,0.0,restore_sp2,0.0,Wan2.2-TI2V-5B-Diffusers,832x480x85f,50,5,45,sp1+sp2,0.1,1.351,0.789,True,68.75,43.47,47.83,restore_sp2,restart,1.1,0.582,0.0,0.1
restore_sp2,0.0,restore_sp2,0.0,Wan2.2-TI2V-5B-Diffusers,832x480x85f,50,5,45,sp1+sp2,8.0,1.351,0.789,True,76.65,51.37,55.73,restore_sp2,restart,1.085,0.492,0.0,0.085
degrade,0.285,restore_sp2,0.0,Wan2.2-TI2V-5B-Diffusers,832x480x85f,50,12,38,none,0.1,1.351,0.789,True,96.29,74.94,84.83,restore_sp2,restart,1.132,0.285,0.0,0.132
degrade,0.258,restore_sp2,0.0,Wan2.2-TI2V-5B-Diffusers,832x480x85f,50,12,38,none,8.0,1.351,0.789,True,104.19,82.84,92.73,restore_sp2,restart,1.119,0.258,0.0,0.119
degrade,0.0,degrade,0.0,Wan2.2-TI2V-5B-Diffusers,832x480x85f,50,12,38,sp1,0.1,1.351,0.789,True,59.29,74.94,84.83,degrade,restore_sp2,1.264,0.0,0.264,0.431
degrade,0.0,degrade,0.0,Wan2.2-TI2V-5B-Diffusers,832x480x85f,50,12,38,sp1,8.0,1.351,0.789,True,67.19,82.84,92.73,degrade,restore_sp2,1.233,0.0,0.233,0.38
restore_sp2,0.0,restore_sp2,0.0,Wan2.2-TI2V-5B-Diffusers,832x480x85f,50,12,38,sp1+sp2,0.1,1.351,0.789,True,59.29,37.94,47.83,restore_sp2,restart,1.261,0.563,0.0,0.261
restore_sp2,0.0,restore_sp2,0.0,Wan2.2-TI2V-5B-Diffusers,832x480x85f,50,12,38,sp1+sp2,8.0,1.351,0.789,True,67.19,45.84,55.73,restore_sp2,restart,1.216,0.466,0.0,0.216
degrade,0.217,restore_sp2,0.0,Wan2.2-TI2V-5B-Diffusers,832x480x85f,50,25,25,none,0.1,1.351,0.789,True,78.73,64.68,84.83,restore_sp2,degrade,1.217,0.217,0.0,0.311
degrade,0.194,restore_sp2,0.0,Wan2.2-TI2V-5B-Diffusers,832x480x85f,50,25,25,none,8.0,1.351,0.789,True,86.63,72.58,92.73,restore_sp2,degrade,1.194,0.194,0.0,0.278
degrade,0.0,degrade,0.0,Wan2.2-TI2V-5B-Diffusers,832x480x85f,50,25,25,sp1,0.1,1.351,0.789,True,41.73,64.68,84.83,degrade,restore_sp2,1.55,0.0,0.55,1.033
degrade,0.0,degrade,0.0,Wan2.2-TI2V-5B-Diffusers,832x480x85f,50,25,25,sp1,8.0,1.351,0.789,True,49.63,72.58,92.73,degrade,restore_sp2,1.463,0.0,0.463,0.868
restore_sp2,0.0,restore_sp2,0.0,Wan2.2-TI2V-5B-Diffusers,832x480x85f,50,25,25,sp1+sp2,0.1,1.351,0.789,True,41.73,27.68,47.83,restore_sp2,degrade,1.507,0.507,0.0,0.728
restore_sp2,0.0,restore_sp2,0.0,Wan2.2-TI2V-5B-Diffusers,832x480x85f,50,25,25,sp1+sp2,8.0,1.351,0.789,True,49.63,35.58,55.73,restore_sp2,degrade,1.395,0.395,0.0,0.566
degrade,0.124,restore_sp2,0.0,Wan2.2-TI2V-5B-Diffusers,832x480x85f,50,38,12,none,0.1,1.351,0.789,True,61.16,54.42,84.83,restore_sp2,degrade,1.124,0.124,0.0,0.559
degrade,0.108,restore_sp2,0.0,Wan2.2-TI2V-5B-Diffusers,832x480x85f,50,38,12,none,8.0,1.351,0.789,True,69.06,62.32,92.73,restore_sp2,degrade,1.108,0.108,0.0,0.488
degrade,0.0,degrade,0.0,Wan2.2-TI2V-5B-Diffusers,832x480x85f,50,38,12,sp1,0.1,1.351,0.789,True,24.16,54.42,84.83,degrade,restore_sp2,2.252,0.0,1.252,2.511
degrade,0.0,degrade,0.0,Wan2.2-TI2V-5B-Diffusers,832x480x85f,50,38,12,sp1,8.0,1.351,0.789,True,32.06,62.32,92.73,degrade,restore_sp2,1.944,0.0,0.944,1.892
restore_sp2,0.0,restore_sp2,0.0,Wan2.2-TI2V-5B-Diffusers,832x480x85f,50,38,12,sp1+sp2,0.1,1.351,0.789,True,24.16,17.42,47.83,restore_sp2,degrade,1.387,0.387,0.0,1.746
restore_sp2,0.0,restore_sp2,0.0,Wan2.2-TI2V-5B-Diffusers,832x480x85f,50,38,12,sp1+sp2,8.0,1.351,0.789,True,32.06,25.32,55.73,restore_sp2,degrade,1.266,0.266,0.0,1.201
degrade,0.057,restore_sp2,0.0,Wan2.2-TI2V-5B-Diffusers,832x480x85f,50,45,5,none,0.1,1.351,0.789,True,51.71,48.9,84.83,restore_sp2,degrade,1.057,0.057,0.0,0.735
degrade,0.049,restore_sp2,0.0,Wan2.2-TI2V-5B-Diffusers,832x480x85f,50,45,5,none,8.0,1.351,0.789,True,59.61,56.8,92.73,restore_sp2,degrade,1.049,0.049,0.0,0.633
degrade,0.0,degrade,0.0,Wan2.2-TI2V-5B-Diffusers,832x480x85f,50,45,5,sp1,0.1,1.351,0.789,True,14.71,48.9,84.83,degrade,restore_sp2,3.325,0.0,2.325,4.769
degrade,0.0,degrade,0.0,Wan2.2-TI2V-5B-Diffusers,832x480x85f,50,45,5,sp1,8.0,1.351,0.789,True,22.61,56.8,92.73,degrade,restore_sp2,2.513,0.0,1.513,3.102
restore_sp2,0.0,restore_sp2,0.0,Wan2.2-TI2V-5B-Diffusers,832x480x85f,50,45,5,sp1+sp2,0.1,1.351,0.789,True,14.71,11.9,47.83,restore_sp2,degrade,1.236,0.236,0.0,3.021
restore_sp2,0.0,restore_sp2,0.0,Wan2.2-TI2V-5B-Diffusers,832x480x85f,50,45,5,sp1+sp2,8.0,1.351,0.789,True,22.61,19.8,55.73,restore_sp2,degrade,1.142,0.142,0.0,1.815
degrade,0.111,restore_sp2,0.0,Wan2.2-TI2V-5B-Diffusers,1280x704x49f,9,1,8,none,0.1,1.852,1.082,True,61.83,55.67,57.17,restore_sp2,restart,1.027,0.111,0.0,0.027
degrade,0.097,restore_sp2,0.0,Wan2.2-TI2V-5B-Diffusers,1280x704x49f,9,1,8,none,8.0,1.852,1.082,True,69.73,63.57,65.07,restore_sp2,restart,1.024,0.097,0.0,0.024
degrade,0.0,degrade,0.0,Wan2.2-TI2V-5B-Diffusers,1280x704x49f,9,1,8,sp1,0.1,1.852,1.082,True,24.83,55.67,57.17,degrade,restore_sp2,2.242,0.0,1.242,1.303
degrade,0.0,degrade,0.0,Wan2.2-TI2V-5B-Diffusers,1280x704x49f,9,1,8,sp1,8.0,1.852,1.082,True,32.73,63.57,65.07,degrade,restore_sp2,1.942,0.0,0.942,0.988
restore_sp2,0.0,restore_sp2,0.0,Wan2.2-TI2V-5B-Diffusers,1280x704x49f,9,1,8,sp1+sp2,0.1,1.852,1.082,True,24.83,18.67,20.17,restore_sp2,restart,1.081,0.33,0.0,0.081
restore_sp2,0.0,restore_sp2,0.0,Wan2.2-TI2V-5B-Diffusers,1280x704x49f,9,1,8,sp1+sp2,8.0,1.852,1.082,True,32.73,26.57,28.07,restore_sp2,restart,1.057,0.232,0.0,0.057
degrade,0.099,restore_sp2,0.0,Wan2.2-TI2V-5B-Diffusers,1280x704x49f,9,2,7,none,0.1,1.852,1.082,True,59.98,54.59,57.17,restore_sp2,restart,1.047,0.099,0.0,0.047
degrade,0.086,restore_sp2,0.0,Wan2.2-TI2V-5B-Diffusers,1280x704x49f,9,2,7,none,8.0,1.852,1.082,True,67.88,62.49,65.07,restore_sp2,restart,1.041,0.086,0.0,0.041
degrade,0.0,degrade,0.0,Wan2.2-TI2V-5B-Diffusers,1280x704x49f,9,2,7,sp1,0.1,1.852,1.082,True,22.98,54.59,57.17,degrade,restore_sp2,2.376,0.0,1.376,1.488
degrade,0.0,degrade,0.0,Wan2.2-TI2V-5B-Diffusers,1280x704x49f,9,2,7,sp1,8.0,1.852,1.082,True,30.88,62.49,65.07,degrade,restore_sp2,2.024,0.0,1.024,1.107
restore_sp2,0.0,restore_sp2,0.0,Wan2.2-TI2V-5B-Diffusers,1280x704x49f,9,2,7,sp1+sp2,0.1,1.852,1.082,True,22.98,17.59,20.17,restore_sp2,restart,1.147,0.306,0.0,0.147
restore_sp2,0.0,restore_sp2,0.0,Wan2.2-TI2V-5B-Diffusers,1280x704x49f,9,2,7,sp1+sp2,8.0,1.852,1.082,True,30.88,25.49,28.07,restore_sp2,restart,1.101,0.211,0.0,0.101
degrade,0.073,restore_sp2,0.0,Wan2.2-TI2V-5B-Diffusers,1280x704x49f,9,4,5,none,0.1,1.852,1.082,True,56.27,52.42,57.17,restore_sp2,degrade,1.073,0.073,0.0,0.091
degrade,0.064,restore_sp2,0.0,Wan2.2-TI2V-5B-Diffusers,1280x704x49f,9,4,5,none,8.0,1.852,1.082,True,64.17,60.32,65.07,restore_sp2,degrade,1.064,0.064,0.0,0.079
degrade,0.0,degrade,0.0,Wan2.2-TI2V-5B-Diffusers,1280x704x49f,9,4,5,sp1,0.1,1.852,1.082,True,19.27,52.42,57.17,degrade,restore_sp2,2.72,0.0,1.72,1.966
degrade,0.0,degrade,0.0,Wan2.2-TI2V-5B-Diffusers,1280x704x49f,9,4,5,sp1,8.0,1.852,1.082,True,27.17,60.32,65.07,degrade,restore_sp2,2.22,0.0,1.22,1.395
restore_sp2,0.0,restore_sp2,0.0,Wan2.2-TI2V-5B-Diffusers,1280x704x49f,9,4,5,sp1+sp2,0.1,1.852,1.082,True,19.27,15.42,20.17,restore_sp2,degrade,1.25,0.25,0.0,0.308
restore_sp2,0.0,restore_sp2,0.0,Wan2.2-TI2V-5B-Diffusers,1280x704x49f,9,4,5,sp1+sp2,8.0,1.852,1.082,True,27.17,23.32,28.07,restore_sp2,degrade,1.165,0.165,0.0,0.204
degrade,0.031,restore_sp2,0.0,Wan2.2-TI2V-5B-Diffusers,1280x704x49f,9,7,2,none,0.1,1.852,1.082,True,50.72,49.18,57.17,restore_sp2,degrade,1.031,0.031,0.0,0.163
degrade,0.027,restore_sp2,0.0,Wan2.2-TI2V-5B-Diffusers,1280x704x49f,9,7,2,none,8.0,1.852,1.082,True,58.62,57.08,65.07,restore_sp2,degrade,1.027,0.027,0.0,0.14
degrade,0.0,degrade,0.0,Wan2.2-TI2V-5B-Diffusers,1280x704x49f,9,7,2,sp1,0.1,1.852,1.082,True,13.72,49.18,57.17,degrade,restore_sp2,3.585,0.0,2.585,3.168
degrade,0.0,degrade,0.0,Wan2.2-TI2V-5B-Diffusers,1280x704x49f,9,7,2,sp1,8.0,1.852,1.082,True,21.62,57.08,65.07,degrade,restore_sp2,2.64,0.0,1.64,2.01
restore_sp2,0.0,restore_sp2,0.0,Wan2.2-TI2V-5B-Diffusers,1280x704x49f,9,7,2,sp1+sp2,0.1,1.852,1.082,True,13.72,12.18,20.17,restore_sp2,degrade,1.126,0.126,0.0,0.656
restore_sp2,0.0,restore_sp2,0.0,Wan2.2-TI2V-5B-Diffusers,1280x704x49f,9,7,2,sp1+sp2,8.0,1.852,1.082,True,21.62,20.08,28.07,restore_sp2,degrade,1.077,0.077,0.0,0.398
degrade,0.016,restore_sp2,0.0,Wan2.2-TI2V-5B-Diffusers,1280x704x49f,9,8,1,none,0.1,1.852,1.082,True,48.87,48.1,57.17,restore_sp2,degrade,1.016,0.016,0.0,0.189
degrade,0.014,restore_sp2,0.0,Wan2.2-TI2V-5B-Diffusers,1280x704x49f,9,8,1,none,8.0,1.852,1.082,True,56.77,56.0,65.07,restore_sp2,degrade,1.014,0.014,0.0,0.162
degrade,0.0,degrade,0.0,Wan2.2-TI2V-5B-Diffusers,1280x704x49f,9,8,1,sp1,0.1,1.852,1.082,True,11.87,48.1,57.17,degrade,restore_sp2,4.053,0.0,3.053,3.818
degrade,0.0,degrade,0.0,Wan2.2-TI2V-5B-Diffusers,1280x704x49f,9,8,1,sp1,8.0,1.852,1.082,True,19.77,56.0,65.07,degrade,restore_sp2,2.833,0.0,1.833,2.292
restore_sp2,0.0,restore_sp2,0.0,Wan2.2-TI2V-5B-Diffusers,1280x704x49f,9,8,1,sp1+sp2,0.1,1.852,1.082,True,11.87,11.1,20.17,restore_sp2,degrade,1.069,0.069,0.0,0.818
restore_sp2,0.0,restore_sp2,0.0,Wan2.2-TI2V-5B-Diffusers,1280x704x49f,9,8,1,sp1+sp2,8.0,1.852,1.082,True,19.77,19.0,28.07,restore_sp2,degrade,1.041,0.041,0.0,0.478
degrade,0.208,restore_sp2,0.0,Wan2.2-TI2V-5B-Diffusers,1280x704x49f,20,2,18,none,0.1,1.852,1.082,True,80.35,66.49,69.07,restore_sp2,restart,1.039,0.208,0.0,0.039
degrade,0.186,restore_sp2,0.0,Wan2.2-TI2V-5B-Diffusers,1280x704x49f,20,2,18,none,8.0,1.852,1.082,True,88.25,74.39,76.97,restore_sp2,restart,1.035,0.186,0.0,0.035
degrade,0.0,degrade,0.0,Wan2.2-TI2V-5B-Diffusers,1280x704x49f,20,2,18,sp1,0.1,1.852,1.082,True,43.35,66.49,69.07,degrade,restore_sp2,1.534,0.0,0.534,0.593
degrade,0.0,degrade,0.0,Wan2.2-TI2V-5B-Diffusers,1280x704x49f,20,2,18,sp1,8.0,1.852,1.082,True,51.25,74.39,76.97,degrade,restore_sp2,1.452,0.0,0.452,0.502
restore_sp2,0.0,restore_sp2,0.0,Wan2.2-TI2V-5B-Diffusers,1280x704x49f,20,2,18,sp1+sp2,0.1,1.852,1.082,True,43.35,29.49,32.07,restore_sp2,restart,1.088,0.47,0.0,0.088
restore_sp2,0.0,restore_sp2,0.0,Wan2.2-TI2V-5B-Diffusers,1280x704x49f,20,2,18,sp1+sp2,8.0,1.852,1.082,True,51.25,37.39,39.97,restore_sp2,restart,1.069,0.371,0.0,0.069
degrade,0.183,restore_sp2,0.0,Wan2.2-TI2V-5B-Diffusers,1280x704x49f,20,5,15,none,0.1,1.852,1.082,True,74.79,63.24,69.07,restore_sp2,restart,1.092,0.183,0.0,0.092
degrade,0.162,restore_sp2,0.0,Wan2.2-TI2V-5B-Diffusers,1280x704x49f,20,5,15,none,8.0,1.852,1.082,True,82.69,71.14,76.97,restore_sp2,restart,1.082,0.162,0.0,0.082
degrade,0.0,degrade,0.0,Wan2.2-TI2V-5B-Diffusers,1280x704x49f,20,5,15,sp1,0.1,1.852,1.082,True,37.79,63.24,69.07,degrade,restore_sp2,1.673,0.0,0.673,0.828
degrade,0.0,degrade,0.0,Wan2.2-TI2V-5B-Diffusers,1280x704x49f,20,5,15,sp1,8.0,1.852,1.082,True,45.69,71.14,76.97,degrade,restore_sp2,1.557,0.0,0.557,0.685
restore_sp2,0.0,restore_sp2,0.0,Wan2.2-TI2V-5B-Diffusers,1280x704x49f,20,5,15,sp1+sp2,0.1,1.852,1.082,True,37.79,26.24,32.07,restore_sp2,restart,1.222,0.44,0.0,0.222
restore_sp2,0.0,restore_sp2,0.0,Wan2.2-TI2V-5B-Diffusers,1280x704x49f,20,5,15,sp1+sp2,8.0,1.852,1.082,True,45.69,34.14,39.97,restore_sp2,restart,1.171,0.338,0.0,0.171
degrade,0.133,restore_sp2,0.0,Wan2.2-TI2V-5B-Diffusers,1280x704x49f,20,10,10,none,0.1,1.852,1.082,True,65.53,57.83,69.07,restore_sp2,degrade,1.133,0.133,0.0,0.194
degrade,0.117,restore_sp2,0.0,Wan2.2-TI2V-5B-Diffusers,1280x704x49f,20,10,10,none,8.0,1.852,1.082,True,73.43,65.73,76.97,restore_sp2,degrade,1.117,0.117,0.0,0.171
degrade,0.0,degrade,0.0,Wan2.2-TI2V-5B-Diffusers,1280x704x49f,20,10,10,sp1,0.1,1.852,1.082,True,28.53,57.83,69.07,degrade,restore_sp2,2.027,0.0,1.027,1.421
degrade,0.0,degrade,0.0,Wan2.2-TI2V-5B-Diffusers,1280x704x49f,20,10,10,sp1,8.0,1.852,1.082,True,36.43,65.73,76.97,degrade,restore_sp2,1.804,0.0,0.804,1.113
restore_sp2,0.0,restore_sp2,0.0,Wan2.2-TI2V-5B-Diffusers,1280x704x49f,20,10,10,sp1+sp2,0.1,1.852,1.082,True,28.53,20.83,32.07,restore_sp2,degrade,1.37,0.37,0.0,0.54
restore_sp2,0.0,restore_sp2,0.0,Wan2.2-TI2V-5B-Diffusers,1280x704x49f,20,10,10,sp1+sp2,8.0,1.852,1.082,True,36.43,28.73,39.97,restore_sp2,degrade,1.268,0.268,0.0,0.391
degrade,0.073,restore_sp2,0.0,Wan2.2-TI2V-5B-Diffusers,1280x704x49f,20,15,5,none,0.1,1.852,1.082,True,56.27,52.42,69.07,restore_sp2,degrade,1.073,0.073,0.0,0.318
degrade,0.064,restore_sp2,0.0,Wan2.2-TI2V-5B-Diffusers,1280x704x49f,20,15,5,none,8.0,1.852,1.082,True,64.17,60.32,76.97,restore_sp2,degrade,1.064,0.064,0.0,0.276
degrade,0.0,degrade,0.0,Wan2.2-TI2V-5B-Diffusers,1280x704x49f,20,15,5,sp1,0.1,1.852,1.082,True,19.27,52.42,69.07,degrade,restore_sp2,2.72,0.0,1.72,2.584
degrade,0.0,degrade,0.0,Wan2.2-TI2V-5B-Diffusers,1280x704x49f,20,15,5,sp1,8.0,1.852,1.082,True,27.17,60.32,76.97,degrade,restore_sp2,2.22,0.0,1.22,1.833
restore_sp2,0.0,restore_sp2,0.0,Wan2.2-TI2V-5B-Diffusers,1280x704x49f,20,15,5,sp1+sp2,0.1,1.852,1.082,True,19.27,15.42,32.07,restore_sp2,degrade,1.25,0.25,0.0,1.079
restore_sp2,0.0,restore_sp2,0.0,Wan2.2-TI2V-5B-Diffusers,1280x704x49f,20,15,5,sp1+sp2,8.0,1.852,1.082,True,27.17,23.32,39.97,restore_sp2,degrade,1.165,0.165,0.0,0.714
degrade,0.031,restore_sp2,0.0,Wan2.2-TI2V-5B-Diffusers,1280x704x49f,20,18,2,none,0.1,1.852,1.082,True,50.72,49.18,69.07,restore_sp2,degrade,1.031,0.031,0.0,0.405
degrade,0.027,restore_sp2,0.0,Wan2.2-TI2V-5B-Diffusers,1280x704x49f,20,18,2,none,8.0,1.852,1.082,True,58.62,57.08,76.97,restore_sp2,degrade,1.027,0.027,0.0,0.349
degrade,0.0,degrade,0.0,Wan2.2-TI2V-5B-Diffusers,1280x704x49f,20,18,2,sp1,0.1,1.852,1.082,True,13.72,49.18,69.07,degrade,restore_sp2,3.585,0.0,2.585,4.035
degrade,0.0,degrade,0.0,Wan2.2-TI2V-5B-Diffusers,1280x704x49f,20,18,2,sp1,8.0,1.852,1.082,True,21.62,57.08,76.97,degrade,restore_sp2,2.64,0.0,1.64,2.56
restore_sp2,0.0,restore_sp2,0.0,Wan2.2-TI2V-5B-Diffusers,1280x704x49f,20,18,2,sp1+sp2,0.1,1.852,1.082,True,13.72,12.18,32.07,restore_sp2,degrade,1.126,0.126,0.0,1.633
restore_sp2,0.0,restore_sp2,0.0,Wan2.2-TI2V-5B-Diffusers,1280x704x49f,20,18,2,sp1+sp2,8.0,1.852,1.082,True,21.62,20.08,39.97,restore_sp2,degrade,1.077,0.077,0.0,0.991
degrade,0.273,restore_sp2,0.0,Wan2.2-TI2V-5B-Diffusers,1280x704x49f,30,3,27,none,0.1,1.852,1.082,True,97.01,76.22,79.89,restore_sp2,restart,1.048,0.273,0.0,0.048
degrade,0.247,restore_sp2,0.0,Wan2.2-TI2V-5B-Diffusers,1280x704x49f,30,3,27,none,8.0,1.852,1.082,True,104.91,84.12,87.79,restore_sp2,restart,1.044,0.247,0.0,0.044
degrade,0.0,degrade,0.0,Wan2.2-TI2V-5B-Diffusers,1280x704x49f,30,3,27,sp1,0.1,1.852,1.082,True,60.01,76.22,79.89,degrade,restore_sp2,1.27,0.0,0.27,0.331
degrade,0.0,degrade,0.0,Wan2.2-TI2V-5B-Diffusers,1280x704x49f,30,3,27,sp1,8.0,1.852,1.082,True,67.91,84.12,87.79,degrade,restore_sp2,1.239,0.0,0.239,0.293
restore_sp2,0.0,restore_sp2,0.0,Wan2.2-TI2V-5B-Diffusers,1280x704x49f,30,3,27,sp1+sp2,0.1,1.852,1.082,True,60.01,39.22,42.89,restore_sp2,restart,1.094,0.53,0.0,0.094
restore_sp2,0.0,restore_sp2,0.0,Wan2.2-TI2V-5B-Diffusers,1280x704x49f,30,3,27,sp1+sp2,8.0,1.852,1.082,True,67.91,47.12,50.79,restore_sp2,restart,1.078,0.441,0.0,0.078
degrade,0.239,restore_sp2,0.0,Wan2.2-TI2V-5B-Diffusers,1280x704x49f,30,8,22,none,0.1,1.852,1.082,True,87.75,70.81,79.89,restore_sp2,restart,1.128,0.239,0.0,0.128
degrade,0.215,restore_sp2,0.0,Wan2.2-TI2V-5B-Diffusers,1280x704x49f,30,8,22,none,8.0,1.852,1.082,True,95.65,78.71,87.79,restore_sp2,restart,1.115,0.215,0.0,0.115
degrade,0.0,degrade,0.0,Wan2.2-TI2V-5B-Diffusers,1280x704x49f,30,8,22,sp1,0.1,1.852,1.082,True,50.75,70.81,79.89,degrade,restore_sp2,1.395,0.0,0.395,0.574
degrade,0.0,degrade,0.0,Wan2.2-TI2V-5B-Diffusers,1280x704x49f,30,8,22,sp1,8.0,1.852,1.082,True,58.65,78.71,87.79,degrade,restore_sp2,1.342,0.0,0.342,0.497
restore_sp2,0.0,restore_sp2,0.0,Wan2.2-TI2V-5B-Diffusers,1280x704x49f,30,8,22,sp1+sp2,0.1,1.852,1.082,True,50.75,33.81,42.89,restore_sp2,restart,1.268,0.501,0.0,0.268
restore_sp2,0.0,restore_sp2,0.0,Wan2.2-TI2V-5B-Diffusers,1280x704x49f,30,8,22,sp1+sp2,8.0,1.852,1.082,True,58.65,41.71,50.79,restore_sp2,restart,1.218,0.406,0.0,0.218
degrade,0.183,restore_sp2,0.0,Wan2.2-TI2V-5B-Diffusers,1280x704x49f,30,15,15,none,0.1,1.852,1.082,True,74.79,63.24,79.89,restore_sp2,degrade,1.183,0.183,0.0,0.263
degrade,0.162,restore_sp2,0.0,Wan2.2-TI2V-5B-Diffusers,1280x704x49f,30,15,15,none,8.0,1.852,1.082,True,82.69,71.14,87.79,restore_sp2,degrade,1.162,0.162,0.0,0.234
degrade,0.0,degrade,0.0,Wan2.2-TI2V-5B-Diffusers,1280x704x49f,30,15,15,sp1,0.1,1.852,1.082,True,37.79,63.24,79.89,degrade,restore_sp2,1.673,0.0,0.673,1.114
degrade,0.0,degrade,0.0,Wan2.2-TI2V-5B-Diffusers,1280x704x49f,30,15,15,sp1,8.0,1.852,1.082,True,45.69,71.14,87.79,degrade,restore_sp2,1.557,0.0,0.557,0.921
restore_sp2,0.0,restore_sp2,0.0,Wan2.2-TI2V-5B-Diffusers,1280x704x49f,30,15,15,sp1+sp2,0.1,1.852,1.082,True,37.79,26.24,42.89,restore_sp2,degrade,1.44,0.44,0.0,0.634
restore_sp2,0.0,restore_sp2,0.0,Wan2.2-TI2V-5B-Diffusers,1280x704x49f,30,15,15,sp1+sp2,8.0,1.852,1.082,True,45.69,34.14,50.79,restore_sp2,degrade,1.338,0.338,0.0,0.488
degrade,0.111,restore_sp2,0.0,Wan2.2-TI2V-5B-Diffusers,1280x704x49f,30,22,8,none,0.1,1.852,1.082,True,61.83,55.67,79.89,restore_sp2,degrade,1.111,0.111,0.0,0.435
degrade,0.097,restore_sp2,0.0,Wan2.2-TI2V-5B-Diffusers,1280x704x49f,30,22,8,none,8.0,1.852,1.082,True,69.73,63.57,87.79,restore_sp2,degrade,1.097,0.097,0.0,0.381
degrade,0.0,degrade,0.0,Wan2.2-TI2V-5B-Diffusers,1280x704x49f,30,22,8,sp1,0.1,1.852,1.082,True,24.83,55.67,79.89,degrade,restore_sp2,2.242,0.0,1.242,2.218
degrade,0.0,degrade,0.0,Wan2.2-TI2V-5B-Diffusers,1280x704x49f,30,22,8,sp1,8.0,1.852,1.082,True,32.73,63.57,87.79,degrade,restore_sp2,1.942,0.0,0.942,1.682
restore_sp2,0.0,restore_sp2,0.0,Wan2.2-TI2V-5B-Diffusers,1280x704x49f,30,22,8,sp1+sp2,0.1,1.852,1.082,True,24.83,18.67,42.89,restore_sp2,degrade,1.33,0.33,0.0,1.297
restore_sp2,0.0,restore_sp2,0.0,Wan2.2-TI2V-5B-Diffusers,1280x704x49f,30,22,8,sp1+sp2,8.0,1.852,1.082,True,32.73,26.57,50.79,restore_sp2,degrade,1.232,0.232,0.0,0.912
degrade,0.046,restore_sp2,0.0,Wan2.2-TI2V-5B-Diffusers,1280x704x49f,30,27,3,none,0.1,1.852,1.082,True,52.57,50.26,79.89,restore_sp2,degrade,1.046,0.046,0.0,0.59
degrade,0.04,restore_sp2,0.0,Wan2.2-TI2V-5B-Diffusers,1280x704x49f,30,27,3,none,8.0,1.852,1.082,True,60.47,58.16,87.79,restore_sp2,degrade,1.04,0.04,0.0,0.509
degrade,0.0,degrade,0.0,Wan2.2-TI2V-5B-Diffusers,1280x704x49f,30,27,3,sp1,0.1,1.852,1.082,True,15.57,50.26,79.89,degrade,restore_sp2,3.228,0.0,2.228,4.131
degrade,0.0,degrade,0.0,Wan2.2-TI2V-5B-Diffusers,1280x704x49f,30,27,3,sp1,8.0,1.852,1.082,True,23.47,58.16,87.79,degrade,restore_sp2,2.478,0.0,1.478,2.74
restore_sp2,0.0,restore_sp2,0.0,Wan2.2-TI2V-5B-Diffusers,1280x704x49f,30,27,3,sp1+sp2,0.1,1.852,1.082,True,15.57,13.26,42.89,restore_sp2,degrade,1.174,0.174,0.0,2.234
restore_sp2,0.0,restore_sp2,0.0,Wan2.2-TI2V-5B-Diffusers,1280x704x49f,30,27,3,sp1+sp2,8.0,1.852,1.082,True,23.47,21.16,50.79,restore_sp2,degrade,1.109,0.109,0.0,1.4
degrade,0.362,restore_sp2,0.0,Wan2.2-TI2V-5B-Diffusers,1280x704x49f,50,5,45,none,0.1,1.852,1.082,True,130.34,95.69,101.52,restore_sp2,restart,1.061,0.362,0.0,0.061
degrade,0.334,restore_sp2,0.0,Wan2.2-TI2V-5B-Diffusers,1280x704x49f,50,5,45,none,8.0,1.852,1.082,True,138.24,103.59,109.42,restore_sp2,restart,1.056,0.334,0.0,0.056
degrade,0.0,degrade,0.0,Wan2.2-TI2V-5B-Diffusers,1280x704x49f,50,5,45,sp1,0.1,1.852,1.082,True,93.34,95.69,101.52,degrade,restore_sp2,1.025,0.0,0.025,0.088
degrade,0.0,degrade,0.0,Wan2.2-TI2V-5B-Diffusers,1280x704x49f,50,5,45,sp1,8.0,1.852,1.082,True,101.24,103.59,109.42,degrade,restore_sp2,1.023,0.0,0.023,0.081
restore_sp2,0.0,restore_sp2,0.0,Wan2.2-TI2V-5B-Diffusers,1280x704x49f,50,5,45,sp1+sp2,0.1,1.852,1.082,True,93.34,58.69,64.52,restore_sp2,restart,1.099,0.59,0.0,0.099
restore_sp2,0.0,restore_sp2,0.0,Wan2.2-TI2V-5B-Diffusers,1280x704x49f,50,5,45,sp1+sp2,8.0,1.852,1.082,True,101.24,66.59,72.42,restore_sp2,restart,1.088,0.52,0.0,0.088
degrade,0.332,restore_sp2,0.0,Wan2.2-TI2V-5B-Diffusers,1280x704x49f,50,12,38,none,0.1,1.852,1.082,True,117.38,88.12,101.52,restore_sp2,restart,1.152,0.332,0.0,0.152
degrade,0.305,restore_sp2,0.0,Wan2.2-TI2V-5B-Diffusers,1280x704x49f,50,12,38,none,8.0,1.852,1.082,True,125.28,96.02,109.42,restore_sp2,restart,1.14,0.305,0.0,0.14
degrade,0.0,degrade,0.0,Wan2.2-TI2V-5B-Diffusers,1280x704x49f,50,12,38,sp1,0.1,1.852,1.082,True,80.38,88.12,101.52,degrade,restore_sp2,1.096,0.0,0.096,0.263
degrade,0.0,degrade,0.0,Wan2.2-TI2V-5B-Diffusers,1280x704x49f,50,12,38,sp1,8.0,1.852,1.082,True,88.28,96.02,109.42,degrade,restore_sp2,1.088,0.0,0.088,0.239
restore_sp2,0.0,restore_sp2,0.0,Wan2.2-TI2V-5B-Diffusers,1280x704x49f,50,12,38,sp1+sp2,0.1,1.852,1.082,True,80.38,51.12,64.52,restore_sp2,restart,1.262,0.572,0.0,0.262
restore_sp2,0.0,restore_sp2,0.0,Wan2.2-TI2V-5B-Diffusers,1280x704x49f,50,12,38,sp1+sp2,8.0,1.852,1.082,True,88.28,59.02,72.42,restore_sp2,restart,1.227,0.496,0.0,0.227
degrade,0.26,restore_sp2,0.0,Wan2.2-TI2V-5B-Diffusers,1280x704x49f,50,25,25,none,0.1,1.852,1.082,True,93.31,74.06,101.52,restore_sp2,degrade,1.26,0.26,0.0,0.371
degrade,0.235,restore_sp2,0.0,Wan2.2-TI2V-5B-Diffusers,1280x704x49f,50,25,25,none,8.0,1.852,1.082,True,101.21,81.96,109.42,restore_sp2,degrade,1.235,0.235,0.0,0.335
degrade,0.0,degrade,0.0,Wan2.2-TI2V-5B-Diffusers,1280x704x49f,50,25,25,sp1,0.1,1.852,1.082,True,56.31,74.06,101.52,degrade,restore_sp2,1.315,0.0,0.315,0.803
degrade,0.0,degrade,0.0,Wan2.2-TI2V-5B-Diffusers,1280x704x49f,50,25,25,sp1,8.0,1.852,1.082,True,64.21,81.96,109.42,degrade,restore_sp2,1.276,0.0,0.276,0.704
restore_sp2,0.0,restore_sp2,0.0,Wan2.2-TI2V-5B-Diffusers,1280x704x49f,50,25,25,sp1+sp2,0.1,1.852,1.082,True,56.31,37.06,64.52,restore_sp2,degrade,1.519,0.519,0.0,0.741
restore_sp2,0.0,restore_sp2,0.0,Wan2.2-TI2V-5B-Diffusers,1280x704x49f,50,25,25,sp1+sp2,8.0,1.852,1.082,True,64.21,44.96,72.42,restore_sp2,degrade,1.428,0.428,0.0,0.611
degrade,0.154,restore_sp2,0.0,Wan2.2-TI2V-5B-Diffusers,1280x704x49f,50,38,12,none,0.1,1.852,1.082,True,69.24,60.0,101.52,restore_sp2,degrade,1.154,0.154,0.0,0.692
degrade,0.136,restore_sp2,0.0,Wan2.2-TI2V-5B-Diffusers,1280x704x49f,50,38,12,none,8.0,1.852,1.082,True,77.14,67.9,109.42,restore_sp2,degrade,1.136,0.136,0.0,0.612
degrade,0.0,degrade,0.0,Wan2.2-TI2V-5B-Diffusers,1280x704x49f,50,38,12,sp1,0.1,1.852,1.082,True,32.24,60.0,101.52,degrade,restore_sp2,1.861,0.0,0.861,2.149
degrade,0.0,degrade,0.0,Wan2.2-TI2V-5B-Diffusers,1280x704x49f,50,38,12,sp1,8.0,1.852,1.082,True,40.14,67.9,109.42,degrade,restore_sp2,1.692,0.0,0.692,1.726
restore_sp2,0.0,restore_sp2,0.0,Wan2.2-TI2V-5B-Diffusers,1280x704x49f,50,38,12,sp1+sp2,0.1,1.852,1.082,True,32.24,23.0,64.52,restore_sp2,degrade,1.402,0.402,0.0,1.806
restore_sp2,0.0,restore_sp2,0.0,Wan2.2-TI2V-5B-Diffusers,1280x704x49f,50,38,12,sp1+sp2,8.0,1.852,1.082,True,40.14,30.9,72.42,restore_sp2,degrade,1.299,0.299,0.0,1.344
degrade,0.073,restore_sp2,0.0,Wan2.2-TI2V-5B-Diffusers,1280x704x49f,50,45,5,none,0.1,1.852,1.082,True,56.27,52.42,101.52,restore_sp2,degrade,1.073,0.073,0.0,0.937
degrade,0.064,restore_sp2,0.0,Wan2.2-TI2V-5B-Diffusers,1280x704x49f,50,45,5,none,8.0,1.852,1.082,True,64.17,60.32,109.42,restore_sp2,degrade,1.064,0.064,0.0,0.814
degrade,0.0,degrade,0.0,Wan2.2-TI2V-5B-Diffusers,1280x704x49f,50,45,5,sp1,0.1,1.852,1.082,True,19.27,52.42,101.52,degrade,restore_sp2,2.72,0.0,1.72,4.267
degrade,0.0,degrade,0.0,Wan2.2-TI2V-5B-Diffusers,1280x704x49f,50,45,5,sp1,8.0,1.852,1.082,True,27.17,60.32,109.42,degrade,restore_sp2,2.22,0.0,1.22,3.027
restore_sp2,0.0,restore_sp2,0.0,Wan2.2-TI2V-5B-Diffusers,1280x704x49f,50,45,5,sp1+sp2,0.1,1.852,1.082,True,19.27,15.42,64.52,restore_sp2,degrade,1.25,0.25,0.0,3.183
restore_sp2,0.0,restore_sp2,0.0,Wan2.2-TI2V-5B-Diffusers,1280x704x49f,50,45,5,sp1+sp2,8.0,1.852,1.082,True,27.17,23.32,72.42,restore_sp2,degrade,1.165,0.165,0.0,2.105
degrade,0.169,restore_sp2,0.0,Wan2.2-TI2V-5B-Diffusers,1280x704x81f,9,1,8,none,0.1,3.604,2.106,True,82.9,70.91,73.43,restore_sp2,restart,1.036,0.169,0.0,0.036
degrade,0.152,restore_sp2,0.0,Wan2.2-TI2V-5B-Diffusers,1280x704x81f,9,1,8,none,8.0,3.604,2.106,True,90.8,78.81,81.33,restore_sp2,restart,1.032,0.152,0.0,0.032
degrade,0.0,degrade,0.0,Wan2.2-TI2V-5B-Diffusers,1280x704x81f,9,1,8,sp1,0.1,3.604,2.106,True,45.9,70.91,73.43,degrade,restore_sp2,1.545,0.0,0.545,0.6
degrade,0.0,degrade,0.0,Wan2.2-TI2V-5B-Diffusers,1280x704x81f,9,1,8,sp1,8.0,3.604,2.106,True,53.8,78.81,81.33,degrade,restore_sp2,1.465,0.0,0.465,0.512
restore_sp2,0.0,restore_sp2,0.0,Wan2.2-TI2V-5B-Diffusers,1280x704x81f,9,1,8,sp1+sp2,0.1,3.604,2.106,True,45.9,33.91,36.43,restore_sp2,restart,1.075,0.354,0.0,0.075
restore_sp2,0.0,restore_sp2,0.0,Wan2.2-TI2V-5B-Diffusers,1280x704x81f,9,1,8,sp1+sp2,8.0,3.604,2.106,True,53.8,41.81,44.33,restore_sp2,restart,1.06,0.287,0.0,0.06
degrade,0.152,restore_sp2,0.0,Wan2.2-TI2V-5B-Diffusers,1280x704x81f,9,2,7,none,0.1,3.604,2.106,True,79.29,68.8,73.43,restore_sp2,restart,1.067,0.152,0.0,0.067
degrade,0.137,restore_sp2,0.0,Wan2.2-TI2V-5B-Diffusers,1280x704x81f,9,2,7,none,8.0,3.604,2.106,True,87.19,76.7,81.33,restore_sp2,restart,1.06,0.137,0.0,0.06
degrade,0.0,degrade,0.0,Wan2.2-TI2V-5B-Diffusers,1280x704x81f,9,2,7,sp1,0.1,3.604,2.106,True,42.29,68.8,73.43,degrade,restore_sp2,1.627,0.0,0.627,0.736
degrade,0.0,degrade,0.0,Wan2.2-TI2V-5B-Diffusers,1280x704x81f,9,2,7,sp1,8.0,3.604,2.106,True,50.19,76.7,81.33,degrade,restore_sp2,1.528,0.0,0.528,0.62
restore_sp2,0.0,restore_sp2,0.0,Wan2.2-TI2V-5B-Diffusers,1280x704x81f,9,2,7,sp1+sp2,0.1,3.604,2.106,True,42.29,31.8,36.43,restore_sp2,restart,1.146,0.33,0.0,0.146
restore_sp2,0.0,restore_sp2,0.0,Wan2.2-TI2V-5B-Diffusers,1280x704x81f,9,2,7,sp1+sp2,8.0,3.604,2.106,True,50.19,39.7,44.33,restore_sp2,restart,1.117,0.264,0.0,0.117
degrade,0.116,restore_sp2,0.0,Wan2.2-TI2V-5B-Diffusers,1280x704x81f,9,4,5,none,0.1,3.604,2.106,True,72.09,64.59,73.43,restore_sp2,degrade,1.116,0.116,0.0,0.137
degrade,0.103,restore_sp2,0.0,Wan2.2-TI2V-5B-Diffusers,1280x704x81f,9,4,5,none,8.0,3.604,2.106,True,79.99,72.49,81.33,restore_sp2,degrade,1.103,0.103,0.0,0.122
degrade,0.0,degrade,0.0,Wan2.2-TI2V-5B-Diffusers,1280x704x81f,9,4,5,sp1,0.1,3.604,2.106,True,35.09,64.59,73.43,degrade,restore_sp2,1.841,0.0,0.841,1.093
degrade,0.0,degrade,0.0,Wan2.2-TI2V-5B-Diffusers,1280x704x81f,9,4,5,sp1,8.0,3.604,2.106,True,42.99,72.49,81.33,degrade,restore_sp2,1.686,0.0,0.686,0.892
restore_sp2,0.0,restore_sp2,0.0,Wan2.2-TI2V-5B-Diffusers,1280x704x81f,9,4,5,sp1+sp2,0.1,3.604,2.106,True,35.09,27.59,36.43,restore_sp2,degrade,1.272,0.272,0.0,0.32
restore_sp2,0.0,restore_sp2,0.0,Wan2.2-TI2V-5B-Diffusers,1280x704x81f,9,4,5,sp1+sp2,8.0,3.604,2.106,True,42.99,35.49,44.33,restore_sp2,degrade,1.211,0.211,0.0,0.249
degrade,0.051,restore_sp2,0.0,Wan2.2-TI2V-5B-Diffusers,1280x704x81f,9,7,2,none,0.1,3.604,2.106,True,61.27,58.28,73.43,restore_sp2,degrade,1.051,0.051,0.0,0.26
degrade,0.045,restore_sp2,0.0,Wan2.2-TI2V-5B-Diffusers,1280x704x81f,9,7,2,none,8.0,3.604,2.106,True,69.17,66.18,81.33,restore_sp2,degrade,1.045,0.045,0.0,0.229
degrade,0.0,degrade,0.0,Wan2.2-TI2V-5B-Diffusers,1280x704x81f,9,7,2,sp1,0.1,3.604,2.106,True,24.27,58.28,73.43,degrade,restore_sp2,2.401,0.0,1.401,2.025
degrade,0.0,degrade,0.0,Wan2.2-TI2V-5B-Diffusers,1280x704x81f,9,7,2,sp1,8.0,3.604,2.106,True,32.17,66.18,81.33,degrade,restore_sp2,2.057,0.0,1.057,1.528
restore_sp2,0.0,restore_sp2,0.0,Wan2.2-TI2V-5B-Diffusers,1280x704x81f,9,7,2,sp1+sp2,0.1,3.604,2.106,True,24.27,21.28,36.43,restore_sp2,degrade,1.141,0.141,0.0,0.713
restore_sp2,0.0,restore_sp2,0.0,Wan2.2-TI2V-5B-Diffusers,1280x704x81f,9,7,2,sp1+sp2,8.0,3.604,2.106,True,32.17,29.18,44.33,restore_sp2,degrade,1.103,0.103,0.0,0.52
degrade,0.027,restore_sp2,0.0,Wan2.2-TI2V-5B-Diffusers,1280x704x81f,9,8,1,none,0.1,3.604,2.106,True,57.67,56.17,73.43,restore_sp2,degrade,1.027,0.027,0.0,0.307
degrade,0.023,restore_sp2,0.0,Wan2.2-TI2V-5B-Diffusers,1280x704x81f,9,8,1,none,8.0,3.604,2.106,True,65.57,64.07,81.33,restore_sp2,degrade,1.023,0.023,0.0,0.269
degrade,0.0,degrade,0.0,Wan2.2-TI2V-5B-Diffusers,1280x704x81f,9,8,1,sp1,0.1,3.604,2.106,True,20.67,56.17,73.43,degrade,restore_sp2,2.718,0.0,1.718,2.553
degrade,0.0,degrade,0.0,Wan2.2-TI2V-5B-Diffusers,1280x704x81f,9,8,1,sp1,8.0,3.604,2.106,True,28.57,64.07,81.33,degrade,restore_sp2,2.243,0.0,1.243,1.847
restore_sp2,0.0,restore_sp2,0.0,Wan2.2-TI2V-5B-Diffusers,1280x704x81f,9,8,1,sp1+sp2,0.1,3.604,2.106,True,20.67,19.17,36.43,restore_sp2,degrade,1.078,0.078,0.0,0.901
restore_sp2,0.0,restore_sp2,0.0,Wan2.2-TI2V-5B-Diffusers,1280x704x81f,9,8,1,sp1+sp2,8.0,3.604,2.106,True,28.57,27.07,44.33,restore_sp2,degrade,1.055,0.055,0.0,0.638
degrade,0.293,restore_sp2,0.0,Wan2.2-TI2V-5B-Diffusers,1280x704x81f,20,2,18,none,0.1,3.604,2.106,True,118.94,91.96,96.6,restore_sp2,restart,1.05,0.293,0.0,0.05
degrade,0.27,restore_sp2,0.0,Wan2.2-TI2V-5B-Diffusers,1280x704x81f,20,2,18,none,8.0,3.604,2.106,True,126.84,99.86,104.5,restore_sp2,restart,1.046,0.27,0.0,0.046
degrade,0.0,degrade,0.0,Wan2.2-TI2V-5B-Diffusers,1280x704x81f,20,2,18,sp1,0.1,3.604,2.106,True,81.94,91.96,96.6,degrade,restore_sp2,1.122,0.0,0.122,0.179
degrade,0.0,degrade,0.0,Wan2.2-TI2V-5B-Diffusers,1280x704x81f,20,2,18,sp1,8.0,3.604,2.106,True,89.84,99.86,104.5,degrade,restore_sp2,1.112,0.0,0.112,0.163
restore_sp2,0.0,restore_sp2,0.0,Wan2.2-TI2V-5B-Diffusers,1280x704x81f,20,2,18,sp1+sp2,0.1,3.604,2.106,True,81.94,54.96,59.6,restore_sp2,restart,1.084,0.491,0.0,0.084
restore_sp2,0.0,restore_sp2,0.0,Wan2.2-TI2V-5B-Diffusers,1280x704x81f,20,2,18,sp1+sp2,8.0,3.604,2.106,True,89.84,62.86,67.5,restore_sp2,restart,1.074,0.429,0.0,0.074
degrade,0.262,restore_sp2,0.0,Wan2.2-TI2V-5B-Diffusers,1280x704x81f,20,5,15,none,0.1,3.604,2.106,True,108.13,85.65,96.6,restore_sp2,restart,1.128,0.262,0.0,0.128
degrade,0.24,restore_sp2,0.0,Wan2.2-TI2V-5B-Diffusers,1280x704x81f,20,5,15,none,8.0,3.604,2.106,True,116.03,93.55,104.5,restore_sp2,restart,1.117,0.24,0.0,0.117
degrade,0.0,degrade,0.0,Wan2.2-TI2V-5B-Diffusers,1280x704x81f,20,5,15,sp1,0.1,3.604,2.106,True,71.13,85.65,96.6,degrade,restore_sp2,1.204,0.0,0.204,0.358
degrade,0.0,degrade,0.0,Wan2.2-TI2V-5B-Diffusers,1280x704x81f,20,5,15,sp1,8.0,3.604,2.106,True,79.03,93.55,104.5,degrade,restore_sp2,1.184,0.0,0.184,0.322
restore_sp2,0.0,restore_sp2,0.0,Wan2.2-TI2V-5B-Diffusers,1280x704x81f,20,5,15,sp1+sp2,0.1,3.604,2.106,True,71.13,48.65,59.6,restore_sp2,restart,1.225,0.462,0.0,0.225
restore_sp2,0.0,restore_sp2,0.0,Wan2.2-TI2V-5B-Diffusers,1280x704x81f,20,5,15,sp1+sp2,8.0,3.604,2.106,True,79.03,56.55,67.5,restore_sp2,restart,1.194,0.398,0.0,0.194
degrade,0.2,restore_sp2,0.0,Wan2.2-TI2V-5B-Diffusers,1280x704x81f,20,10,10,none,0.1,3.604,2.106,True,90.11,75.12,96.6,restore_sp2,degrade,1.2,0.2,0.0,0.286
degrade,0.181,restore_sp2,0.0,Wan2.2-TI2V-5B-Diffusers,1280x704x81f,20,10,10,none,8.0,3.604,2.106,True,98.01,83.02,104.5,restore_sp2,degrade,1.181,0.181,0.0,0.259
degrade,0.0,degrade,0.0,Wan2.2-TI2V-5B-Diffusers,1280x704x81f,20,10,10,sp1,0.1,3.604,2.106,True,53.11,75.12,96.6,degrade,restore_sp2,1.414,0.0,0.414,0.819
degrade,0.0,degrade,0.0,Wan2.2-TI2V-5B-Diffusers,1280x704x81f,20,10,10,sp1,8.0,3.604,2.106,True,61.01,83.02,104.5,degrade,restore_sp2,1.361,0.0,0.361,0.713
restore_sp2,0.0,restore_sp2,0.0,Wan2.2-TI2V-5B-Diffusers,1280x704x81f,20,10,10,sp1+sp2,0.1,3.604,2.106,True,53.11,38.12,59.6,restore_sp2,degrade,1.393,0.393,0.0,0.563
restore_sp2,0.0,restore_sp2,0.0,Wan2.2-TI2V-5B-Diffusers,1280x704x81f,20,10,10,sp1+sp2,8.0,3.604,2.106,True,61.01,46.02,67.5,restore_sp2,degrade,1.326,0.326,0.0,0.467
degrade,0.116,restore_sp2,0.0,Wan2.2-TI2V-5B-Diffusers,1280x704x81f,20,15,5,none,0.1,3.604,2.106,True,72.09,64.59,96.6,restore_sp2,degrade,1.116,0.116,0.0,0.495
degrade,0.103,restore_sp2,0.0,Wan2.2-TI2V-5B-Diffusers,1280x704x81f,20,15,5,none,8.0,3.604,2.106,True,79.99,72.49,104.5,restore_sp2,degrade,1.103,0.103,0.0,0.441
degrade,0.0,degrade,0.0,Wan2.2-TI2V-5B-Diffusers,1280x704x81f,20,15,5,sp1,0.1,3.604,2.106,True,35.09,64.59,96.6,degrade,restore_sp2,1.841,0.0,0.841,1.753
degrade,0.0,degrade,0.0,Wan2.2-TI2V-5B-Diffusers,1280x704x81f,20,15,5,sp1,8.0,3.604,2.106,True,42.99,72.49,104.5,degrade,restore_sp2,1.686,0.0,0.686,1.431
restore_sp2,0.0,restore_sp2,0.0,Wan2.2-TI2V-5B-Diffusers,1280x704x81f,20,15,5,sp1+sp2,0.1,3.604,2.106,True,35.09,27.59,59.6,restore_sp2,degrade,1.272,0.272,0.0,1.16
restore_sp2,0.0,restore_sp2,0.0,Wan2.2-TI2V-5B-Diffusers,1280x704x81f,20,15,5,sp1+sp2,8.0,3.604,2.106,True,42.99,35.49,67.5,restore_sp2,degrade,1.211,0.211,0.0,0.902
degrade,0.051,restore_sp2,0.0,Wan2.2-TI2V-5B-Diffusers,1280x704x81f,20,18,2,none,0.1,3.604,2.106,True,61.27,58.28,96.6,restore_sp2,degrade,1.051,0.051,0.0,0.658
degrade,0.045,restore_sp2,0.0,Wan2.2-TI2V-5B-Diffusers,1280x704x81f,20,18,2,none,8.0,3.604,2.106,True,69.17,66.18,104.5,restore_sp2,degrade,1.045,0.045,0.0,0.579
degrade,0.0,degrade,0.0,Wan2.2-TI2V-5B-Diffusers,1280x704x81f,20,18,2,sp1,0.1,3.604,2.106,True,24.27,58.28,96.6,degrade,restore_sp2,2.401,0.0,1.401,2.98
degrade,0.0,degrade,0.0,Wan2.2-TI2V-5B-Diffusers,1280x704x81f,20,18,2,sp1,8.0,3.604,2.106,True,32.17,66.18,104.5,degrade,restore_sp2,2.057,0.0,1.057,2.248
restore_sp2,0.0,restore_sp2,0.0,Wan2.2-TI2V-5B-Diffusers,1280x704x81f,20,18,2,sp1+sp2,0.1,3.604,2.106,True,24.27,21.28,59.6,restore_sp2,degrade,1.141,0.141,0.0,1.801
restore_sp2,0.0,restore_sp2,0.0,Wan2.2-TI2V-5B-Diffusers,1280x704x81f,20,18,2,sp1+sp2,8.0,3.604,2.106,True,32.17,29.18,67.5,restore_sp2,degrade,1.103,0.103,0.0,1.313
degrade,0.365,restore_sp2,0.0,Wan2.2-TI2V-5B-Diffusers,1280x704x81f,30,3,27,none,0.1,3.604,2.106,True,151.38,110.91,117.65,restore_sp2,restart,1.061,0.365,0.0,0.061
degrade,0.341,restore_sp2,0.0,Wan2.2-TI2V-5B-Diffusers,1280x704x81f,30,3,27,none,8.0,3.604,2.106,True,159.28,118.81,125.55,restore_sp2,restart,1.057,0.341,0.0,0.057
degrade,0.031,restore_sp2,0.0,Wan2.2-TI2V-5B-Diffusers,1280x704x81f,30,3,27,sp1,0.1,3.604,2.106,True,114.38,110.91,117.65,restore_sp2,degrade,1.031,0.031,0.0,0.061
degrade,0.029,restore_sp2,0.0,Wan2.2-TI2V-5B-Diffusers,1280x704x81f,30,3,27,sp1,8.0,3.604,2.106,True,122.28,118.81,125.55,restore_sp2,degrade,1.029,0.029,0.0,0.057
restore_sp2,0.0,restore_sp2,0.0,Wan2.2-TI2V-5B-Diffusers,1280x704x81f,30,3,27,sp1+sp2,0.1,3.604,2.106,True,114.38,73.91,80.65,restore_sp2,restart,1.091,0.548,0.0,0.091
restore_sp2,0.0,restore_sp2,0.0,Wan2.2-TI2V-5B-Diffusers,1280x704x81f,30,3,27,sp1+sp2,8.0,3.604,2.106,True,122.28,81.81,88.55,restore_sp2,restart,1.082,0.495,0.0,0.082
degrade,0.328,restore_sp2,0.0,Wan2.2-TI2V-5B-Diffusers,1280x704x81f,30,8,22,none,0.1,3.604,2.106,True,133.36,100.39,117.65,restore_sp2,restart,1.172,0.328,0.0,0.172
degrade,0.305,restore_sp2,0.0,Wan2.2-TI2V-5B-Diffusers,1280x704x81f,30,8,22,none,8.0,3.604,2.106,True,141.26,108.29,125.55,restore_sp2,restart,1.159,0.305,0.0,0.159
degrade,0.0,degrade,0.0,Wan2.2-TI2V-5B-Diffusers,1280x704x81f,30,8,22,sp1,0.1,3.604,2.106,True,96.36,100.39,117.65,degrade,restore_sp2,1.042,0.0,0.042,0.221
degrade,0.0,degrade,0.0,Wan2.2-TI2V-5B-Diffusers,1280x704x81f,30,8,22,sp1,8.0,3.604,2.106,True,104.26,108.29,125.55,degrade,restore_sp2,1.039,0.0,0.039,0.204
restore_sp2,0.0,restore_sp2,0.0,Wan2.2-TI2V-5B-Diffusers,1280x704x81f,30,8,22,sp1+sp2,0.1,3.604,2.106,True,96.36,63.39,80.65,restore_sp2,restart,1.272,0.52,0.0,0.272
restore_sp2,0.0,restore_sp2,0.0,Wan2.2-TI2V-5B-Diffusers,1280x704x81f,30,8,22,sp1+sp2,8.0,3.604,2.106,True,104.26,71.29,88.55,restore_sp2,restart,1.242,0.463,0.0,0.242
degrade,0.262,restore_sp2,0.0,Wan2.2-TI2V-5B-Diffusers,1280x704x81f,30,15,15,none,0.1,3.604,2.106,True,108.13,85.65,117.65,restore_sp2,degrade,1.262,0.262,0.0,0.374
degrade,0.24,restore_sp2,0.0,Wan2.2-TI2V-5B-Diffusers,1280x704x81f,30,15,15,none,8.0,3.604,2.106,True,116.03,93.55,125.55,restore_sp2,degrade,1.24,0.24,0.0,0.342
degrade,0.0,degrade,0.0,Wan2.2-TI2V-5B-Diffusers,1280x704x81f,30,15,15,sp1,0.1,3.604,2.106,True,71.13,85.65,117.65,degrade,restore_sp2,1.204,0.0,0.204,0.654
degrade,0.0,degrade,0.0,Wan2.2-TI2V-5B-Diffusers,1280x704x81f,30,15,15,sp1,8.0,3.604,2.106,True,79.03,93.55,125.55,degrade,restore_sp2,1.184,0.0,0.184,0.589
restore_sp2,0.0,restore_sp2,0.0,Wan2.2-TI2V-5B-Diffusers,1280x704x81f,30,15,15,sp1+sp2,0.1,3.604,2.106,True,71.13,48.65,80.65,restore_sp2,degrade,1.462,0.462,0.0,0.658
restore_sp2,0.0,restore_sp2,0.0,Wan2.2-TI2V-5B-Diffusers,1280x704x81f,30,15,15,sp1+sp2,8.0,3.604,2.106,True,79.03,56.55,88.55,restore_sp2,degrade,1.398,0.398,0.0,0.566
degrade,0.169,restore_sp2,0.0,Wan2.2-TI2V-5B-Diffusers,1280x704x81f,30,22,8,none,0.1,3.604,2.106,True,82.9,70.91,117.65,restore_sp2,degrade,1.169,0.169,0.0,0.659
degrade,0.152,restore_sp2,0.0,Wan2.2-TI2V-5B-Diffusers,1280x704x81f,30,22,8,none,8.0,3.604,2.106,True,90.8,78.81,125.55,restore_sp2,degrade,1.152,0.152,0.0,0.593
degrade,0.0,degrade,0.0,Wan2.2-TI2V-5B-Diffusers,1280x704x81f,30,22,8,sp1,0.1,3.604,2.106,True,45.9,70.91,117.65,degrade,restore_sp2,1.545,0.0,0.545,1.563
degrade,0.0,degrade,0.0,Wan2.2-TI2V-5B-Diffusers,1280x704x81f,30,22,8,sp1,8.0,3.604,2.106,True,53.8,78.81,125.55,degrade,restore_sp2,1.465,0.0,0.465,1.334
restore_sp2,0.0,restore_sp2,0.0,Wan2.2-TI2V-5B-Diffusers,1280x704x81f,30,22,8,sp1+sp2,0.1,3.604,2.106,True,45.9,33.91,80.65,restore_sp2,degrade,1.354,0.354,0.0,1.378
restore_sp2,0.0,restore_sp2,0.0,Wan2.2-TI2V-5B-Diffusers,1280x704x81f,30,22,8,sp1+sp2,8.0,3.604,2.106,True,53.8,41.81,88.55,restore_sp2,degrade,1.287,0.287,0.0,1.118
degrade,0.074,restore_sp2,0.0,Wan2.2-TI2V-5B-Diffusers,1280x704x81f,30,27,3,none,0.1,3.604,2.106,True,64.88,60.38,117.65,restore_sp2,degrade,1.074,0.074,0.0,0.948
degrade,0.066,restore_sp2,0.0,Wan2.2-TI2V-5B-Diffusers,1280x704x81f,30,27,3,none,8.0,3.604,2.106,True,72.78,68.28,125.55,restore_sp2,degrade,1.066,0.066,0.0,0.839
degrade,0.0,degrade,0.0,Wan2.2-TI2V-5B-Diffusers,1280x704x81f,30,27,3,sp1,0.1,3.604,2.106,True,27.88,60.38,117.65,degrade,restore_sp2,2.166,0.0,1.166,3.22
degrade,0.0,degrade,0.0,Wan2.2-TI2V-5B-Diffusers,1280x704x81f,30,27,3,sp1,8.0,3.604,2.106,True,35.78,68.28,125.55,degrade,restore_sp2,1.908,0.0,0.908,2.509
restore_sp2,0.0,restore_sp2,0.0,Wan2.2-TI2V-5B-Diffusers,1280x704x81f,30,27,3,sp1+sp2,0.1,3.604,2.106,True,27.88,23.38,80.65,restore_sp2,degrade,1.192,0.192,0.0,2.449
restore_sp2,0.0,restore_sp2,0.0,Wan2.2-TI2V-5B-Diffusers,1280x704x81f,30,27,3,sp1+sp2,8.0,3.604,2.106,True,35.78,31.28,88.55,restore_sp2,degrade,1.144,0.144,0.0,1.831
degrade,0.453,restore_sp2,0.0,Wan2.2-TI2V-5B-Diffusers,1280x704x81f,50,5,45,none,0.1,3.604,2.106,True,216.26,148.81,159.76,restore_sp2,restart,1.074,0.453,0.0,0.074
degrade,0.43,restore_sp2,0.0,Wan2.2-TI2V-5B-Diffusers,1280x704x81f,50,5,45,none,8.0,3.604,2.106,True,224.16,156.71,167.66,restore_sp2,restart,1.07,0.43,0.0,0.07
degrade,0.205,restore_sp2,0.0,Wan2.2-TI2V-5B-Diffusers,1280x704x81f,50,5,45,sp1,0.1,3.604,2.106,True,179.26,148.81,159.76,restore_sp2,restart,1.074,0.205,0.0,0.074
degrade,0.194,restore_sp2,0.0,Wan2.2-TI2V-5B-Diffusers,1280x704x81f,50,5,45,sp1,8.0,3.604,2.106,True,187.16,156.71,167.66,restore_sp2,restart,1.07,0.194,0.0,0.07
restore_sp2,0.0,restore_sp2,0.0,Wan2.2-TI2V-5B-Diffusers,1280x704x81f,50,5,45,sp1+sp2,0.1,3.604,2.106,True,179.26,111.81,122.76,restore_sp2,restart,1.098,0.603,0.0,0.098
restore_sp2,0.0,restore_sp2,0.0,Wan2.2-TI2V-5B-Diffusers,1280x704x81f,50,5,45,sp1+sp2,8.0,3.604,2.106,True,187.16,119.71,130.66,restore_sp2,restart,1.091,0.563,0.0,0.091
degrade,0.425,restore_sp2,0.0,Wan2.2-TI2V-5B-Diffusers,1280x704x81f,50,12,38,none,0.1,3.604,2.106,True,191.03,134.07,159.76,restore_sp2,restart,1.192,0.425,0.0,0.192
degrade,0.401,restore_sp2,0.0,Wan2.2-TI2V-5B-Diffusers,1280x704x81f,50,12,38,none,8.0,3.604,2.106,True,198.93,141.97,167.66,restore_sp2,restart,1.181,0.401,0.0,0.181
degrade,0.149,restore_sp2,0.0,Wan2.2-TI2V-5B-Diffusers,1280x704x81f,50,12,38,sp1,0.1,3.604,2.106,True,154.03,134.07,159.76,restore_sp2,degrade,1.149,0.149,0.0,0.192
degrade,0.141,restore_sp2,0.0,Wan2.2-TI2V-5B-Diffusers,1280x704x81f,50,12,38,sp1,8.0,3.604,2.106,True,161.93,141.97,167.66,restore_sp2,degrade,1.141,0.141,0.0,0.181
restore_sp2,0.0,restore_sp2,0.0,Wan2.2-TI2V-5B-Diffusers,1280x704x81f,50,12,38,sp1+sp2,0.1,3.604,2.106,True,154.03,97.07,122.76,restore_sp2,restart,1.265,0.587,0.0,0.265
restore_sp2,0.0,restore_sp2,0.0,Wan2.2-TI2V-5B-Diffusers,1280x704x81f,50,12,38,sp1+sp2,8.0,3.604,2.106,True,161.93,104.97,130.66,restore_sp2,restart,1.245,0.543,0.0,0.245
degrade,0.351,restore_sp2,0.0,Wan2.2-TI2V-5B-Diffusers,1280x704x81f,50,25,25,none,0.1,3.604,2.106,True,144.17,106.7,159.76,restore_sp2,degrade,1.351,0.351,0.0,0.497
degrade,0.327,restore_sp2,0.0,Wan2.2-TI2V-5B-Diffusers,1280x704x81f,50,25,25,none,8.0,3.604,2.106,True,152.07,114.6,167.66,restore_sp2,degrade,1.327,0.327,0.0,0.463
degrade,0.004,restore_sp2,0.0,Wan2.2-TI2V-5B-Diffusers,1280x704x81f,50,25,25,sp1,0.1,3.604,2.106,True,107.17,106.7,159.76,restore_sp2,degrade,1.004,0.004,0.0,0.497
degrade,0.004,restore_sp2,0.0,Wan2.2-TI2V-5B-Diffusers,1280x704x81f,50,25,25,sp1,8.0,3.604,2.106,True,115.07,114.6,167.66,restore_sp2,degrade,1.004,0.004,0.0,0.463
restore_sp2,0.0,restore_sp2,0.0,Wan2.2-TI2V-5B-Diffusers,1280x704x81f,50,25,25,sp1+sp2,0.1,3.604,2.106,True,107.17,69.7,122.76,restore_sp2,degrade,1.538,0.538,0.0,0.761
restore_sp2,0.0,restore_sp2,0.0,Wan2.2-TI2V-5B-Diffusers,1280x704x81f,50,25,25,sp1+sp2,8.0,3.604,2.106,True,115.07,77.6,130.66,restore_sp2,degrade,1.483,0.483,0.0,0.684
degrade,0.227,restore_sp2,0.0,Wan2.2-TI2V-5B-Diffusers,1280x704x81f,50,38,12,none,0.1,3.604,2.106,True,97.32,79.33,159.76,restore_sp2,degrade,1.227,0.227,0.0,1.014
degrade,0.206,restore_sp2,0.0,Wan2.2-TI2V-5B-Diffusers,1280x704x81f,50,38,12,none,8.0,3.604,2.106,True,105.22,87.23,167.66,restore_sp2,degrade,1.206,0.206,0.0,0.922
degrade,0.0,degrade,0.0,Wan2.2-TI2V-5B-Diffusers,1280x704x81f,50,38,12,sp1,0.1,3.604,2.106,True,60.32,79.33,159.76,degrade,restore_sp2,1.315,0.0,0.315,1.649
degrade,0.0,degrade,0.0,Wan2.2-TI2V-5B-Diffusers,1280x704x81f,50,38,12,sp1,8.0,3.604,2.106,True,68.22,87.23,167.66,degrade,restore_sp2,1.279,0.0,0.279,1.458
restore_sp2,0.0,restore_sp2,0.0,Wan2.2-TI2V-5B-Diffusers,1280x704x81f,50,38,12,sp1+sp2,0.1,3.604,2.106,True,60.32,42.33,122.76,restore_sp2,degrade,1.425,0.425,0.0,1.9
restore_sp2,0.0,restore_sp2,0.0,Wan2.2-TI2V-5B-Diffusers,1280x704x81f,50,38,12,sp1+sp2,8.0,3.604,2.106,True,68.22,50.23,130.66,restore_sp2,degrade,1.358,0.358,0.0,1.601
degrade,0.116,restore_sp2,0.0,Wan2.2-TI2V-5B-Diffusers,1280x704x81f,50,45,5,none,0.1,3.604,2.106,True,72.09,64.59,159.76,restore_sp2,degrade,1.116,0.116,0.0,1.473
degrade,0.103,restore_sp2,0.0,Wan2.2-TI2V-5B-Diffusers,1280x704x81f,50,45,5,none,8.0,3.604,2.106,True,79.99,72.49,167.66,restore_sp2,degrade,1.103,0.103,0.0,1.313
degrade,0.0,degrade,0.0,Wan2.2-TI2V-5B-Diffusers,1280x704x81f,50,45,5,sp1,0.1,3.604,2.106,True,35.09,64.59,159.76,degrade,restore_sp2,1.841,0.0,0.841,3.553
degrade,0.0,degrade,0.0,Wan2.2-TI2V-5B-Diffusers,1280x704x81f,50,45,5,sp1,8.0,3.604,2.106,True,42.99,72.49,167.66,degrade,restore_sp2,1.686,0.0,0.686,2.9
restore_sp2,0.0,restore_sp2,0.0,Wan2.2-TI2V-5B-Diffusers,1280x704x81f,50,45,5,sp1+sp2,0.1,3.604,2.106,True,35.09,27.59,122.76,restore_sp2,degrade,1.272,0.272,0.0,3.449
restore_sp2,0.0,restore_sp2,0.0,Wan2.2-TI2V-5B-Diffusers,1280x704x81f,50,45,5,sp1+sp2,8.0,3.604,2.106,True,42.99,35.49,130.66,restore_sp2,degrade,1.211,0.211,0.0,2.681
degrade,0.005,restore_sp2,0.0,Z-Image-Turbo,256x256,9,1,8,none,0.1,0.061,0.045,True,25.3,25.18,25.47,restore_sp2,degrade,1.005,0.005,0.0,0.012
degrade,0.004,restore_sp2,0.0,Z-Image-Turbo,256x256,9,1,8,none,8.0,0.061,0.045,True,33.2,33.08,33.37,restore_sp2,degrade,1.004,0.004,0.0,0.009
degrade,0.0,degrade,0.0,Z-Image-Turbo,256x256,9,1,8,sp1,0.1,0.061,0.045,True,0.7,25.18,25.47,degrade,restore_sp2,35.832,0.0,34.832,35.248
degrade,0.0,degrade,0.0,Z-Image-Turbo,256x256,9,1,8,sp1,8.0,0.061,0.045,True,8.6,33.08,33.37,degrade,restore_sp2,3.845,0.0,2.845,2.879
restore_sp2,0.0,restore_sp2,0.0,Z-Image-Turbo,256x256,9,1,8,sp1+sp2,0.1,0.061,0.045,True,0.7,0.58,0.87,restore_sp2,degrade,1.208,0.208,0.0,0.503
restore_sp2,0.0,restore_sp2,0.0,Z-Image-Turbo,256x256,9,1,8,sp1+sp2,8.0,0.061,0.045,True,8.6,8.48,8.77,restore_sp2,degrade,1.014,0.014,0.0,0.034
degrade,0.004,restore_sp2,0.0,Z-Image-Turbo,256x256,9,2,7,none,0.1,0.061,0.045,True,25.24,25.14,25.47,restore_sp2,degrade,1.004,0.004,0.0,0.013
degrade,0.003,restore_sp2,0.0,Z-Image-Turbo,256x256,9,2,7,none,8.0,0.061,0.045,True,33.14,33.04,33.37,restore_sp2,degrade,1.003,0.003,0.0,0.01
degrade,0.0,degrade,0.0,Z-Image-Turbo,256x256,9,2,7,sp1,0.1,0.061,0.045,True,0.64,25.14,25.47,degrade,restore_sp2,39.142,0.0,38.142,38.668
degrade,0.0,degrade,0.0,Z-Image-Turbo,256x256,9,2,7,sp1,8.0,0.061,0.045,True,8.54,33.04,33.37,degrade,restore_sp2,3.867,0.0,2.867,2.907
restore_sp2,0.0,restore_sp2,0.0,Z-Image-Turbo,256x256,9,2,7,sp1+sp2,0.1,0.061,0.045,True,0.64,0.54,0.87,restore_sp2,degrade,1.197,0.197,0.0,0.63
restore_sp2,0.0,restore_sp2,0.0,Z-Image-Turbo,256x256,9,2,7,sp1+sp2,8.0,0.061,0.045,True,8.54,8.44,8.77,restore_sp2,degrade,1.013,0.013,0.0,0.04
degrade,0.003,restore_sp2,0.0,Z-Image-Turbo,256x256,9,4,5,none,0.1,0.061,0.045,True,25.12,25.05,25.47,restore_sp2,degrade,1.003,0.003,0.0,0.017
degrade,0.002,restore_sp2,0.0,Z-Image-Turbo,256x256,9,4,5,none,8.0,0.061,0.045,True,33.02,32.95,33.37,restore_sp2,degrade,1.002,0.002,0.0,0.013
degrade,0.0,degrade,0.0,Z-Image-Turbo,256x256,9,4,5,sp1,0.1,0.061,0.045,True,0.52,25.05,25.47,degrade,restore_sp2,48.073,0.0,47.073,47.896
degrade,0.0,degrade,0.0,Z-Image-Turbo,256x256,9,4,5,sp1,8.0,0.061,0.045,True,8.42,32.95,33.37,degrade,restore_sp2,3.912,0.0,2.912,2.963
restore_sp2,0.0,restore_sp2,0.0,Z-Image-Turbo,256x256,9,4,5,sp1+sp2,0.1,0.061,0.045,True,0.52,0.45,0.87,restore_sp2,degrade,1.169,0.169,0.0,0.963
restore_sp2,0.0,restore_sp2,0.0,Z-Image-Turbo,256x256,9,4,5,sp1+sp2,8.0,0.061,0.045,True,8.42,8.35,8.77,restore_sp2,degrade,1.009,0.009,0.0,0.051
degrade,0.001,restore_sp2,0.0,Z-Image-Turbo,256x256,9,7,2,none,0.1,0.061,0.045,True,24.94,24.91,25.47,restore_sp2,degrade,1.001,0.001,0.0,0.023
degrade,0.001,restore_sp2,0.0,Z-Image-Turbo,256x256,9,7,2,none,8.0,0.061,0.045,True,32.84,32.81,33.37,restore_sp2,degrade,1.001,0.001,0.0,0.017
degrade,0.0,degrade,0.0,Z-Image-Turbo,256x256,9,7,2,sp1,0.1,0.061,0.045,True,0.34,24.91,25.47,degrade,restore_sp2,73.435,0.0,72.435,74.103
degrade,0.0,degrade,0.0,Z-Image-Turbo,256x256,9,7,2,sp1,8.0,0.061,0.045,True,8.24,32.81,33.37,degrade,restore_sp2,3.982,0.0,2.982,3.051
restore_sp2,0.0,restore_sp2,0.0,Z-Image-Turbo,256x256,9,7,2,sp1+sp2,0.1,0.061,0.045,True,0.34,0.31,0.87,restore_sp2,degrade,1.098,0.098,0.0,1.83
restore_sp2,0.0,restore_sp2,0.0,Z-Image-Turbo,256x256,9,7,2,sp1+sp2,8.0,0.061,0.045,True,8.24,8.21,8.77,restore_sp2,degrade,1.004,0.004,0.0,0.069
degrade,0.001,restore_sp2,0.0,Z-Image-Turbo,256x256,9,8,1,none,0.1,0.061,0.045,True,24.88,24.86,25.47,restore_sp2,degrade,1.001,0.001,0.0,0.025
degrade,0.0,restore_sp2,0.0,Z-Image-Turbo,256x256,9,8,1,none,8.0,0.061,0.045,True,32.78,32.76,33.37,restore_sp2,degrade,1.0,0.0,0.0,0.019
degrade,0.0,degrade,0.0,Z-Image-Turbo,256x256,9,8,1,sp1,0.1,0.061,0.045,True,0.28,24.86,25.47,degrade,restore_sp2,89.245,0.0,88.245,90.438
degrade,0.0,degrade,0.0,Z-Image-Turbo,256x256,9,8,1,sp1,8.0,0.061,0.045,True,8.18,32.76,33.37,degrade,restore_sp2,4.006,0.0,3.006,3.081
restore_sp2,0.0,restore_sp2,0.0,Z-Image-Turbo,256x256,9,8,1,sp1+sp2,0.1,0.061,0.045,True,0.28,0.26,0.87,restore_sp2,degrade,1.057,0.057,0.0,2.319
restore_sp2,0.0,restore_sp2,0.0,Z-Image-Turbo,256x256,9,8,1,sp1+sp2,8.0,0.061,0.045,True,8.18,8.16,8.77,restore_sp2,degrade,1.002,0.002,0.0,0.075
degrade,0.011,restore_sp2,0.0,Z-Image-Turbo,256x256,20,2,18,none,0.1,0.061,0.045,True,25.91,25.64,25.98,restore_sp2,degrade,1.011,0.011,0.0,0.013
degrade,0.008,restore_sp2,0.0,Z-Image-Turbo,256x256,20,2,18,none,8.0,0.061,0.045,True,33.81,33.54,33.88,restore_sp2,degrade,1.008,0.008,0.0,0.01
degrade,0.0,degrade,0.0,Z-Image-Turbo,256x256,20,2,18,sp1,0.1,0.061,0.045,True,1.31,25.64,25.98,degrade,restore_sp2,19.589,0.0,18.589,18.847
degrade,0.0,degrade,0.0,Z-Image-Turbo,256x256,20,2,18,sp1,8.0,0.061,0.045,True,9.21,33.54,33.88,degrade,restore_sp2,3.642,0.0,2.642,2.679
restore_sp2,0.0,restore_sp2,0.0,Z-Image-Turbo,256x256,20,2,18,sp1+sp2,0.1,0.061,0.045,True,1.31,1.04,1.37,restore_sp2,degrade,1.262,0.262,0.0,0.326
restore_sp2,0.0,restore_sp2,0.0,Z-Image-Turbo,256x256,20,2,18,sp1+sp2,8.0,0.061,0.045,True,9.21,8.94,9.27,restore_sp2,degrade,1.03,0.03,0.0,0.038
degrade,0.009,restore_sp2,0.0,Z-Image-Turbo,256x256,20,5,15,none,0.1,0.061,0.045,True,25.73,25.5,25.98,restore_sp2,degrade,1.009,0.009,0.0,0.019
degrade,0.007,restore_sp2,0.0,Z-Image-Turbo,256x256,20,5,15,none,8.0,0.061,0.045,True,33.63,33.4,33.88,restore_sp2,degrade,1.007,0.007,0.0,0.014
degrade,0.0,degrade,0.0,Z-Image-Turbo,256x256,20,5,15,sp1,0.1,0.061,0.045,True,1.13,25.5,25.98,degrade,restore_sp2,22.627,0.0,21.627,22.048
degrade,0.0,degrade,0.0,Z-Image-Turbo,256x256,20,5,15,sp1,8.0,0.061,0.045,True,9.03,33.4,33.88,degrade,restore_sp2,3.7,0.0,2.7,2.753
restore_sp2,0.0,restore_sp2,0.0,Z-Image-Turbo,256x256,20,5,15,sp1+sp2,0.1,0.061,0.045,True,1.13,0.9,1.37,restore_sp2,degrade,1.251,0.251,0.0,0.527
restore_sp2,0.0,restore_sp2,0.0,Z-Image-Turbo,256x256,20,5,15,sp1+sp2,8.0,0.061,0.045,True,9.03,8.8,9.27,restore_sp2,degrade,1.026,0.026,0.0,0.054
degrade,0.006,restore_sp2,0.0,Z-Image-Turbo,256x256,20,10,10,none,0.1,0.061,0.045,True,25.42,25.27,25.98,restore_sp2,degrade,1.006,0.006,0.0,0.028
degrade,0.005,restore_sp2,0.0,Z-Image-Turbo,256x256,20,10,10,none,8.0,0.061,0.045,True,33.32,33.17,33.88,restore_sp2,degrade,1.005,0.005,0.0,0.021
degrade,0.0,degrade,0.0,Z-Image-Turbo,256x256,20,10,10,sp1,0.1,0.061,0.045,True,0.82,25.27,25.98,degrade,restore_sp2,30.672,0.0,29.672,30.524
degrade,0.0,degrade,0.0,Z-Image-Turbo,256x256,20,10,10,sp1,8.0,0.061,0.045,True,8.72,33.17,33.88,degrade,restore_sp2,3.803,0.0,2.803,2.883
restore_sp2,0.0,restore_sp2,0.0,Z-Image-Turbo,256x256,20,10,10,sp1+sp2,0.1,0.061,0.045,True,0.82,0.67,1.37,restore_sp2,degrade,1.224,0.224,0.0,1.043
restore_sp2,0.0,restore_sp2,0.0,Z-Image-Turbo,256x256,20,10,10,sp1+sp2,8.0,0.061,0.045,True,8.72,8.57,9.27,restore_sp2,degrade,1.018,0.018,0.0,0.082
degrade,0.003,restore_sp2,0.0,Z-Image-Turbo,256x256,20,15,5,none,0.1,0.061,0.045,True,25.12,25.05,25.98,restore_sp2,degrade,1.003,0.003,0.0,0.037
degrade,0.002,restore_sp2,0.0,Z-Image-Turbo,256x256,20,15,5,none,8.0,0.061,0.045,True,33.02,32.95,33.88,restore_sp2,degrade,1.002,0.002,0.0,0.028
degrade,0.0,degrade,0.0,Z-Image-Turbo,256x256,20,15,5,sp1,0.1,0.061,0.045,True,0.52,25.05,25.98,degrade,restore_sp2,48.073,0.0,47.073,48.857
degrade,0.0,degrade,0.0,Z-Image-Turbo,256x256,20,15,5,sp1,8.0,0.061,0.045,True,8.42,32.95,33.88,degrade,restore_sp2,3.912,0.0,2.912,3.023
restore_sp2,0.0,restore_sp2,0.0,Z-Image-Turbo,256x256,20,15,5,sp1+sp2,0.1,0.061,0.045,True,0.52,0.45,1.37,restore_sp2,degrade,1.169,0.169,0.0,2.086
restore_sp2,0.0,restore_sp2,0.0,Z-Image-Turbo,256x256,20,15,5,sp1+sp2,8.0,0.061,0.045,True,8.42,8.35,9.27,restore_sp2,degrade,1.009,0.009,0.0,0.111
degrade,0.001,restore_sp2,0.0,Z-Image-Turbo,256x256,20,18,2,none,0.1,0.061,0.045,True,24.94,24.91,25.98,restore_sp2,degrade,1.001,0.001,0.0,0.043
degrade,0.001,restore_sp2,0.0,Z-Image-Turbo,256x256,20,18,2,none,8.0,0.061,0.045,True,32.84,32.81,33.88,restore_sp2,degrade,1.001,0.001,0.0,0.032
degrade,0.0,degrade,0.0,Z-Image-Turbo,256x256,20,18,2,sp1,0.1,0.061,0.045,True,0.34,24.91,25.98,degrade,restore_sp2,73.435,0.0,72.435,75.578
degrade,0.0,degrade,0.0,Z-Image-Turbo,256x256,20,18,2,sp1,8.0,0.061,0.045,True,8.24,32.81,33.88,degrade,restore_sp2,3.982,0.0,2.982,3.111
restore_sp2,0.0,restore_sp2,0.0,Z-Image-Turbo,256x256,20,18,2,sp1+sp2,0.1,0.061,0.045,True,0.34,0.31,1.37,restore_sp2,degrade,1.098,0.098,0.0,3.45
restore_sp2,0.0,restore_sp2,0.0,Z-Image-Turbo,256x256,20,18,2,sp1+sp2,8.0,0.061,0.045,True,8.24,8.21,9.27,restore_sp2,degrade,1.004,0.004,0.0,0.13
degrade,0.016,restore_sp2,0.0,Z-Image-Turbo,256x256,30,3,27,none,0.1,0.061,0.045,True,26.45,26.05,26.43,restore_sp2,restart,1.015,0.016,0.0,0.015
degrade,0.012,restore_sp2,0.0,Z-Image-Turbo,256x256,30,3,27,none,8.0,0.061,0.045,True,34.35,33.95,34.33,restore_sp2,restart,1.011,0.012,0.0,0.011
degrade,0.0,degrade,0.0,Z-Image-Turbo,256x256,30,3,27,sp1,0.1,0.061,0.045,True,1.85,26.05,26.43,degrade,restore_sp2,14.048,0.0,13.048,13.255
degrade,0.0,degrade,0.0,Z-Image-Turbo,256x256,30,3,27,sp1,8.0,0.061,0.045,True,9.75,33.95,34.33,degrade,restore_sp2,3.48,0.0,2.48,2.52
restore_sp2,0.0,restore_sp2,0.0,Z-Image-Turbo,256x256,30,3,27,sp1+sp2,0.1,0.061,0.045,True,1.85,1.45,1.83,restore_sp2,restart,1.265,0.282,0.0,0.265
restore_sp2,0.0,restore_sp2,0.0,Z-Image-Turbo,256x256,30,3,27,sp1+sp2,8.0,0.061,0.045,True,9.75,9.35,9.73,restore_sp2,restart,1.041,0.044,0.0,0.041
degrade,0.013,restore_sp2,0.0,Z-Image-Turbo,256x256,30,8,22,none,0.1,0.061,0.045,True,26.15,25.82,26.43,restore_sp2,degrade,1.013,0.013,0.0,0.024
degrade,0.01,restore_sp2,0.0,Z-Image-Turbo,256x256,30,8,22,none,8.0,0.061,0.045,True,34.05,33.72,34.33,restore_sp2,degrade,1.01,0.01,0.0,0.018
degrade,0.0,degrade,0.0,Z-Image-Turbo,256x256,30,8,22,sp1,0.1,0.061,0.045,True,1.55,25.82,26.43,degrade,restore_sp2,16.645,0.0,15.645,16.039
degrade,0.0,degrade,0.0,Z-Image-Turbo,256x256,30,8,22,sp1,8.0,0.061,0.045,True,9.45,33.72,34.33,degrade,restore_sp2,3.568,0.0,2.568,2.632
restore_sp2,0.0,restore_sp2,0.0,Z-Image-Turbo,256x256,30,8,22,sp1+sp2,0.1,0.061,0.045,True,1.55,1.22,1.83,restore_sp2,degrade,1.272,0.272,0.0,0.501
restore_sp2,0.0,restore_sp2,0.0,Z-Image-Turbo,256x256,30,8,22,sp1+sp2,8.0,0.061,0.045,True,9.45,9.12,9.73,restore_sp2,degrade,1.036,0.036,0.0,0.067
degrade,0.009,restore_sp2,0.0,Z-Image-Turbo,256x256,30,15,15,none,0.1,0.061,0.045,True,25.73,25.5,26.43,restore_sp2,degrade,1.009,0.009,0.0,0.036
degrade,0.007,restore_sp2,0.0,Z-Image-Turbo,256x256,30,15,15,none,8.0,0.061,0.045,True,33.63,33.4,34.33,restore_sp2,degrade,1.007,0.007,0.0,0.028
degrade,0.0,degrade,0.0,Z-Image-Turbo,256x256,30,15,15,sp1,0.1,0.061,0.045,True,1.13,25.5,26.43,degrade,restore_sp2,22.627,0.0,21.627,22.452
degrade,0.0,degrade,0.0,Z-Image-Turbo,256x256,30,15,15,sp1,8.0,0.061,0.045,True,9.03,33.4,34.33,degrade,restore_sp2,3.7,0.0,2.7,2.803
restore_sp2,0.0,restore_sp2,0.0,Z-Image-Turbo,256x256,30,15,15,sp1+sp2,0.1,0.061,0.045,True,1.13,0.9,1.83,restore_sp2,degrade,1.251,0.251,0.0,1.032
restore_sp2,0.0,restore_sp2,0.0,Z-Image-Turbo,256x256,30,15,15,sp1+sp2,8.0,0.061,0.045,True,9.03,8.8,9.73,restore_sp2,degrade,1.026,0.026,0.0,0.106
degrade,0.005,restore_sp2,0.0,Z-Image-Turbo,256x256,30,22,8,none,0.1,0.061,0.045,True,25.3,25.18,26.43,restore_sp2,degrade,1.005,0.005,0.0,0.05
degrade,0.004,restore_sp2,0.0,Z-Image-Turbo,256x256,30,22,8,none,8.0,0.061,0.045,True,33.2,33.08,34.33,restore_sp2,degrade,1.004,0.004,0.0,0.038
degrade,0.0,degrade,0.0,Z-Image-Turbo,256x256,30,22,8,sp1,0.1,0.061,0.045,True,0.7,25.18,26.43,degrade,restore_sp2,35.832,0.0,34.832,36.607
degrade,0.0,degrade,0.0,Z-Image-Turbo,256x256,30,22,8,sp1,8.0,0.061,0.045,True,8.6,33.08,34.33,degrade,restore_sp2,3.845,0.0,2.845,2.991
restore_sp2,0.0,restore_sp2,0.0,Z-Image-Turbo,256x256,30,22,8,sp1+sp2,0.1,0.061,0.045,True,0.7,0.58,1.83,restore_sp2,degrade,1.208,0.208,0.0,2.144
restore_sp2,0.0,restore_sp2,0.0,Z-Image-Turbo,256x256,30,22,8,sp1+sp2,8.0,0.061,0.045,True,8.6,8.48,9.73,restore_sp2,degrade,1.014,0.014,0.0,0.147
degrade,0.002,restore_sp2,0.0,Z-Image-Turbo,256x256,30,27,3,none,0.1,0.061,0.045,True,25.0,24.95,26.43,restore_sp2,degrade,1.002,0.002,0.0,0.059
degrade,0.001,restore_sp2,0.0,Z-Image-Turbo,256x256,30,27,3,none,8.0,0.061,0.045,True,32.9,32.85,34.33,restore_sp2,degrade,1.001,0.001,0.0,0.045
degrade,0.0,degrade,0.0,Z-Image-Turbo,256x256,30,27,3,sp1,0.1,0.061,0.045,True,0.4,24.95,26.43,degrade,restore_sp2,62.418,0.0,61.418,65.109
degrade,0.0,degrade,0.0,Z-Image-Turbo,256x256,30,27,3,sp1,8.0,0.061,0.045,True,8.3,32.85,34.33,degrade,restore_sp2,3.958,0.0,2.958,3.136
restore_sp2,0.0,restore_sp2,0.0,Z-Image-Turbo,256x256,30,27,3,sp1+sp2,0.1,0.061,0.045,True,0.4,0.35,1.83,restore_sp2,degrade,1.128,0.128,0.0,4.162
restore_sp2,0.0,restore_sp2,0.0,Z-Image-Turbo,256x256,30,27,3,sp1+sp2,8.0,0.061,0.045,True,8.3,8.25,9.73,restore_sp2,degrade,1.005,0.005,0.0,0.179
degrade,0.025,restore_sp2,0.0,Z-Image-Turbo,256x256,50,5,45,none,0.1,0.061,0.045,True,27.54,26.87,27.34,restore_sp2,restart,1.018,0.025,0.0,0.018
degrade,0.02,restore_sp2,0.0,Z-Image-Turbo,256x256,50,5,45,none,8.0,0.061,0.045,True,35.44,34.77,35.24,restore_sp2,restart,1.014,0.02,0.0,0.014
degrade,0.0,degrade,0.0,Z-Image-Turbo,256x256,50,5,45,sp1,0.1,0.061,0.045,True,2.94,26.87,27.34,degrade,restore_sp2,9.123,0.0,8.123,8.284
degrade,0.0,degrade,0.0,Z-Image-Turbo,256x256,50,5,45,sp1,8.0,0.061,0.045,True,10.84,34.77,35.24,degrade,restore_sp2,3.206,0.0,2.206,2.249
restore_sp2,0.0,restore_sp2,0.0,Z-Image-Turbo,256x256,50,5,45,sp1+sp2,0.1,0.061,0.045,True,2.94,2.27,2.74,restore_sp2,restart,1.209,0.3,0.0,0.209
restore_sp2,0.0,restore_sp2,0.0,Z-Image-Turbo,256x256,50,5,45,sp1+sp2,8.0,0.061,0.045,True,10.84,10.17,10.64,restore_sp2,restart,1.047,0.067,0.0,0.047
degrade,0.022,restore_sp2,0.0,Z-Image-Turbo,256x256,50,12,38,none,0.1,0.061,0.045,True,27.12,26.55,27.34,restore_sp2,degrade,1.022,0.022,0.0,0.03
degrade,0.017,restore_sp2,0.0,Z-Image-Turbo,256x256,50,12,38,none,8.0,0.061,0.045,True,35.02,34.45,35.24,restore_sp2,degrade,1.017,0.017,0.0,0.023
degrade,0.0,degrade,0.0,Z-Image-Turbo,256x256,50,12,38,sp1,0.1,0.061,0.045,True,2.52,26.55,27.34,degrade,restore_sp2,10.531,0.0,9.531,9.846
degrade,0.0,degrade,0.0,Z-Image-Turbo,256x256,50,12,38,sp1,8.0,0.061,0.045,True,10.42,34.45,35.24,degrade,restore_sp2,3.306,0.0,2.306,2.382
restore_sp2,0.0,restore_sp2,0.0,Z-Image-Turbo,256x256,50,12,38,sp1+sp2,0.1,0.061,0.045,True,2.52,1.95,2.74,restore_sp2,degrade,1.295,0.295,0.0,0.407
restore_sp2,0.0,restore_sp2,0.0,Z-Image-Turbo,256x256,50,12,38,sp1+sp2,8.0,0.061,0.045,True,10.42,9.85,10.64,restore_sp2,degrade,1.058,0.058,0.0,0.081
degrade,0.015,restore_sp2,0.0,Z-Image-Turbo,256x256,50,25,25,none,0.1,0.061,0.045,True,26.33,25.96,27.34,restore_sp2,degrade,1.015,0.015,0.0,0.053
degrade,0.011,restore_sp2,0.0,Z-Image-Turbo,256x256,50,25,25,none,8.0,0.061,0.045,True,34.23,33.86,35.24,restore_sp2,degrade,1.011,0.011,0.0,0.041
degrade,0.0,degrade,0.0,Z-Image-Turbo,256x256,50,25,25,sp1,0.1,0.061,0.045,True,1.73,25.96,27.34,degrade,restore_sp2,14.978,0.0,13.978,14.777
degrade,0.0,degrade,0.0,Z-Image-Turbo,256x256,50,25,25,sp1,8.0,0.061,0.045,True,9.63,33.86,35.24,degrade,restore_sp2,3.515,0.0,2.515,2.658
restore_sp2,0.0,restore_sp2,0.0,Z-Image-Turbo,256x256,50,25,25,sp1+sp2,0.1,0.061,0.045,True,1.73,1.36,2.74,restore_sp2,degrade,1.278,0.278,0.0,1.021
restore_sp2,0.0,restore_sp2,0.0,Z-Image-Turbo,256x256,50,25,25,sp1+sp2,8.0,0.061,0.045,True,9.63,9.26,10.64,restore_sp2,degrade,1.041,0.041,0.0,0.15
degrade,0.007,restore_sp2,0.0,Z-Image-Turbo,256x256,50,38,12,none,0.1,0.061,0.045,True,25.55,25.36,27.34,restore_sp2,degrade,1.007,0.007,0.0,0.078
degrade,0.005,restore_sp2,0.0,Z-Image-Turbo,256x256,50,38,12,none,8.0,0.061,0.045,True,33.45,33.26,35.24,restore_sp2,degrade,1.005,0.005,0.0,0.059
degrade,0.0,degrade,0.0,Z-Image-Turbo,256x256,50,38,12,sp1,0.1,0.061,0.045,True,0.95,25.36,27.34,degrade,restore_sp2,26.835,0.0,25.835,27.926
degrade,0.0,degrade,0.0,Z-Image-Turbo,256x256,50,38,12,sp1,8.0,0.061,0.045,True,8.85,33.26,35.24,degrade,restore_sp2,3.761,0.0,2.761,2.984
restore_sp2,0.0,restore_sp2,0.0,Z-Image-Turbo,256x256,50,38,12,sp1+sp2,0.1,0.061,0.045,True,0.95,0.76,2.74,restore_sp2,degrade,1.237,0.237,0.0,2.586
restore_sp2,0.0,restore_sp2,0.0,Z-Image-Turbo,256x256,50,38,12,sp1+sp2,8.0,0.061,0.045,True,8.85,8.66,10.64,restore_sp2,degrade,1.021,0.021,0.0,0.228
degrade,0.003,restore_sp2,0.0,Z-Image-Turbo,256x256,50,45,5,none,0.1,0.061,0.045,True,25.12,25.05,27.34,restore_sp2,degrade,1.003,0.003,0.0,0.092
degrade,0.002,restore_sp2,0.0,Z-Image-Turbo,256x256,50,45,5,none,8.0,0.061,0.045,True,33.02,32.95,35.24,restore_sp2,degrade,1.002,0.002,0.0,0.07
degrade,0.0,degrade,0.0,Z-Image-Turbo,256x256,50,45,5,sp1,0.1,0.061,0.045,True,0.52,25.05,27.34,degrade,restore_sp2,48.073,0.0,47.073,51.477
degrade,0.0,degrade,0.0,Z-Image-Turbo,256x256,50,45,5,sp1,8.0,0.061,0.045,True,8.42,32.95,35.24,degrade,restore_sp2,3.912,0.0,2.912,3.185
restore_sp2,0.0,restore_sp2,0.0,Z-Image-Turbo,256x256,50,45,5,sp1+sp2,0.1,0.061,0.045,True,0.52,0.45,2.74,restore_sp2,degrade,1.169,0.169,0.0,5.15
restore_sp2,0.0,restore_sp2,0.0,Z-Image-Turbo,256x256,50,45,5,sp1+sp2,8.0,0.061,0.045,True,8.42,8.35,10.64,restore_sp2,degrade,1.009,0.009,0.0,0.275
degrade,0.007,restore_sp2,0.0,Z-Image-Turbo,512x512,9,1,8,none,0.1,0.089,0.067,True,25.63,25.45,26.46,restore_sp2,degrade,1.007,0.007,0.0,0.039
degrade,0.005,restore_sp2,0.0,Z-Image-Turbo,512x512,9,1,8,none,8.0,0.089,0.067,True,33.53,33.35,34.36,restore_sp2,degrade,1.005,0.005,0.0,0.03
degrade,0.0,degrade,0.0,Z-Image-Turbo,512x512,9,1,8,sp1,0.1,0.089,0.067,True,1.03,25.45,26.46,degrade,restore_sp2,24.698,0.0,23.698,24.672
degrade,0.0,degrade,0.0,Z-Image-Turbo,512x512,9,1,8,sp1,8.0,0.089,0.067,True,8.93,33.35,34.36,degrade,restore_sp2,3.735,0.0,2.735,2.847
restore_sp2,0.0,restore_sp2,0.0,Z-Image-Turbo,512x512,9,1,8,sp1+sp2,0.1,0.089,0.067,True,1.03,0.85,1.86,restore_sp2,degrade,1.207,0.207,0.0,1.175
restore_sp2,0.0,restore_sp2,0.0,Z-Image-Turbo,512x512,9,1,8,sp1+sp2,8.0,0.089,0.067,True,8.93,8.75,9.76,restore_sp2,degrade,1.02,0.02,0.0,0.115
degrade,0.006,restore_sp2,0.0,Z-Image-Turbo,512x512,9,2,7,none,0.1,0.089,0.067,True,25.54,25.39,26.46,restore_sp2,degrade,1.006,0.006,0.0,0.042
degrade,0.005,restore_sp2,0.0,Z-Image-Turbo,512x512,9,2,7,none,8.0,0.089,0.067,True,33.44,33.29,34.36,restore_sp2,degrade,1.005,0.005,0.0,0.032
degrade,0.0,degrade,0.0,Z-Image-Turbo,512x512,9,2,7,sp1,0.1,0.089,0.067,True,0.94,25.39,26.46,degrade,restore_sp2,26.953,0.0,25.953,27.089
degrade,0.0,degrade,0.0,Z-Image-Turbo,512x512,9,2,7,sp1,8.0,0.089,0.067,True,8.84,33.29,34.36,degrade,restore_sp2,3.765,0.0,2.765,2.886
restore_sp2,0.0,restore_sp2,0.0,Z-Image-Turbo,512x512,9,2,7,sp1+sp2,0.1,0.089,0.067,True,0.94,0.79,1.86,restore_sp2,degrade,1.197,0.197,0.0,1.359
restore_sp2,0.0,restore_sp2,0.0,Z-Image-Turbo,512x512,9,2,7,sp1+sp2,8.0,0.089,0.067,True,8.84,8.69,9.76,restore_sp2,degrade,1.018,0.018,0.0,0.123
degrade,0.004,restore_sp2,0.0,Z-Image-Turbo,512x512,9,4,5,none,0.1,0.089,0.067,True,25.36,25.25,26.46,restore_sp2,degrade,1.004,0.004,0.0,0.048
degrade,0.003,restore_sp2,0.0,Z-Image-Turbo,512x512,9,4,5,none,8.0,0.089,0.067,True,33.26,33.15,34.36,restore_sp2,degrade,1.003,0.003,0.0,0.036
degrade,0.0,degrade,0.0,Z-Image-Turbo,512x512,9,4,5,sp1,0.1,0.089,0.067,True,0.76,25.25,26.46,degrade,restore_sp2,33.033,0.0,32.033,33.607
degrade,0.0,degrade,0.0,Z-Image-Turbo,512x512,9,4,5,sp1,8.0,0.089,0.067,True,8.66,33.15,34.36,degrade,restore_sp2,3.826,0.0,2.826,2.965
restore_sp2,0.0,restore_sp2,0.0,Z-Image-Turbo,512x512,9,4,5,sp1+sp2,0.1,0.089,0.067,True,0.76,0.65,1.86,restore_sp2,degrade,1.169,0.169,0.0,1.84
restore_sp2,0.0,restore_sp2,0.0,Z-Image-Turbo,512x512,9,4,5,sp1+sp2,8.0,0.089,0.067,True,8.66,8.55,9.76,restore_sp2,degrade,1.013,0.013,0.0,0.141
degrade,0.002,restore_sp2,0.0,Z-Image-Turbo,512x512,9,7,2,none,0.1,0.089,0.067,True,25.1,25.05,26.46,restore_sp2,degrade,1.002,0.002,0.0,0.056
degrade,0.001,restore_sp2,0.0,Z-Image-Turbo,512x512,9,7,2,none,8.0,0.089,0.067,True,33.0,32.95,34.36,restore_sp2,degrade,1.001,0.001,0.0,0.043
degrade,0.0,degrade,0.0,Z-Image-Turbo,512x512,9,7,2,sp1,0.1,0.089,0.067,True,0.5,25.05,26.46,degrade,restore_sp2,50.269,0.0,49.269,52.084
degrade,0.0,degrade,0.0,Z-Image-Turbo,512x512,9,7,2,sp1,8.0,0.089,0.067,True,8.4,32.95,34.36,degrade,restore_sp2,3.924,0.0,2.924,3.091
restore_sp2,0.0,restore_sp2,0.0,Z-Image-Turbo,512x512,9,7,2,sp1+sp2,0.1,0.089,0.067,True,0.5,0.45,1.86,restore_sp2,degrade,1.097,0.097,0.0,3.089
restore_sp2,0.0,restore_sp2,0.0,Z-Image-Turbo,512x512,9,7,2,sp1+sp2,8.0,0.089,0.067,True,8.4,8.35,9.76,restore_sp2,degrade,1.005,0.005,0.0,0.168
degrade,0.001,restore_sp2,0.0,Z-Image-Turbo,512x512,9,8,1,none,0.1,0.089,0.067,True,25.01,24.99,26.46,restore_sp2,degrade,1.001,0.001,0.0,0.059
degrade,0.001,restore_sp2,0.0,Z-Image-Turbo,512x512,9,8,1,none,8.0,0.089,0.067,True,32.91,32.89,34.36,restore_sp2,degrade,1.001,0.001,0.0,0.045
degrade,0.0,degrade,0.0,Z-Image-Turbo,512x512,9,8,1,sp1,0.1,0.089,0.067,True,0.41,24.99,26.46,degrade,restore_sp2,60.99,0.0,59.99,63.577
degrade,0.0,degrade,0.0,Z-Image-Turbo,512x512,9,8,1,sp1,8.0,0.089,0.067,True,8.31,32.89,34.36,degrade,restore_sp2,3.958,0.0,2.958,3.135
restore_sp2,0.0,restore_sp2,0.0,Z-Image-Turbo,512x512,9,8,1,sp1+sp2,0.1,0.089,0.067,True,0.41,0.39,1.86,restore_sp2,degrade,1.057,0.057,0.0,3.792
restore_sp2,0.0,restore_sp2,0.0,Z-Image-Turbo,512x512,9,8,1,sp1+sp2,8.0,0.089,0.067,True,8.31,8.29,9.76,restore_sp2,degrade,1.003,0.003,0.0,0.177
degrade,0.015,restore_sp2,0.0,Z-Image-Turbo,512x512,20,2,18,none,0.1,0.089,0.067,True,26.52,26.12,27.19,restore_sp2,degrade,1.015,0.015,0.0,0.041
degrade,0.012,restore_sp2,0.0,Z-Image-Turbo,512x512,20,2,18,none,8.0,0.089,0.067,True,34.42,34.02,35.09,restore_sp2,degrade,1.012,0.012,0.0,0.031
degrade,0.0,degrade,0.0,Z-Image-Turbo,512x512,20,2,18,sp1,0.1,0.089,0.067,True,1.92,26.12,27.19,degrade,restore_sp2,13.621,0.0,12.621,13.179
degrade,0.0,degrade,0.0,Z-Image-Turbo,512x512,20,2,18,sp1,8.0,0.089,0.067,True,9.82,34.02,35.09,degrade,restore_sp2,3.465,0.0,2.465,2.574
restore_sp2,0.0,restore_sp2,0.0,Z-Image-Turbo,512x512,20,2,18,sp1+sp2,0.1,0.089,0.067,True,1.92,1.52,2.59,restore_sp2,degrade,1.262,0.262,0.0,0.704
restore_sp2,0.0,restore_sp2,0.0,Z-Image-Turbo,512x512,20,2,18,sp1+sp2,8.0,0.089,0.067,True,9.82,9.42,10.49,restore_sp2,degrade,1.042,0.042,0.0,0.114
degrade,0.013,restore_sp2,0.0,Z-Image-Turbo,512x512,20,5,15,none,0.1,0.089,0.067,True,26.25,25.92,27.19,restore_sp2,degrade,1.013,0.013,0.0,0.049
degrade,0.01,restore_sp2,0.0,Z-Image-Turbo,512x512,20,5,15,none,8.0,0.089,0.067,True,34.15,33.82,35.09,restore_sp2,degrade,1.01,0.01,0.0,0.038
degrade,0.0,degrade,0.0,Z-Image-Turbo,512x512,20,5,15,sp1,0.1,0.089,0.067,True,1.65,25.92,27.19,degrade,restore_sp2,15.695,0.0,14.695,15.464
degrade,0.0,degrade,0.0,Z-Image-Turbo,512x512,20,5,15,sp1,8.0,0.089,0.067,True,9.55,33.82,35.09,degrade,restore_sp2,3.541,0.0,2.541,2.674
restore_sp2,0.0,restore_sp2,0.0,Z-Image-Turbo,512x512,20,5,15,sp1+sp2,0.1,0.089,0.067,True,1.65,1.32,2.59,restore_sp2,degrade,1.251,0.251,0.0,0.962
restore_sp2,0.0,restore_sp2,0.0,Z-Image-Turbo,512x512,20,5,15,sp1+sp2,8.0,0.089,0.067,True,9.55,9.22,10.49,restore_sp2,degrade,1.036,0.036,0.0,0.138
degrade,0.009,restore_sp2,0.0,Z-Image-Turbo,512x512,20,10,10,none,0.1,0.089,0.067,True,25.81,25.59,27.19,restore_sp2,degrade,1.009,0.009,0.0,0.063
degrade,0.007,restore_sp2,0.0,Z-Image-Turbo,512x512,20,10,10,none,8.0,0.089,0.067,True,33.71,33.49,35.09,restore_sp2,degrade,1.007,0.007,0.0,0.048
degrade,0.0,degrade,0.0,Z-Image-Turbo,512x512,20,10,10,sp1,0.1,0.089,0.067,True,1.21,25.59,27.19,degrade,restore_sp2,21.181,0.0,20.181,21.508
degrade,0.0,degrade,0.0,Z-Image-Turbo,512x512,20,10,10,sp1,8.0,0.089,0.067,True,9.11,33.49,35.09,degrade,restore_sp2,3.677,0.0,2.677,2.853
restore_sp2,0.0,restore_sp2,0.0,Z-Image-Turbo,512x512,20,10,10,sp1+sp2,0.1,0.089,0.067,True,1.21,0.99,2.59,restore_sp2,degrade,1.224,0.224,0.0,1.624
restore_sp2,0.0,restore_sp2,0.0,Z-Image-Turbo,512x512,20,10,10,sp1+sp2,8.0,0.089,0.067,True,9.11,8.89,10.49,restore_sp2,degrade,1.025,0.025,0.0,0.18
degrade,0.004,restore_sp2,0.0,Z-Image-Turbo,512x512,20,15,5,none,0.1,0.089,0.067,True,25.36,25.25,27.19,restore_sp2,degrade,1.004,0.004,0.0,0.077
degrade,0.003,restore_sp2,0.0,Z-Image-Turbo,512x512,20,15,5,none,8.0,0.089,0.067,True,33.26,33.15,35.09,restore_sp2,degrade,1.003,0.003,0.0,0.058
degrade,0.0,degrade,0.0,Z-Image-Turbo,512x512,20,15,5,sp1,0.1,0.089,0.067,True,0.76,25.25,27.19,degrade,restore_sp2,33.033,0.0,32.033,34.566
degrade,0.0,degrade,0.0,Z-Image-Turbo,512x512,20,15,5,sp1,8.0,0.089,0.067,True,8.66,33.15,35.09,degrade,restore_sp2,3.826,0.0,2.826,3.05
restore_sp2,0.0,restore_sp2,0.0,Z-Image-Turbo,512x512,20,15,5,sp1+sp2,0.1,0.089,0.067,True,0.76,0.65,2.59,restore_sp2,degrade,1.169,0.169,0.0,2.96
restore_sp2,0.0,restore_sp2,0.0,Z-Image-Turbo,512x512,20,15,5,sp1+sp2,8.0,0.089,0.067,True,8.66,8.55,10.49,restore_sp2,degrade,1.013,0.013,0.0,0.226
degrade,0.002,restore_sp2,0.0,Z-Image-Turbo,512x512,20,18,2,none,0.1,0.089,0.067,True,25.1,25.05,27.19,restore_sp2,degrade,1.002,0.002,0.0,0.085
degrade,0.001,restore_sp2,0.0,Z-Image-Turbo,512x512,20,18,2,none,8.0,0.089,0.067,True,33.0,32.95,35.09,restore_sp2,degrade,1.001,0.001,0.0,0.065
degrade,0.0,degrade,0.0,Z-Image-Turbo,512x512,20,18,2,sp1,0.1,0.089,0.067,True,0.5,25.05,27.19,degrade,restore_sp2,50.269,0.0,49.269,53.554
degrade,0.0,degrade,0.0,Z-Image-Turbo,512x512,20,18,2,sp1,8.0,0.089,0.067,True,8.4,32.95,35.09,degrade,restore_sp2,3.924,0.0,2.924,3.178
restore_sp2,0.0,restore_sp2,0.0,Z-Image-Turbo,512x512,20,18,2,sp1+sp2,0.1,0.089,0.067,True,0.5,0.45,2.59,restore_sp2,degrade,1.097,0.097,0.0,4.702
restore_sp2,0.0,restore_sp2,0.0,Z-Image-Turbo,512x512,20,18,2,sp1+sp2,8.0,0.089,0.067,True,8.4,8.35,10.49,restore_sp2,degrade,1.005,0.005,0.0,0.256
degrade,0.022,restore_sp2,0.0,Z-Image-Turbo,512x512,30,3,27,none,0.1,0.089,0.067,True,27.32,26.72,27.86,restore_sp2,degrade,1.022,0.022,0.0,0.043
degrade,0.017,restore_sp2,0.0,Z-Image-Turbo,512x512,30,3,27,none,8.0,0.089,0.067,True,35.22,34.62,35.76,restore_sp2,degrade,1.017,0.017,0.0,0.033
degrade,0.0,degrade,0.0,Z-Image-Turbo,512x512,30,3,27,sp1,0.1,0.089,0.067,True,2.72,26.72,27.86,degrade,restore_sp2,9.838,0.0,8.838,9.257
degrade,0.0,degrade,0.0,Z-Image-Turbo,512x512,30,3,27,sp1,8.0,0.089,0.067,True,10.62,34.62,35.76,degrade,restore_sp2,3.261,0.0,2.261,2.368
restore_sp2,0.0,restore_sp2,0.0,Z-Image-Turbo,512x512,30,3,27,sp1+sp2,0.1,0.089,0.067,True,2.72,2.12,3.26,restore_sp2,degrade,1.282,0.282,0.0,0.536
restore_sp2,0.0,restore_sp2,0.0,Z-Image-Turbo,512x512,30,3,27,sp1+sp2,8.0,0.089,0.067,True,10.62,10.02,11.16,restore_sp2,degrade,1.06,0.06,0.0,0.113
degrade,0.018,restore_sp2,0.0,Z-Image-Turbo,512x512,30,8,22,none,0.1,0.089,0.067,True,26.87,26.39,27.86,restore_sp2,degrade,1.018,0.018,0.0,0.056
degrade,0.014,restore_sp2,0.0,Z-Image-Turbo,512x512,30,8,22,none,8.0,0.089,0.067,True,34.77,34.29,35.76,restore_sp2,degrade,1.014,0.014,0.0,0.043
degrade,0.0,degrade,0.0,Z-Image-Turbo,512x512,30,8,22,sp1,0.1,0.089,0.067,True,2.27,26.39,27.86,degrade,restore_sp2,11.612,0.0,10.612,11.258
degrade,0.0,degrade,0.0,Z-Image-Turbo,512x512,30,8,22,sp1,8.0,0.089,0.067,True,10.17,34.29,35.76,degrade,restore_sp2,3.371,0.0,2.371,2.515
restore_sp2,0.0,restore_sp2,0.0,Z-Image-Turbo,512x512,30,8,22,sp1+sp2,0.1,0.089,0.067,True,2.27,1.79,3.26,restore_sp2,degrade,1.272,0.272,0.0,0.823
restore_sp2,0.0,restore_sp2,0.0,Z-Image-Turbo,512x512,30,8,22,sp1+sp2,8.0,0.089,0.067,True,10.17,9.69,11.16,restore_sp2,degrade,1.05,0.05,0.0,0.152
degrade,0.013,restore_sp2,0.0,Z-Image-Turbo,512x512,30,15,15,none,0.1,0.089,0.067,True,26.25,25.92,27.86,restore_sp2,degrade,1.013,0.013,0.0,0.075
degrade,0.01,restore_sp2,0.0,Z-Image-Turbo,512x512,30,15,15,none,8.0,0.089,0.067,True,34.15,33.82,35.76,restore_sp2,degrade,1.01,0.01,0.0,0.057
degrade,0.0,degrade,0.0,Z-Image-Turbo,512x512,30,15,15,sp1,0.1,0.089,0.067,True,1.65,25.92,27.86,degrade,restore_sp2,15.695,0.0,14.695,15.867
degrade,0.0,degrade,0.0,Z-Image-Turbo,512x512,30,15,15,sp1,8.0,0.089,0.067,True,9.55,33.82,35.76,degrade,restore_sp2,3.541,0.0,2.541,2.743
restore_sp2,0.0,restore_sp2,0.0,Z-Image-Turbo,512x512,30,15,15,sp1+sp2,0.1,0.089,0.067,True,1.65,1.32,3.26,restore_sp2,degrade,1.251,0.251,0.0,1.467
restore_sp2,0.0,restore_sp2,0.0,Z-Image-Turbo,512x512,30,15,15,sp1+sp2,8.0,0.089,0.067,True,9.55,9.22,11.16,restore_sp2,degrade,1.036,0.036,0.0,0.21
degrade,0.007,restore_sp2,0.0,Z-Image-Turbo,512x512,30,22,8,none,0.1,0.089,0.067,True,25.63,25.45,27.86,restore_sp2,degrade,1.007,0.007,0.0,0.094
degrade,0.005,restore_sp2,0.0,Z-Image-Turbo,512x512,30,22,8,none,8.0,0.089,0.067,True,33.53,33.35,35.76,restore_sp2,degrade,1.005,0.005,0.0,0.072
degrade,0.0,degrade,0.0,Z-Image-Turbo,512x512,30,22,8,sp1,0.1,0.089,0.067,True,1.03,25.45,27.86,degrade,restore_sp2,24.698,0.0,23.698,26.029
degrade,0.0,degrade,0.0,Z-Image-Turbo,512x512,30,22,8,sp1,8.0,0.089,0.067,True,8.93,33.35,35.76,degrade,restore_sp2,3.735,0.0,2.735,3.004
restore_sp2,0.0,restore_sp2,0.0,Z-Image-Turbo,512x512,30,22,8,sp1+sp2,0.1,0.089,0.067,True,1.03,0.85,3.26,restore_sp2,degrade,1.207,0.207,0.0,2.813
restore_sp2,0.0,restore_sp2,0.0,Z-Image-Turbo,512x512,30,22,8,sp1+sp2,8.0,0.089,0.067,True,8.93,8.75,11.16,restore_sp2,degrade,1.02,0.02,0.0,0.274
degrade,0.003,restore_sp2,0.0,Z-Image-Turbo,512x512,30,27,3,none,0.1,0.089,0.067,True,25.19,25.12,27.86,restore_sp2,degrade,1.003,0.003,0.0,0.109
degrade,0.002,restore_sp2,0.0,Z-Image-Turbo,512x512,30,27,3,none,8.0,0.089,0.067,True,33.09,33.02,35.76,restore_sp2,degrade,1.002,0.002,0.0,0.083
degrade,0.0,degrade,0.0,Z-Image-Turbo,512x512,30,27,3,sp1,0.1,0.089,0.067,True,0.59,25.12,27.86,degrade,restore_sp2,42.788,0.0,41.788,46.446
degrade,0.0,degrade,0.0,Z-Image-Turbo,512x512,30,27,3,sp1,8.0,0.089,0.067,True,8.49,33.02,35.76,degrade,restore_sp2,3.891,0.0,2.891,3.213
restore_sp2,0.0,restore_sp2,0.0,Z-Image-Turbo,512x512,30,27,3,sp1+sp2,0.1,0.089,0.067,True,0.59,0.52,3.26,restore_sp2,degrade,1.127,0.127,0.0,5.252
restore_sp2,0.0,restore_sp2,0.0,Z-Image-Turbo,512x512,30,27,3,sp1+sp2,8.0,0.089,0.067,True,8.49,8.42,11.16,restore_sp2,degrade,1.008,0.008,0.0,0.325
degrade,0.036,restore_sp2,0.0,Z-Image-Turbo,512x512,50,5,45,none,0.1,0.089,0.067,True,28.91,27.92,29.19,restore_sp2,degrade,1.036,0.036,0.0,0.045
degrade,0.028,restore_sp2,0.0,Z-Image-Turbo,512x512,50,5,45,none,8.0,0.089,0.067,True,36.81,35.82,37.09,restore_sp2,degrade,1.028,0.028,0.0,0.035
degrade,0.0,degrade,0.0,Z-Image-Turbo,512x512,50,5,45,sp1,0.1,0.089,0.067,True,4.31,27.92,29.19,degrade,restore_sp2,6.474,0.0,5.474,5.768
degrade,0.0,degrade,0.0,Z-Image-Turbo,512x512,50,5,45,sp1,8.0,0.089,0.067,True,12.21,35.82,37.09,degrade,restore_sp2,2.933,0.0,1.933,2.037
restore_sp2,0.0,restore_sp2,0.0,Z-Image-Turbo,512x512,50,5,45,sp1+sp2,0.1,0.089,0.067,True,4.31,3.32,4.59,restore_sp2,degrade,1.3,0.3,0.0,0.383
restore_sp2,0.0,restore_sp2,0.0,Z-Image-Turbo,512x512,50,5,45,sp1+sp2,8.0,0.089,0.067,True,12.21,11.22,12.49,restore_sp2,degrade,1.089,0.089,0.0,0.113
degrade,0.031,restore_sp2,0.0,Z-Image-Turbo,512x512,50,12,38,none,0.1,0.089,0.067,True,28.29,27.45,29.19,restore_sp2,degrade,1.031,0.031,0.0,0.063
degrade,0.024,restore_sp2,0.0,Z-Image-Turbo,512x512,50,12,38,none,8.0,0.089,0.067,True,36.19,35.35,37.09,restore_sp2,degrade,1.024,0.024,0.0,0.049
degrade,0.0,degrade,0.0,Z-Image-Turbo,512x512,50,12,38,sp1,0.1,0.089,0.067,True,3.69,27.45,29.19,degrade,restore_sp2,7.436,0.0,6.436,6.907
degrade,0.0,degrade,0.0,Z-Image-Turbo,512x512,50,12,38,sp1,8.0,0.089,0.067,True,11.59,35.35,37.09,degrade,restore_sp2,3.05,0.0,2.05,2.2
restore_sp2,0.0,restore_sp2,0.0,Z-Image-Turbo,512x512,50,12,38,sp1+sp2,0.1,0.089,0.067,True,3.69,2.85,4.59,restore_sp2,degrade,1.294,0.294,0.0,0.609
restore_sp2,0.0,restore_sp2,0.0,Z-Image-Turbo,512x512,50,12,38,sp1+sp2,8.0,0.089,0.067,True,11.59,10.75,12.49,restore_sp2,degrade,1.078,0.078,0.0,0.161
degrade,0.021,restore_sp2,0.0,Z-Image-Turbo,512x512,50,25,25,none,0.1,0.089,0.067,True,27.14,26.59,29.19,restore_sp2,degrade,1.021,0.021,0.0,0.098
degrade,0.016,restore_sp2,0.0,Z-Image-Turbo,512x512,50,25,25,none,8.0,0.089,0.067,True,35.04,34.49,37.09,restore_sp2,degrade,1.016,0.016,0.0,0.075
degrade,0.0,degrade,0.0,Z-Image-Turbo,512x512,50,25,25,sp1,0.1,0.089,0.067,True,2.54,26.59,29.19,degrade,restore_sp2,10.473,0.0,9.473,10.498
degrade,0.0,degrade,0.0,Z-Image-Turbo,512x512,50,25,25,sp1,8.0,0.089,0.067,True,10.44,34.49,37.09,degrade,restore_sp2,3.304,0.0,2.304,2.553
restore_sp2,0.0,restore_sp2,0.0,Z-Image-Turbo,512x512,50,25,25,sp1+sp2,0.1,0.089,0.067,True,2.54,1.99,4.59,restore_sp2,degrade,1.278,0.278,0.0,1.31
restore_sp2,0.0,restore_sp2,0.0,Z-Image-Turbo,512x512,50,25,25,sp1+sp2,8.0,0.089,0.067,True,10.44,9.89,12.49,restore_sp2,degrade,1.056,0.056,0.0,0.263
degrade,0.01,restore_sp2,0.0,Z-Image-Turbo,512x512,50,38,12,none,0.1,0.089,0.067,True,25.99,25.72,29.19,restore_sp2,degrade,1.01,0.01,0.0,0.135
degrade,0.008,restore_sp2,0.0,Z-Image-Turbo,512x512,50,38,12,none,8.0,0.089,0.067,True,33.89,33.62,37.09,restore_sp2,degrade,1.008,0.008,0.0,0.103
degrade,0.0,degrade,0.0,Z-Image-Turbo,512x512,50,38,12,sp1,0.1,0.089,0.067,True,1.39,25.72,29.19,degrade,restore_sp2,18.565,0.0,17.565,20.068
degrade,0.0,degrade,0.0,Z-Image-Turbo,512x512,50,38,12,sp1,8.0,0.089,0.067,True,9.29,33.62,37.09,degrade,restore_sp2,3.621,0.0,2.621,2.994
restore_sp2,0.0,restore_sp2,0.0,Z-Image-Turbo,512x512,50,38,12,sp1+sp2,0.1,0.089,0.067,True,1.39,1.12,4.59,restore_sp2,degrade,1.237,0.237,0.0,3.096
restore_sp2,0.0,restore_sp2,0.0,Z-Image-Turbo,512x512,50,38,12,sp1+sp2,8.0,0.089,0.067,True,9.29,9.02,12.49,restore_sp2,degrade,1.029,0.029,0.0,0.384
degrade,0.004,restore_sp2,0.0,Z-Image-Turbo,512x512,50,45,5,none,0.1,0.089,0.067,True,25.36,25.25,29.19,restore_sp2,degrade,1.004,0.004,0.0,0.156
degrade,0.003,restore_sp2,0.0,Z-Image-Turbo,512x512,50,45,5,none,8.0,0.089,0.067,True,33.26,33.15,37.09,restore_sp2,degrade,1.003,0.003,0.0,0.119
degrade,0.0,degrade,0.0,Z-Image-Turbo,512x512,50,45,5,sp1,0.1,0.089,0.067,True,0.76,25.25,29.19,degrade,restore_sp2,33.033,0.0,32.033,37.179
degrade,0.0,degrade,0.0,Z-Image-Turbo,512x512,50,45,5,sp1,8.0,0.089,0.067,True,8.66,33.15,37.09,degrade,restore_sp2,3.826,0.0,2.826,3.28
restore_sp2,0.0,restore_sp2,0.0,Z-Image-Turbo,512x512,50,45,5,sp1+sp2,0.1,0.089,0.067,True,0.76,0.65,4.59,restore_sp2,degrade,1.169,0.169,0.0,6.015
restore_sp2,0.0,restore_sp2,0.0,Z-Image-Turbo,512x512,50,45,5,sp1+sp2,8.0,0.089,0.067,True,8.66,8.55,12.49,restore_sp2,degrade,1.013,0.013,0.0,0.46
degrade,0.022,restore_sp2,0.0,Z-Image-Turbo,1024x1024,9,1,8,none,0.1,0.295,0.221,False,27.58,26.99,27.51,restore_sp2,restart,1.019,0.022,0.0,0.019
degrade,0.017,restore_sp2,0.0,Z-Image-Turbo,1024x1024,9,1,8,none,8.0,0.295,0.221,False,35.48,34.89,35.41,restore_sp2,restart,1.015,0.017,0.0,0.015
degrade,0.0,degrade,0.0,Z-Image-Turbo,1024x1024,9,1,8,sp1,0.1,0.295,0.221,False,2.98,26.99,27.51,degrade,restore_sp2,9.065,0.0,8.065,8.24
degrade,0.0,degrade,0.0,Z-Image-Turbo,1024x1024,9,1,8,sp1,8.0,0.295,0.221,False,10.88,34.89,35.41,degrade,restore_sp2,3.207,0.0,2.207,2.255
restore_sp2,0.0,restore_sp2,0.0,Z-Image-Turbo,1024x1024,9,1,8,sp1+sp2,0.1,0.295,0.221,False,2.98,2.39,2.91,restore_sp2,restart,1.218,0.247,0.0,0.218
restore_sp2,0.0,restore_sp2,0.0,Z-Image-Turbo,1024x1024,9,1,8,sp1+sp2,8.0,0.295,0.221,False,10.88,10.29,10.81,restore_sp2,restart,1.051,0.057,0.0,0.051
degrade,0.019,restore_sp2,0.0,Z-Image-Turbo,1024x1024,9,2,7,none,0.1,0.295,0.221,False,27.28,26.77,27.51,restore_sp2,degrade,1.019,0.019,0.0,0.028
degrade,0.015,restore_sp2,0.0,Z-Image-Turbo,1024x1024,9,2,7,none,8.0,0.295,0.221,False,35.18,34.67,35.41,restore_sp2,degrade,1.015,0.015,0.0,0.021
degrade,0.0,degrade,0.0,Z-Image-Turbo,1024x1024,9,2,7,sp1,0.1,0.295,0.221,False,2.68,26.77,27.51,degrade,restore_sp2,9.98,0.0,8.98,9.256
degrade,0.0,degrade,0.0,Z-Image-Turbo,1024x1024,9,2,7,sp1,8.0,0.295,0.221,False,10.58,34.67,35.41,degrade,restore_sp2,3.276,0.0,2.276,2.346
restore_sp2,0.0,restore_sp2,0.0,Z-Image-Turbo,1024x1024,9,2,7,sp1+sp2,0.1,0.295,0.221,False,2.68,2.17,2.91,restore_sp2,degrade,1.238,0.238,0.0,0.343
restore_sp2,0.0,restore_sp2,0.0,Z-Image-Turbo,1024x1024,9,2,7,sp1+sp2,8.0,0.295,0.221,False,10.58,10.07,10.81,restore_sp2,degrade,1.051,0.051,0.0,0.074
degrade,0.014,restore_sp2,0.0,Z-Image-Turbo,1024x1024,9,4,5,none,0.1,0.295,0.221,False,26.69,26.32,27.51,restore_sp2,degrade,1.014,0.014,0.0,0.045
degrade,0.011,restore_sp2,0.0,Z-Image-Turbo,1024x1024,9,4,5,none,8.0,0.295,0.221,False,34.59,34.22,35.41,restore_sp2,degrade,1.011,0.011,0.0,0.035
degrade,0.0,degrade,0.0,Z-Image-Turbo,1024x1024,9,4,5,sp1,0.1,0.295,0.221,False,2.09,26.32,27.51,degrade,restore_sp2,12.582,0.0,11.582,12.149
degrade,0.0,degrade,0.0,Z-Image-Turbo,1024x1024,9,4,5,sp1,8.0,0.295,0.221,False,9.99,34.22,35.41,degrade,restore_sp2,3.425,0.0,2.425,2.544
restore_sp2,0.0,restore_sp2,0.0,Z-Image-Turbo,1024x1024,9,4,5,sp1+sp2,0.1,0.295,0.221,False,2.09,1.72,2.91,restore_sp2,degrade,1.214,0.214,0.0,0.688
restore_sp2,0.0,restore_sp2,0.0,Z-Image-Turbo,1024x1024,9,4,5,sp1+sp2,8.0,0.295,0.221,False,9.99,9.62,10.81,restore_sp2,degrade,1.038,0.038,0.0,0.123
degrade,0.006,restore_sp2,0.0,Z-Image-Turbo,1024x1024,9,7,2,none,0.1,0.295,0.221,False,25.81,25.66,27.51,restore_sp2,degrade,1.006,0.006,0.0,0.072
degrade,0.004,restore_sp2,0.0,Z-Image-Turbo,1024x1024,9,7,2,none,8.0,0.295,0.221,False,33.71,33.56,35.41,restore_sp2,degrade,1.004,0.004,0.0,0.055
degrade,0.0,degrade,0.0,Z-Image-Turbo,1024x1024,9,7,2,sp1,0.1,0.295,0.221,False,1.21,25.66,27.51,degrade,restore_sp2,21.257,0.0,20.257,21.789
degrade,0.0,degrade,0.0,Z-Image-Turbo,1024x1024,9,7,2,sp1,8.0,0.295,0.221,False,9.11,33.56,35.41,degrade,restore_sp2,3.685,0.0,2.685,2.888
restore_sp2,0.0,restore_sp2,0.0,Z-Image-Turbo,1024x1024,9,7,2,sp1+sp2,0.1,0.295,0.221,False,1.21,1.06,2.91,restore_sp2,degrade,1.139,0.139,0.0,1.745
restore_sp2,0.0,restore_sp2,0.0,Z-Image-Turbo,1024x1024,9,7,2,sp1+sp2,8.0,0.295,0.221,False,9.11,8.96,10.81,restore_sp2,degrade,1.016,0.016,0.0,0.206
degrade,0.003,restore_sp2,0.0,Z-Image-Turbo,1024x1024,9,8,1,none,0.1,0.295,0.221,False,25.51,25.44,27.51,restore_sp2,degrade,1.003,0.003,0.0,0.081
degrade,0.002,restore_sp2,0.0,Z-Image-Turbo,1024x1024,9,8,1,none,8.0,0.295,0.221,False,33.41,33.34,35.41,restore_sp2,degrade,1.002,0.002,0.0,0.062
degrade,0.0,degrade,0.0,Z-Image-Turbo,1024x1024,9,8,1,sp1,0.1,0.295,0.221,False,0.91,25.44,27.51,degrade,restore_sp2,27.89,0.0,26.89,29.16
degrade,0.0,degrade,0.0,Z-Image-Turbo,1024x1024,9,8,1,sp1,8.0,0.295,0.221,False,8.81,33.34,35.41,degrade,restore_sp2,3.783,0.0,2.783,3.018
restore_sp2,0.0,restore_sp2,0.0,Z-Image-Turbo,1024x1024,9,8,1,sp1+sp2,0.1,0.295,0.221,False,0.91,0.84,2.91,restore_sp2,degrade,1.088,0.088,0.0,2.469
restore_sp2,0.0,restore_sp2,0.0,Z-Image-Turbo,1024x1024,9,8,1,sp1+sp2,8.0,0.295,0.221,False,8.81,8.74,10.81,restore_sp2,degrade,1.008,0.008,0.0,0.237
degrade,0.045,restore_sp2,0.0,Z-Image-Turbo,1024x1024,20,2,18,none,0.1,0.295,0.221,False,30.53,29.2,29.94,restore_sp2,restart,1.025,0.045,0.0,0.025
degrade,0.036,restore_sp2,0.0,Z-Image-Turbo,1024x1024,20,2,18,none,8.0,0.295,0.221,False,38.43,37.1,37.84,restore_sp2,restart,1.02,0.036,0.0,0.02
degrade,0.0,degrade,0.0,Z-Image-Turbo,1024x1024,20,2,18,sp1,0.1,0.295,0.221,False,5.93,29.2,29.94,degrade,restore_sp2,4.927,0.0,3.927,4.052
degrade,0.0,degrade,0.0,Z-Image-Turbo,1024x1024,20,2,18,sp1,8.0,0.295,0.221,False,13.83,37.1,37.84,degrade,restore_sp2,2.683,0.0,1.683,1.737
restore_sp2,0.0,restore_sp2,0.0,Z-Image-Turbo,1024x1024,20,2,18,sp1+sp2,0.1,0.295,0.221,False,5.93,4.6,5.34,restore_sp2,restart,1.161,0.288,0.0,0.161
restore_sp2,0.0,restore_sp2,0.0,Z-Image-Turbo,1024x1024,20,2,18,sp1+sp2,8.0,0.295,0.221,False,13.83,12.5,13.24,restore_sp2,restart,1.059,0.106,0.0,0.059
degrade,0.039,restore_sp2,0.0,Z-Image-Turbo,1024x1024,20,5,15,none,0.1,0.295,0.221,False,29.64,28.54,29.94,restore_sp2,degrade,1.039,0.039,0.0,0.049
degrade,0.03,restore_sp2,0.0,Z-Image-Turbo,1024x1024,20,5,15,none,8.0,0.295,0.221,False,37.54,36.44,37.84,restore_sp2,degrade,1.03,0.03,0.0,0.039
degrade,0.0,degrade,0.0,Z-Image-Turbo,1024x1024,20,5,15,sp1,0.1,0.295,0.221,False,5.04,28.54,29.94,degrade,restore_sp2,5.66,0.0,4.66,4.939
degrade,0.0,degrade,0.0,Z-Image-Turbo,1024x1024,20,5,15,sp1,8.0,0.295,0.221,False,12.94,36.44,37.84,degrade,restore_sp2,2.815,0.0,1.815,1.924
restore_sp2,0.0,restore_sp2,0.0,Z-Image-Turbo,1024x1024,20,5,15,sp1+sp2,0.1,0.295,0.221,False,5.04,3.94,5.34,restore_sp2,degrade,1.281,0.281,0.0,0.357
restore_sp2,0.0,restore_sp2,0.0,Z-Image-Turbo,1024x1024,20,5,15,sp1+sp2,8.0,0.295,0.221,False,12.94,11.84,13.24,restore_sp2,degrade,1.093,0.093,0.0,0.119
degrade,0.027,restore_sp2,0.0,Z-Image-Turbo,1024x1024,20,10,10,none,0.1,0.295,0.221,False,28.17,27.43,29.94,restore_sp2,degrade,1.027,0.027,0.0,0.092
degrade,0.021,restore_sp2,0.0,Z-Image-Turbo,1024x1024,20,10,10,none,8.0,0.295,0.221,False,36.07,35.33,37.84,restore_sp2,degrade,1.021,0.021,0.0,0.071
degrade,0.0,degrade,0.0,Z-Image-Turbo,1024x1024,20,10,10,sp1,0.1,0.295,0.221,False,3.57,27.43,29.94,degrade,restore_sp2,7.69,0.0,6.69,7.394
degrade,0.0,degrade,0.0,Z-Image-Turbo,1024x1024,20,10,10,sp1,8.0,0.295,0.221,False,11.47,35.33,37.84,degrade,restore_sp2,3.081,0.0,2.081,2.3
restore_sp2,0.0,restore_sp2,0.0,Z-Image-Turbo,1024x1024,20,10,10,sp1+sp2,0.1,0.295,0.221,False,3.57,2.83,5.34,restore_sp2,degrade,1.26,0.26,0.0,0.888
restore_sp2,0.0,restore_sp2,0.0,Z-Image-Turbo,1024x1024,20,10,10,sp1+sp2,8.0,0.295,0.221,False,11.47,10.73,13.24,restore_sp2,degrade,1.069,0.069,0.0,0.234
degrade,0.014,restore_sp2,0.0,Z-Image-Turbo,1024x1024,20,15,5,none,0.1,0.295,0.221,False,26.69,26.32,29.94,restore_sp2,degrade,1.014,0.014,0.0,0.137
degrade,0.011,restore_sp2,0.0,Z-Image-Turbo,1024x1024,20,15,5,none,8.0,0.295,0.221,False,34.59,34.22,37.84,restore_sp2,degrade,1.011,0.011,0.0,0.106
degrade,0.0,degrade,0.0,Z-Image-Turbo,1024x1024,20,15,5,sp1,0.1,0.295,0.221,False,2.09,26.32,29.94,degrade,restore_sp2,12.582,0.0,11.582,13.312
degrade,0.0,degrade,0.0,Z-Image-Turbo,1024x1024,20,15,5,sp1,8.0,0.295,0.221,False,9.99,34.22,37.84,degrade,restore_sp2,3.425,0.0,2.425,2.787
restore_sp2,0.0,restore_sp2,0.0,Z-Image-Turbo,1024x1024,20,15,5,sp1+sp2,0.1,0.295,0.221,False,2.09,1.72,5.34,restore_sp2,degrade,1.214,0.214,0.0,2.1
restore_sp2,0.0,restore_sp2,0.0,Z-Image-Turbo,1024x1024,20,15,5,sp1+sp2,8.0,0.295,0.221,False,9.99,9.62,13.24,restore_sp2,degrade,1.038,0.038,0.0,0.376
degrade,0.006,restore_sp2,0.0,Z-Image-Turbo,1024x1024,20,18,2,none,0.1,0.295,0.221,False,25.81,25.66,29.94,restore_sp2,degrade,1.006,0.006,0.0,0.167
degrade,0.004,restore_sp2,0.0,Z-Image-Turbo,1024x1024,20,18,2,none,8.0,0.295,0.221,False,33.71,33.56,37.84,restore_sp2,degrade,1.004,0.004,0.0,0.128
degrade,0.0,degrade,0.0,Z-Image-Turbo,1024x1024,20,18,2,sp1,0.1,0.295,0.221,False,1.21,25.66,29.94,degrade,restore_sp2,21.257,0.0,20.257,23.806
degrade,0.0,degrade,0.0,Z-Image-Turbo,1024x1024,20,18,2,sp1,8.0,0.295,0.221,False,9.11,33.56,37.84,degrade,restore_sp2,3.685,0.0,2.685,3.155
restore_sp2,0.0,restore_sp2,0.0,Z-Image-Turbo,1024x1024,20,18,2,sp1+sp2,0.1,0.295,0.221,False,1.21,1.06,5.34,restore_sp2,degrade,1.139,0.139,0.0,4.042
restore_sp2,0.0,restore_sp2,0.0,Z-Image-Turbo,1024x1024,20,18,2,sp1+sp2,8.0,0.295,0.221,False,9.11,8.96,13.24,restore_sp2,degrade,1.016,0.016,0.0,0.478
degrade,0.064,restore_sp2,0.0,Z-Image-Turbo,1024x1024,30,3,27,none,0.1,0.295,0.221,False,33.18,31.19,32.16,restore_sp2,restart,1.031,0.064,0.0,0.031
degrade,0.051,restore_sp2,0.0,Z-Image-Turbo,1024x1024,30,3,27,none,8.0,0.295,0.221,False,41.08,39.09,40.06,restore_sp2,restart,1.025,0.051,0.0,0.025
degrade,0.0,degrade,0.0,Z-Image-Turbo,1024x1024,30,3,27,sp1,0.1,0.295,0.221,False,8.58,31.19,32.16,degrade,restore_sp2,3.635,0.0,2.635,2.747
degrade,0.0,degrade,0.0,Z-Image-Turbo,1024x1024,30,3,27,sp1,8.0,0.295,0.221,False,16.48,39.09,40.06,degrade,restore_sp2,2.372,0.0,1.372,1.43
restore_sp2,0.0,restore_sp2,0.0,Z-Image-Turbo,1024x1024,30,3,27,sp1+sp2,0.1,0.295,0.221,False,8.58,6.59,7.56,restore_sp2,restart,1.146,0.302,0.0,0.146
restore_sp2,0.0,restore_sp2,0.0,Z-Image-Turbo,1024x1024,30,3,27,sp1+sp2,8.0,0.295,0.221,False,16.48,14.49,15.46,restore_sp2,restart,1.067,0.137,0.0,0.067
degrade,0.054,restore_sp2,0.0,Z-Image-Turbo,1024x1024,30,8,22,none,0.1,0.295,0.221,False,31.71,30.09,32.16,restore_sp2,degrade,1.054,0.054,0.0,0.069
degrade,0.043,restore_sp2,0.0,Z-Image-Turbo,1024x1024,30,8,22,none,8.0,0.295,0.221,False,39.61,37.99,40.06,restore_sp2,degrade,1.043,0.043,0.0,0.055
degrade,0.0,degrade,0.0,Z-Image-Turbo,1024x1024,30,8,22,sp1,0.1,0.295,0.221,False,7.11,30.09,32.16,degrade,restore_sp2,4.233,0.0,3.233,3.524
degrade,0.0,degrade,0.0,Z-Image-Turbo,1024x1024,30,8,22,sp1,8.0,0.295,0.221,False,15.01,37.99,40.06,degrade,restore_sp2,2.531,0.0,1.531,1.669
restore_sp2,0.0,restore_sp2,0.0,Z-Image-Turbo,1024x1024,30,8,22,sp1+sp2,0.1,0.295,0.221,False,7.11,5.49,7.56,restore_sp2,degrade,1.296,0.296,0.0,0.377
restore_sp2,0.0,restore_sp2,0.0,Z-Image-Turbo,1024x1024,30,8,22,sp1+sp2,8.0,0.295,0.221,False,15.01,13.39,15.46,restore_sp2,degrade,1.121,0.121,0.0,0.155
degrade,0.039,restore_sp2,0.0,Z-Image-Turbo,1024x1024,30,15,15,none,0.1,0.295,0.221,False,29.64,28.54,32.16,restore_sp2,degrade,1.039,0.039,0.0,0.127
degrade,0.03,restore_sp2,0.0,Z-Image-Turbo,1024x1024,30,15,15,none,8.0,0.295,0.221,False,37.54,36.44,40.06,restore_sp2,degrade,1.03,0.03,0.0,0.099
degrade,0.0,degrade,0.0,Z-Image-Turbo,1024x1024,30,15,15,sp1,0.1,0.295,0.221,False,5.04,28.54,32.16,degrade,restore_sp2,5.66,0.0,4.66,5.378
degrade,0.0,degrade,0.0,Z-Image-Turbo,1024x1024,30,15,15,sp1,8.0,0.295,0.221,False,12.94,36.44,40.06,degrade,restore_sp2,2.815,0.0,1.815,2.095
restore_sp2,0.0,restore_sp2,0.0,Z-Image-Turbo,1024x1024,30,15,15,sp1+sp2,0.1,0.295,0.221,False,5.04,3.94,7.56,restore_sp2,degrade,1.281,0.281,0.0,0.919
restore_sp2,0.0,restore_sp2,0.0,Z-Image-Turbo,1024x1024,30,15,15,sp1+sp2,8.0,0.295,0.221,False,12.94,11.84,15.46,restore_sp2,degrade,1.093,0.093,0.0,0.306
degrade,0.022,restore_sp2,0.0,Z-Image-Turbo,1024x1024,30,22,8,none,0.1,0.295,0.221,False,27.58,26.99,32.16,restore_sp2,degrade,1.022,0.022,0.0,0.192
degrade,0.017,restore_sp2,0.0,Z-Image-Turbo,1024x1024,30,22,8,none,8.0,0.295,0.221,False,35.48,34.89,40.06,restore_sp2,degrade,1.017,0.017,0.0,0.148
degrade,0.0,degrade,0.0,Z-Image-Turbo,1024x1024,30,22,8,sp1,0.1,0.295,0.221,False,2.98,26.99,32.16,degrade,restore_sp2,9.065,0.0,8.065,9.801
degrade,0.0,degrade,0.0,Z-Image-Turbo,1024x1024,30,22,8,sp1,8.0,0.295,0.221,False,10.88,34.89,40.06,degrade,restore_sp2,3.207,0.0,2.207,2.683
restore_sp2,0.0,restore_sp2,0.0,Z-Image-Turbo,1024x1024,30,22,8,sp1+sp2,0.1,0.295,0.221,False,2.98,2.39,7.56,restore_sp2,degrade,1.247,0.247,0.0,2.165
restore_sp2,0.0,restore_sp2,0.0,Z-Image-Turbo,1024x1024,30,22,8,sp1+sp2,8.0,0.295,0.221,False,10.88,10.29,15.46,restore_sp2,degrade,1.057,0.057,0.0,0.502
degrade,0.009,restore_sp2,0.0,Z-Image-Turbo,1024x1024,30,27,3,none,0.1,0.295,0.221,False,26.1,25.88,32.16,restore_sp2,degrade,1.009,0.009,0.0,0.242
degrade,0.007,restore_sp2,0.0,Z-Image-Turbo,1024x1024,30,27,3,none,8.0,0.295,0.221,False,34.0,33.78,40.06,restore_sp2,degrade,1.007,0.007,0.0,0.186
degrade,0.0,degrade,0.0,Z-Image-Turbo,1024x1024,30,27,3,sp1,0.1,0.295,0.221,False,1.5,25.88,32.16,degrade,restore_sp2,17.23,0.0,16.23,20.407
degrade,0.0,degrade,0.0,Z-Image-Turbo,1024x1024,30,27,3,sp1,8.0,0.295,0.221,False,9.4,33.78,40.06,degrade,restore_sp2,3.593,0.0,2.593,3.26
restore_sp2,0.0,restore_sp2,0.0,Z-Image-Turbo,1024x1024,30,27,3,sp1+sp2,0.1,0.295,0.221,False,1.5,1.28,7.56,restore_sp2,degrade,1.173,0.173,0.0,4.899
restore_sp2,0.0,restore_sp2,0.0,Z-Image-Turbo,1024x1024,30,27,3,sp1+sp2,8.0,0.295,0.221,False,9.4,9.18,15.46,restore_sp2,degrade,1.024,0.024,0.0,0.683
degrade,0.094,restore_sp2,0.0,Z-Image-Turbo,1024x1024,50,5,45,none,0.1,0.295,0.221,False,38.49,35.18,36.58,restore_sp2,restart,1.04,0.094,0.0,0.04
degrade,0.077,restore_sp2,0.0,Z-Image-Turbo,1024x1024,50,5,45,none,8.0,0.295,0.221,False,46.39,43.08,44.48,restore_sp2,restart,1.033,0.077,0.0,0.033
degrade,0.0,degrade,0.0,Z-Image-Turbo,1024x1024,50,5,45,sp1,0.1,0.295,0.221,False,13.89,35.18,36.58,degrade,restore_sp2,2.532,0.0,1.532,1.633
degrade,0.0,degrade,0.0,Z-Image-Turbo,1024x1024,50,5,45,sp1,8.0,0.295,0.221,False,21.79,43.08,44.48,degrade,restore_sp2,1.977,0.0,0.977,1.041
restore_sp2,0.0,restore_sp2,0.0,Z-Image-Turbo,1024x1024,50,5,45,sp1+sp2,0.1,0.295,0.221,False,13.89,10.58,11.98,restore_sp2,restart,1.133,0.314,0.0,0.133
restore_sp2,0.0,restore_sp2,0.0,Z-Image-Turbo,1024x1024,50,5,45,sp1+sp2,8.0,0.295,0.221,False,21.79,18.48,19.88,restore_sp2,restart,1.076,0.18,0.0,0.076
degrade,0.083,restore_sp2,0.0,Z-Image-Turbo,1024x1024,50,12,38,none,0.1,0.295,0.221,False,36.43,33.63,36.58,restore_sp2,degrade,1.083,0.083,0.0,0.088
degrade,0.067,restore_sp2,0.0,Z-Image-Turbo,1024x1024,50,12,38,none,8.0,0.295,0.221,False,44.33,41.53,44.48,restore_sp2,degrade,1.067,0.067,0.0,0.071
degrade,0.0,degrade,0.0,Z-Image-Turbo,1024x1024,50,12,38,sp1,0.1,0.295,0.221,False,11.83,33.63,36.58,degrade,restore_sp2,2.843,0.0,1.843,2.093
degrade,0.0,degrade,0.0,Z-Image-Turbo,1024x1024,50,12,38,sp1,8.0,0.295,0.221,False,19.73,41.53,44.48,degrade,restore_sp2,2.105,0.0,1.105,1.255
restore_sp2,0.0,restore_sp2,0.0,Z-Image-Turbo,1024x1024,50,12,38,sp1+sp2,0.1,0.295,0.221,False,11.83,9.03,11.98,restore_sp2,degrade,1.31,0.31,0.0,0.327
restore_sp2,0.0,restore_sp2,0.0,Z-Image-Turbo,1024x1024,50,12,38,sp1+sp2,8.0,0.295,0.221,False,19.73,16.93,19.88,restore_sp2,degrade,1.165,0.165,0.0,0.175
degrade,0.06,restore_sp2,0.0,Z-Image-Turbo,1024x1024,50,25,25,none,0.1,0.295,0.221,False,32.59,30.75,36.58,restore_sp2,degrade,1.06,0.06,0.0,0.19
degrade,0.048,restore_sp2,0.0,Z-Image-Turbo,1024x1024,50,25,25,none,8.0,0.295,0.221,False,40.49,38.65,44.48,restore_sp2,degrade,1.048,0.048,0.0,0.151
degrade,0.0,degrade,0.0,Z-Image-Turbo,1024x1024,50,25,25,sp1,0.1,0.295,0.221,False,7.99,30.75,36.58,degrade,restore_sp2,3.847,0.0,2.847,3.577
degrade,0.0,degrade,0.0,Z-Image-Turbo,1024x1024,50,25,25,sp1,8.0,0.295,0.221,False,15.89,38.65,44.48,degrade,restore_sp2,2.432,0.0,1.432,1.799
restore_sp2,0.0,restore_sp2,0.0,Z-Image-Turbo,1024x1024,50,25,25,sp1+sp2,0.1,0.295,0.221,False,7.99,6.15,11.98,restore_sp2,degrade,1.3,0.3,0.0,0.948
restore_sp2,0.0,restore_sp2,0.0,Z-Image-Turbo,1024x1024,50,25,25,sp1+sp2,8.0,0.295,0.221,False,15.89,14.05,19.88,restore_sp2,degrade,1.131,0.131,0.0,0.415
degrade,0.032,restore_sp2,0.0,Z-Image-Turbo,1024x1024,50,38,12,none,0.1,0.295,0.221,False,28.76,27.87,36.58,restore_sp2,degrade,1.032,0.032,0.0,0.312
degrade,0.025,restore_sp2,0.0,Z-Image-Turbo,1024x1024,50,38,12,none,8.0,0.295,0.221,False,36.66,35.77,44.48,restore_sp2,degrade,1.025,0.025,0.0,0.243
degrade,0.0,degrade,0.0,Z-Image-Turbo,1024x1024,50,38,12,sp1,0.1,0.295,0.221,False,4.16,27.87,36.58,degrade,restore_sp2,6.705,0.0,5.705,7.8
degrade,0.0,degrade,0.0,Z-Image-Turbo,1024x1024,50,38,12,sp1,8.0,0.295,0.221,False,12.06,35.77,44.48,degrade,restore_sp2,2.967,0.0,1.967,2.689
restore_sp2,0.0,restore_sp2,0.0,Z-Image-Turbo,1024x1024,50,38,12,sp1+sp2,0.1,0.295,0.221,False,4.16,3.27,11.98,restore_sp2,degrade,1.27,0.27,0.0,2.661
restore_sp2,0.0,restore_sp2,0.0,Z-Image-Turbo,1024x1024,50,38,12,sp1+sp2,8.0,0.295,0.221,False,12.06,11.17,19.88,restore_sp2,degrade,1.079,0.079,0.0,0.78
degrade,0.014,restore_sp2,0.0,Z-Image-Turbo,1024x1024,50,45,5,none,0.1,0.295,0.221,False,26.69,26.32,36.58,restore_sp2,degrade,1.014,0.014,0.0,0.39
degrade,0.011,restore_sp2,0.0,Z-Image-Turbo,1024x1024,50,45,5,none,8.0,0.295,0.221,False,34.59,34.22,44.48,restore_sp2,degrade,1.011,0.011,0.0,0.3
degrade,0.0,degrade,0.0,Z-Image-Turbo,1024x1024,50,45,5,sp1,0.1,0.295,0.221,False,2.09,26.32,36.58,degrade,restore_sp2,12.582,0.0,11.582,16.486
degrade,0.0,degrade,0.0,Z-Image-Turbo,1024x1024,50,45,5,sp1,8.0,0.295,0.221,False,9.99,34.22,44.48,degrade,restore_sp2,3.425,0.0,2.425,3.452
restore_sp2,0.0,restore_sp2,0.0,Z-Image-Turbo,1024x1024,50,45,5,sp1+sp2,0.1,0.295,0.221,False,2.09,1.72,11.98,restore_sp2,degrade,1.214,0.214,0.0,5.952
restore_sp2,0.0,restore_sp2,0.0,Z-Image-Turbo,1024x1024,50,45,5,sp1+sp2,8.0,0.295,0.221,False,9.99,9.62,19.88,restore_sp2,degrade,1.038,0.038,0.0,1.066
degrade,0.045,restore_sp2,0.0,Z-Image-Turbo,1536x1536,9,1,8,none,0.1,0.703,0.528,True,32.3,30.9,31.69,restore_sp2,restart,1.026,0.045,0.0,0.026
degrade,0.036,restore_sp2,0.0,Z-Image-Turbo,1536x1536,9,1,8,none,8.0,0.703,0.528,True,40.2,38.8,39.59,restore_sp2,restart,1.021,0.036,0.0,0.021
degrade,0.0,degrade,0.0,Z-Image-Turbo,1536x1536,9,1,8,sp1,0.1,0.703,0.528,True,7.7,30.9,31.69,degrade,restore_sp2,4.013,0.0,3.013,3.116
degrade,0.0,degrade,0.0,Z-Image-Turbo,1536x1536,9,1,8,sp1,8.0,0.703,0.528,True,15.6,38.8,39.59,degrade,restore_sp2,2.487,0.0,1.487,1.538
restore_sp2,0.0,restore_sp2,0.0,Z-Image-Turbo,1536x1536,9,1,8,sp1+sp2,0.1,0.703,0.528,True,7.7,6.3,7.09,restore_sp2,restart,1.126,0.222,0.0,0.126
restore_sp2,0.0,restore_sp2,0.0,Z-Image-Turbo,1536x1536,9,1,8,sp1+sp2,8.0,0.703,0.528,True,15.6,14.2,14.99,restore_sp2,restart,1.056,0.099,0.0,0.056
degrade,0.04,restore_sp2,0.0,Z-Image-Turbo,1536x1536,9,2,7,none,0.1,0.703,0.528,True,31.6,30.37,31.69,restore_sp2,degrade,1.04,0.04,0.0,0.044
degrade,0.032,restore_sp2,0.0,Z-Image-Turbo,1536x1536,9,2,7,none,8.0,0.703,0.528,True,39.5,38.27,39.59,restore_sp2,degrade,1.032,0.032,0.0,0.035
degrade,0.0,degrade,0.0,Z-Image-Turbo,1536x1536,9,2,7,sp1,0.1,0.703,0.528,True,7.0,30.37,31.69,degrade,restore_sp2,4.341,0.0,3.341,3.53
degrade,0.0,degrade,0.0,Z-Image-Turbo,1536x1536,9,2,7,sp1,8.0,0.703,0.528,True,14.9,38.27,39.59,degrade,restore_sp2,2.569,0.0,1.569,1.658
restore_sp2,0.0,restore_sp2,0.0,Z-Image-Turbo,1536x1536,9,2,7,sp1+sp2,0.1,0.703,0.528,True,7.0,5.77,7.09,restore_sp2,degrade,1.212,0.212,0.0,0.229
restore_sp2,0.0,restore_sp2,0.0,Z-Image-Turbo,1536x1536,9,2,7,sp1+sp2,8.0,0.703,0.528,True,14.9,13.67,14.99,restore_sp2,degrade,1.09,0.09,0.0,0.097
degrade,0.03,restore_sp2,0.0,Z-Image-Turbo,1536x1536,9,4,5,none,0.1,0.703,0.528,True,30.19,29.32,31.69,restore_sp2,degrade,1.03,0.03,0.0,0.081
degrade,0.024,restore_sp2,0.0,Z-Image-Turbo,1536x1536,9,4,5,none,8.0,0.703,0.528,True,38.09,37.22,39.59,restore_sp2,degrade,1.024,0.024,0.0,0.064
degrade,0.0,degrade,0.0,Z-Image-Turbo,1536x1536,9,4,5,sp1,0.1,0.703,0.528,True,5.59,29.32,31.69,degrade,restore_sp2,5.243,0.0,4.243,4.668
degrade,0.0,degrade,0.0,Z-Image-Turbo,1536x1536,9,4,5,sp1,8.0,0.703,0.528,True,13.49,37.22,39.59,degrade,restore_sp2,2.758,0.0,1.758,1.935
restore_sp2,0.0,restore_sp2,0.0,Z-Image-Turbo,1536x1536,9,4,5,sp1+sp2,0.1,0.703,0.528,True,5.59,4.72,7.09,restore_sp2,degrade,1.186,0.186,0.0,0.504
restore_sp2,0.0,restore_sp2,0.0,Z-Image-Turbo,1536x1536,9,4,5,sp1+sp2,8.0,0.703,0.528,True,13.49,12.62,14.99,restore_sp2,degrade,1.069,0.069,0.0,0.189
degrade,0.013,restore_sp2,0.0,Z-Image-Turbo,1536x1536,9,7,2,none,0.1,0.703,0.528,True,28.08,27.73,31.69,restore_sp2,degrade,1.013,0.013,0.0,0.143
degrade,0.01,restore_sp2,0.0,Z-Image-Turbo,1536x1536,9,7,2,none,8.0,0.703,0.528,True,35.98,35.63,39.59,restore_sp2,degrade,1.01,0.01,0.0,0.111
degrade,0.0,degrade,0.0,Z-Image-Turbo,1536x1536,9,7,2,sp1,0.1,0.703,0.528,True,3.48,27.73,31.69,degrade,restore_sp2,7.961,0.0,6.961,8.099
degrade,0.0,degrade,0.0,Z-Image-Turbo,1536x1536,9,7,2,sp1,8.0,0.703,0.528,True,11.38,35.63,39.59,degrade,restore_sp2,3.13,0.0,2.13,2.478
restore_sp2,0.0,restore_sp2,0.0,Z-Image-Turbo,1536x1536,9,7,2,sp1+sp2,0.1,0.703,0.528,True,3.48,3.13,7.09,restore_sp2,degrade,1.112,0.112,0.0,1.264
restore_sp2,0.0,restore_sp2,0.0,Z-Image-Turbo,1536x1536,9,7,2,sp1+sp2,8.0,0.703,0.528,True,11.38,11.03,14.99,restore_sp2,degrade,1.032,0.032,0.0,0.359
degrade,0.006,restore_sp2,0.0,Z-Image-Turbo,1536x1536,9,8,1,none,0.1,0.703,0.528,True,27.38,27.21,31.69,restore_sp2,degrade,1.006,0.006,0.0,0.165
degrade,0.005,restore_sp2,0.0,Z-Image-Turbo,1536x1536,9,8,1,none,8.0,0.703,0.528,True,35.28,35.11,39.59,restore_sp2,degrade,1.005,0.005,0.0,0.128
degrade,0.0,degrade,0.0,Z-Image-Turbo,1536x1536,9,8,1,sp1,0.1,0.703,0.528,True,2.78,27.21,31.69,degrade,restore_sp2,9.784,0.0,8.784,10.398
degrade,0.0,degrade,0.0,Z-Image-Turbo,1536x1536,9,8,1,sp1,8.0,0.703,0.528,True,10.68,35.11,39.59,degrade,restore_sp2,3.287,0.0,2.287,2.707
restore_sp2,0.0,restore_sp2,0.0,Z-Image-Turbo,1536x1536,9,8,1,sp1+sp2,0.1,0.703,0.528,True,2.78,2.61,7.09,restore_sp2,degrade,1.067,0.067,0.0,1.723
restore_sp2,0.0,restore_sp2,0.0,Z-Image-Turbo,1536x1536,9,8,1,sp1+sp2,8.0,0.703,0.528,True,10.68,10.51,14.99,restore_sp2,degrade,1.017,0.017,0.0,0.427
degrade,0.087,restore_sp2,0.0,Z-Image-Turbo,1536x1536,20,2,18,none,0.1,0.703,0.528,True,39.33,36.17,37.5,restore_sp2,restart,1.037,0.087,0.0,0.037
degrade,0.071,restore_sp2,0.0,Z-Image-Turbo,1536x1536,20,2,18,none,8.0,0.703,0.528,True,47.23,44.07,45.4,restore_sp2,restart,1.03,0.071,0.0,0.03
degrade,0.0,degrade,0.0,Z-Image-Turbo,1536x1536,20,2,18,sp1,0.1,0.703,0.528,True,14.73,36.17,37.5,degrade,restore_sp2,2.456,0.0,1.456,1.546
degrade,0.0,degrade,0.0,Z-Image-Turbo,1536x1536,20,2,18,sp1,8.0,0.703,0.528,True,22.63,44.07,45.4,degrade,restore_sp2,1.948,0.0,0.948,1.006
restore_sp2,0.0,restore_sp2,0.0,Z-Image-Turbo,1536x1536,20,2,18,sp1+sp2,0.1,0.703,0.528,True,14.73,11.57,12.9,restore_sp2,restart,1.114,0.272,0.0,0.114
restore_sp2,0.0,restore_sp2,0.0,Z-Image-Turbo,1536x1536,20,2,18,sp1+sp2,8.0,0.703,0.528,True,22.63,19.47,20.8,restore_sp2,restart,1.068,0.162,0.0,0.068
degrade,0.076,restore_sp2,0.0,Z-Image-Turbo,1536x1536,20,5,15,none,0.1,0.703,0.528,True,37.22,34.59,37.5,restore_sp2,degrade,1.076,0.076,0.0,0.084
degrade,0.062,restore_sp2,0.0,Z-Image-Turbo,1536x1536,20,5,15,none,8.0,0.703,0.528,True,45.12,42.49,45.4,restore_sp2,degrade,1.062,0.062,0.0,0.068
degrade,0.0,degrade,0.0,Z-Image-Turbo,1536x1536,20,5,15,sp1,0.1,0.703,0.528,True,12.62,34.59,37.5,degrade,restore_sp2,2.741,0.0,1.741,1.972
degrade,0.0,degrade,0.0,Z-Image-Turbo,1536x1536,20,5,15,sp1,8.0,0.703,0.528,True,20.52,42.49,45.4,degrade,restore_sp2,2.071,0.0,1.071,1.213
restore_sp2,0.0,restore_sp2,0.0,Z-Image-Turbo,1536x1536,20,5,15,sp1+sp2,0.1,0.703,0.528,True,12.62,9.99,12.9,restore_sp2,degrade,1.263,0.263,0.0,0.291
restore_sp2,0.0,restore_sp2,0.0,Z-Image-Turbo,1536x1536,20,5,15,sp1+sp2,8.0,0.703,0.528,True,20.52,17.89,20.8,restore_sp2,degrade,1.147,0.147,0.0,0.162
degrade,0.055,restore_sp2,0.0,Z-Image-Turbo,1536x1536,20,10,10,none,0.1,0.703,0.528,True,33.7,31.95,37.5,restore_sp2,degrade,1.055,0.055,0.0,0.174
degrade,0.044,restore_sp2,0.0,Z-Image-Turbo,1536x1536,20,10,10,none,8.0,0.703,0.528,True,41.6,39.85,45.4,restore_sp2,degrade,1.044,0.044,0.0,0.139
degrade,0.0,degrade,0.0,Z-Image-Turbo,1536x1536,20,10,10,sp1,0.1,0.703,0.528,True,9.1,31.95,37.5,degrade,restore_sp2,3.51,0.0,2.51,3.119
degrade,0.0,degrade,0.0,Z-Image-Turbo,1536x1536,20,10,10,sp1,8.0,0.703,0.528,True,17.0,39.85,45.4,degrade,restore_sp2,2.344,0.0,1.344,1.67
restore_sp2,0.0,restore_sp2,0.0,Z-Image-Turbo,1536x1536,20,10,10,sp1+sp2,0.1,0.703,0.528,True,9.1,7.35,12.9,restore_sp2,degrade,1.238,0.238,0.0,0.754
restore_sp2,0.0,restore_sp2,0.0,Z-Image-Turbo,1536x1536,20,10,10,sp1+sp2,8.0,0.703,0.528,True,17.0,15.25,20.8,restore_sp2,degrade,1.115,0.115,0.0,0.363
degrade,0.03,restore_sp2,0.0,Z-Image-Turbo,1536x1536,20,15,5,none,0.1,0.703,0.528,True,30.19,29.32,37.5,restore_sp2,degrade,1.03,0.03,0.0,0.279
degrade,0.024,restore_sp2,0.0,Z-Image-Turbo,1536x1536,20,15,5,none,8.0,0.703,0.528,True,38.09,37.22,45.4,restore_sp2,degrade,1.024,0.024,0.0,0.22
degrade,0.0,degrade,0.0,Z-Image-Turbo,1536x1536,20,15,5,sp1,0.1,0.703,0.528,True,5.59,29.32,37.5,degrade,restore_sp2,5.243,0.0,4.243,5.706
degrade,0.0,degrade,0.0,Z-Image-Turbo,1536x1536,20,15,5,sp1,8.0,0.703,0.528,True,13.49,37.22,45.4,degrade,restore_sp2,2.758,0.0,1.758,2.365
restore_sp2,0.0,restore_sp2,0.0,Z-Image-Turbo,1536x1536,20,15,5,sp1+sp2,0.1,0.703,0.528,True,5.59,4.72,12.9,restore_sp2,degrade,1.186,0.186,0.0,1.735
restore_sp2,0.0,restore_sp2,0.0,Z-Image-Turbo,1536x1536,20,15,5,sp1+sp2,8.0,0.703,0.528,True,13.49,12.62,20.8,restore_sp2,degrade,1.069,0.069,0.0,0.649
degrade,0.013,restore_sp2,0.0,Z-Image-Turbo,1536x1536,20,18,2,none,0.1,0.703,0.528,True,28.08,27.73,37.5,restore_sp2,degrade,1.013,0.013,0.0,0.352
degrade,0.01,restore_sp2,0.0,Z-Image-Turbo,1536x1536,20,18,2,none,8.0,0.703,0.528,True,35.98,35.63,45.4,restore_sp2,degrade,1.01,0.01,0.0,0.274
degrade,0.0,degrade,0.0,Z-Image-Turbo,1536x1536,20,18,2,sp1,0.1,0.703,0.528,True,3.48,27.73,37.5,degrade,restore_sp2,7.961,0.0,6.961,9.765
degrade,0.0,degrade,0.0,Z-Image-Turbo,1536x1536,20,18,2,sp1,8.0,0.703,0.528,True,11.38,35.63,45.4,degrade,restore_sp2,3.13,0.0,2.13,2.988
restore_sp2,0.0,restore_sp2,0.0,Z-Image-Turbo,1536x1536,20,18,2,sp1+sp2,0.1,0.703,0.528,True,3.48,3.13,12.9,restore_sp2,degrade,1.112,0.112,0.0,3.117
restore_sp2,0.0,restore_sp2,0.0,Z-Image-Turbo,1536x1536,20,18,2,sp1+sp2,8.0,0.703,0.528,True,11.38,11.03,20.8,restore_sp2,degrade,1.032,0.032,0.0,0.885
degrade,0.116,restore_sp2,0.0,Z-Image-Turbo,1536x1536,30,3,27,none,0.1,0.703,0.528,True,45.65,40.92,42.77,restore_sp2,restart,1.045,0.116,0.0,0.045
degrade,0.097,restore_sp2,0.0,Z-Image-Turbo,1536x1536,30,3,27,none,8.0,0.703,0.528,True,53.55,48.82,50.67,restore_sp2,restart,1.038,0.097,0.0,0.038
degrade,0.0,degrade,0.0,Z-Image-Turbo,1536x1536,30,3,27,sp1,0.1,0.703,0.528,True,21.05,40.92,42.77,degrade,restore_sp2,1.944,0.0,0.944,1.032
degrade,0.0,degrade,0.0,Z-Image-Turbo,1536x1536,30,3,27,sp1,8.0,0.703,0.528,True,28.95,48.82,50.67,degrade,restore_sp2,1.686,0.0,0.686,0.75
restore_sp2,0.0,restore_sp2,0.0,Z-Image-Turbo,1536x1536,30,3,27,sp1+sp2,0.1,0.703,0.528,True,21.05,16.32,18.17,restore_sp2,restart,1.113,0.29,0.0,0.113
restore_sp2,0.0,restore_sp2,0.0,Z-Image-Turbo,1536x1536,30,3,27,sp1+sp2,8.0,0.703,0.528,True,28.95,24.22,26.07,restore_sp2,restart,1.076,0.195,0.0,0.076
degrade,0.101,restore_sp2,0.0,Z-Image-Turbo,1536x1536,30,8,22,none,0.1,0.703,0.528,True,42.14,38.29,42.77,restore_sp2,degrade,1.101,0.101,0.0,0.117
degrade,0.083,restore_sp2,0.0,Z-Image-Turbo,1536x1536,30,8,22,none,8.0,0.703,0.528,True,50.04,46.19,50.67,restore_sp2,degrade,1.083,0.083,0.0,0.097
degrade,0.0,degrade,0.0,Z-Image-Turbo,1536x1536,30,8,22,sp1,0.1,0.703,0.528,True,17.54,38.29,42.77,degrade,restore_sp2,2.183,0.0,1.183,1.439
degrade,0.0,degrade,0.0,Z-Image-Turbo,1536x1536,30,8,22,sp1,8.0,0.703,0.528,True,25.44,46.19,50.67,degrade,restore_sp2,1.816,0.0,0.816,0.992
restore_sp2,0.0,restore_sp2,0.0,Z-Image-Turbo,1536x1536,30,8,22,sp1+sp2,0.1,0.703,0.528,True,17.54,13.69,18.17,restore_sp2,degrade,1.281,0.281,0.0,0.328
restore_sp2,0.0,restore_sp2,0.0,Z-Image-Turbo,1536x1536,30,8,22,sp1+sp2,8.0,0.703,0.528,True,25.44,21.59,26.07,restore_sp2,degrade,1.178,0.178,0.0,0.208
degrade,0.076,restore_sp2,0.0,Z-Image-Turbo,1536x1536,30,15,15,none,0.1,0.703,0.528,True,37.22,34.59,42.77,restore_sp2,degrade,1.076,0.076,0.0,0.237
degrade,0.062,restore_sp2,0.0,Z-Image-Turbo,1536x1536,30,15,15,none,8.0,0.703,0.528,True,45.12,42.49,50.67,restore_sp2,degrade,1.062,0.062,0.0,0.193
degrade,0.0,degrade,0.0,Z-Image-Turbo,1536x1536,30,15,15,sp1,0.1,0.703,0.528,True,12.62,34.59,42.77,degrade,restore_sp2,2.741,0.0,1.741,2.39
degrade,0.0,degrade,0.0,Z-Image-Turbo,1536x1536,30,15,15,sp1,8.0,0.703,0.528,True,20.52,42.49,50.67,degrade,restore_sp2,2.071,0.0,1.071,1.47
restore_sp2,0.0,restore_sp2,0.0,Z-Image-Turbo,1536x1536,30,15,15,sp1+sp2,0.1,0.703,0.528,True,12.62,9.99,18.17,restore_sp2,degrade,1.263,0.263,0.0,0.819
restore_sp2,0.0,restore_sp2,0.0,Z-Image-Turbo,1536x1536,30,15,15,sp1+sp2,8.0,0.703,0.528,True,20.52,17.89,26.07,restore_sp2,degrade,1.147,0.147,0.0,0.457
degrade,0.045,restore_sp2,0.0,Z-Image-Turbo,1536x1536,30,22,8,none,0.1,0.703,0.528,True,32.3,30.9,42.77,restore_sp2,degrade,1.045,0.045,0.0,0.384
degrade,0.036,restore_sp2,0.0,Z-Image-Turbo,1536x1536,30,22,8,none,8.0,0.703,0.528,True,40.2,38.8,50.67,restore_sp2,degrade,1.036,0.036,0.0,0.306
degrade,0.0,degrade,0.0,Z-Image-Turbo,1536x1536,30,22,8,sp1,0.1,0.703,0.528,True,7.7,30.9,42.77,degrade,restore_sp2,4.013,0.0,3.013,4.555
degrade,0.0,degrade,0.0,Z-Image-Turbo,1536x1536,30,22,8,sp1,8.0,0.703,0.528,True,15.6,38.8,50.67,degrade,restore_sp2,2.487,0.0,1.487,2.248
restore_sp2,0.0,restore_sp2,0.0,Z-Image-Turbo,1536x1536,30,22,8,sp1+sp2,0.1,0.703,0.528,True,7.7,6.3,18.17,restore_sp2,degrade,1.222,0.222,0.0,1.885
restore_sp2,0.0,restore_sp2,0.0,Z-Image-Turbo,1536x1536,30,22,8,sp1+sp2,8.0,0.703,0.528,True,15.6,14.2,26.07,restore_sp2,degrade,1.099,0.099,0.0,0.836
degrade,0.019,restore_sp2,0.0,Z-Image-Turbo,1536x1536,30,27,3,none,0.1,0.703,0.528,True,28.79,28.26,42.77,restore_sp2,degrade,1.019,0.019,0.0,0.514
degrade,0.015,restore_sp2,0.0,Z-Image-Turbo,1536x1536,30,27,3,none,8.0,0.703,0.528,True,36.69,36.16,50.67,restore_sp2,degrade,1.015,0.015,0.0,0.401
degrade,0.0,degrade,0.0,Z-Image-Turbo,1536x1536,30,27,3,sp1,0.1,0.703,0.528,True,4.19,28.26,42.77,degrade,restore_sp2,6.751,0.0,5.751,9.218
degrade,0.0,degrade,0.0,Z-Image-Turbo,1536x1536,30,27,3,sp1,8.0,0.703,0.528,True,12.09,36.16,50.67,degrade,restore_sp2,2.992,0.0,1.992,3.193
restore_sp2,0.0,restore_sp2,0.0,Z-Image-Turbo,1536x1536,30,27,3,sp1+sp2,0.1,0.703,0.528,True,4.19,3.66,18.17,restore_sp2,degrade,1.143,0.143,0.0,3.964
restore_sp2,0.0,restore_sp2,0.0,Z-Image-Turbo,1536x1536,30,27,3,sp1+sp2,8.0,0.703,0.528,True,12.09,11.56,26.07,restore_sp2,degrade,1.045,0.045,0.0,1.255
degrade,0.156,restore_sp2,0.0,Z-Image-Turbo,1536x1536,50,5,45,none,0.1,0.703,0.528,True,58.3,50.42,53.33,restore_sp2,restart,1.058,0.156,0.0,0.058
degrade,0.135,restore_sp2,0.0,Z-Image-Turbo,1536x1536,50,5,45,none,8.0,0.703,0.528,True,66.2,58.32,61.23,restore_sp2,restart,1.05,0.135,0.0,0.05
degrade,0.0,degrade,0.0,Z-Image-Turbo,1536x1536,50,5,45,sp1,0.1,0.703,0.528,True,33.7,50.42,53.33,degrade,restore_sp2,1.496,0.0,0.496,0.582
degrade,0.0,degrade,0.0,Z-Image-Turbo,1536x1536,50,5,45,sp1,8.0,0.703,0.528,True,41.6,58.32,61.23,degrade,restore_sp2,1.402,0.0,0.402,0.472
restore_sp2,0.0,restore_sp2,0.0,Z-Image-Turbo,1536x1536,50,5,45,sp1+sp2,0.1,0.703,0.528,True,33.7,25.82,28.73,restore_sp2,restart,1.113,0.305,0.0,0.113
restore_sp2,0.0,restore_sp2,0.0,Z-Image-Turbo,1536x1536,50,5,45,sp1+sp2,8.0,0.703,0.528,True,41.6,33.72,36.63,restore_sp2,restart,1.086,0.234,0.0,0.086
degrade,0.142,restore_sp2,0.0,Z-Image-Turbo,1536x1536,50,12,38,none,0.1,0.703,0.528,True,53.38,46.73,53.33,restore_sp2,restart,1.141,0.142,0.0,0.141
degrade,0.122,restore_sp2,0.0,Z-Image-Turbo,1536x1536,50,12,38,none,8.0,0.703,0.528,True,61.28,54.63,61.23,restore_sp2,restart,1.121,0.122,0.0,0.121
degrade,0.0,degrade,0.0,Z-Image-Turbo,1536x1536,50,12,38,sp1,0.1,0.703,0.528,True,28.78,46.73,53.33,degrade,restore_sp2,1.624,0.0,0.624,0.853
degrade,0.0,degrade,0.0,Z-Image-Turbo,1536x1536,50,12,38,sp1,8.0,0.703,0.528,True,36.68,54.63,61.23,degrade,restore_sp2,1.489,0.0,0.489,0.669
restore_sp2,0.0,restore_sp2,0.0,Z-Image-Turbo,1536x1536,50,12,38,sp1+sp2,0.1,0.703,0.528,True,28.78,22.13,28.73,restore_sp2,restart,1.298,0.301,0.0,0.298
restore_sp2,0.0,restore_sp2,0.0,Z-Image-Turbo,1536x1536,50,12,38,sp1+sp2,8.0,0.703,0.528,True,36.68,30.03,36.63,restore_sp2,restart,1.22,0.222,0.0,0.22
degrade,0.11,restore_sp2,0.0,Z-Image-Turbo,1536x1536,50,25,25,none,0.1,0.703,0.528,True,44.24,39.87,53.33,restore_sp2,degrade,1.11,0.11,0.0,0.338
degrade,0.092,restore_sp2,0.0,Z-Image-Turbo,1536x1536,50,25,25,none,8.0,0.703,0.528,True,52.14,47.77,61.23,restore_sp2,degrade,1.092,0.092,0.0,0.282
degrade,0.0,degrade,0.0,Z-Image-Turbo,1536x1536,50,25,25,sp1,0.1,0.703,0.528,True,19.64,39.87,53.33,degrade,restore_sp2,2.029,0.0,1.029,1.715
degrade,0.0,degrade,0.0,Z-Image-Turbo,1536x1536,50,25,25,sp1,8.0,0.703,0.528,True,27.54,47.77,61.23,degrade,restore_sp2,1.734,0.0,0.734,1.223
restore_sp2,0.0,restore_sp2,0.0,Z-Image-Turbo,1536x1536,50,25,25,sp1+sp2,0.1,0.703,0.528,True,19.64,15.27,28.73,restore_sp2,degrade,1.287,0.287,0.0,0.881
restore_sp2,0.0,restore_sp2,0.0,Z-Image-Turbo,1536x1536,50,25,25,sp1+sp2,8.0,0.703,0.528,True,27.54,23.17,36.63,restore_sp2,degrade,1.189,0.189,0.0,0.581
degrade,0.064,restore_sp2,0.0,Z-Image-Turbo,1536x1536,50,38,12,none,0.1,0.703,0.528,True,35.11,33.01,53.33,restore_sp2,degrade,1.064,0.064,0.0,0.615
degrade,0.051,restore_sp2,0.0,Z-Image-Turbo,1536x1536,50,38,12,none,8.0,0.703,0.528,True,43.01,40.91,61.23,restore_sp2,degrade,1.051,0.051,0.0,0.497
degrade,0.0,degrade,0.0,Z-Image-Turbo,1536x1536,50,38,12,sp1,0.1,0.703,0.528,True,10.51,33.01,53.33,degrade,restore_sp2,3.141,0.0,2.141,4.074
degrade,0.0,degrade,0.0,Z-Image-Turbo,1536x1536,50,38,12,sp1,8.0,0.703,0.528,True,18.41,40.91,61.23,degrade,restore_sp2,2.222,0.0,1.222,2.326
restore_sp2,0.0,restore_sp2,0.0,Z-Image-Turbo,1536x1536,50,38,12,sp1+sp2,0.1,0.703,0.528,True,10.51,8.41,28.73,restore_sp2,degrade,1.25,0.25,0.0,2.416
restore_sp2,0.0,restore_sp2,0.0,Z-Image-Turbo,1536x1536,50,38,12,sp1+sp2,8.0,0.703,0.528,True,18.41,16.31,36.63,restore_sp2,degrade,1.129,0.129,0.0,1.246
degrade,0.03,restore_sp2,0.0,Z-Image-Turbo,1536x1536,50,45,5,none,0.1,0.703,0.528,True,30.19,29.32,53.33,restore_sp2,degrade,1.03,0.03,0.0,0.819
degrade,0.024,restore_sp2,0.0,Z-Image-Turbo,1536x1536,50,45,5,none,8.0,0.703,0.528,True,38.09,37.22,61.23,restore_sp2,degrade,1.024,0.024,0.0,0.645
degrade,0.0,degrade,0.0,Z-Image-Turbo,1536x1536,50,45,5,sp1,0.1,0.703,0.528,True,5.59,29.32,53.33,degrade,restore_sp2,5.243,0.0,4.243,8.537
degrade,0.0,degrade,0.0,Z-Image-Turbo,1536x1536,50,45,5,sp1,8.0,0.703,0.528,True,13.49,37.22,61.23,degrade,restore_sp2,2.758,0.0,1.758,3.538
restore_sp2,0.0,restore_sp2,0.0,Z-Image-Turbo,1536x1536,50,45,5,sp1+sp2,0.1,0.703,0.528,True,5.59,4.72,28.73,restore_sp2,degrade,1.186,0.186,0.0,5.091
restore_sp2,0.0,restore_sp2,0.0,Z-Image-Turbo,1536x1536,50,45,5,sp1+sp2,8.0,0.703,0.528,True,13.49,12.62,36.63,restore_sp2,degrade,1.069,0.069,0.0,1.903
